Fitter report for cnu_project
Fri Aug  7 12:48:31 2026
Quartus Prime Version 22.1std.2 Build 922 07/20/2023 SC Lite Edition


---------------------
; Table of Contents ;
---------------------
  1. Legal Notice
  2. Fitter Summary
  3. Fitter Settings
  4. Parallel Compilation
  5. Fitter Netlist Optimizations
  6. Incremental Compilation Preservation Summary
  7. Incremental Compilation Partition Settings
  8. Incremental Compilation Placement Preservation
  9. Pin-Out File
 10. Fitter Resource Usage Summary
 11. Fitter Partition Statistics
 12. Input Pins
 13. Output Pins
 14. I/O Bank Usage
 15. All Package Pins
 16. I/O Assignment Warnings
 17. Fitter Resource Utilization by Entity
 18. Delay Chain Summary
 19. Pad To Core Delay Chain Fanout
 20. Control Signals
 21. Global & Other Fast Signals
 22. Non-Global High Fan-Out Signals
 23. Fitter RAM Summary
 24. Routing Usage Summary
 25. I/O Rules Summary
 26. I/O Rules Details
 27. I/O Rules Matrix
 28. Fitter Device Options
 29. Operating Settings and Conditions
 30. Estimated Delay Added for Hold Timing Summary
 31. Estimated Delay Added for Hold Timing Details
 32. Fitter Messages
 33. Fitter Suppressed Messages



----------------
; Legal Notice ;
----------------
Copyright (C) 2023  Intel Corporation. All rights reserved.
Your use of Intel Corporation's design tools, logic functions 
and other software and tools, and any partner logic 
functions, and any output files from any of the foregoing 
(including device programming or simulation files), and any 
associated documentation or information are expressly subject 
to the terms and conditions of the Intel Program License 
Subscription Agreement, the Intel Quartus Prime License Agreement,
the Intel FPGA IP License Agreement, or other applicable license
agreement, including, without limitation, that your use is for
the sole purpose of programming logic devices manufactured by
Intel and sold by Intel or its authorized distributors.  Please
refer to the applicable agreement for further details, at
https://fpgasoftware.intel.com/eula.



+----------------------------------------------------------------------------------+
; Fitter Summary                                                                   ;
+---------------------------------+------------------------------------------------+
; Fitter Status                   ; Successful - Fri Aug  7 12:48:31 2026          ;
; Quartus Prime Version           ; 22.1std.2 Build 922 07/20/2023 SC Lite Edition ;
; Revision Name                   ; cnu_project                                    ;
; Top-level Entity Name           ; ldpc_decoder_top                               ;
; Family                          ; Cyclone V                                      ;
; Device                          ; 5CGXFC7C7F23C8                                 ;
; Timing Models                   ; Final                                          ;
; Logic utilization (in ALMs)     ; 1,439 / 56,480 ( 3 % )                         ;
; Total registers                 ; 1391                                           ;
; Total pins                      ; 34 / 268 ( 13 % )                              ;
; Total virtual pins              ; 0                                              ;
; Total block memory bits         ; 83,599 / 7,024,640 ( 1 % )                     ;
; Total RAM Blocks                ; 14 / 686 ( 2 % )                               ;
; Total DSP Blocks                ; 0 / 156 ( 0 % )                                ;
; Total HSSI RX PCSs              ; 0 / 6 ( 0 % )                                  ;
; Total HSSI PMA RX Deserializers ; 0 / 6 ( 0 % )                                  ;
; Total HSSI TX PCSs              ; 0 / 6 ( 0 % )                                  ;
; Total HSSI PMA TX Serializers   ; 0 / 6 ( 0 % )                                  ;
; Total PLLs                      ; 0 / 13 ( 0 % )                                 ;
; Total DLLs                      ; 0 / 4 ( 0 % )                                  ;
+---------------------------------+------------------------------------------------+


+----------------------------------------------------------------------------------------------------------------------------------------------------+
; Fitter Settings                                                                                                                                    ;
+--------------------------------------------------------------------+---------------------------------------+---------------------------------------+
; Option                                                             ; Setting                               ; Default Value                         ;
+--------------------------------------------------------------------+---------------------------------------+---------------------------------------+
; Device                                                             ; 5CGXFC7C7F23C8                        ;                                       ;
; Minimum Core Junction Temperature                                  ; 0                                     ;                                       ;
; Maximum Core Junction Temperature                                  ; 85                                    ;                                       ;
; Use smart compilation                                              ; Off                                   ; Off                                   ;
; Enable parallel Assembler and Timing Analyzer during compilation   ; On                                    ; On                                    ;
; Enable compact report table                                        ; Off                                   ; Off                                   ;
; Router Timing Optimization Level                                   ; Normal                                ; Normal                                ;
; Perform Clocking Topology Analysis During Routing                  ; Off                                   ; Off                                   ;
; Placement Effort Multiplier                                        ; 1.0                                   ; 1.0                                   ;
; Device initialization clock source                                 ; INIT_INTOSC                           ; INIT_INTOSC                           ;
; Optimize Hold Timing                                               ; All Paths                             ; All Paths                             ;
; Optimize Multi-Corner Timing                                       ; On                                    ; On                                    ;
; Auto RAM to MLAB Conversion                                        ; On                                    ; On                                    ;
; Equivalent RAM and MLAB Power Up                                   ; Auto                                  ; Auto                                  ;
; Equivalent RAM and MLAB Paused Read Capabilities                   ; Care                                  ; Care                                  ;
; Power Optimization During Fitting                                  ; Normal compilation                    ; Normal compilation                    ;
; SSN Optimization                                                   ; Off                                   ; Off                                   ;
; Optimize Timing                                                    ; Normal compilation                    ; Normal compilation                    ;
; Optimize Timing for ECOs                                           ; Off                                   ; Off                                   ;
; Regenerate Full Fit Report During ECO Compiles                     ; Off                                   ; Off                                   ;
; Optimize IOC Register Placement for Timing                         ; Normal                                ; Normal                                ;
; Final Placement Optimizations                                      ; Automatically                         ; Automatically                         ;
; Fitter Aggressive Routability Optimizations                        ; Automatically                         ; Automatically                         ;
; Fitter Initial Placement Seed                                      ; 1                                     ; 1                                     ;
; Periphery to Core Placement and Routing Optimization               ; Off                                   ; Off                                   ;
; Weak Pull-Up Resistor                                              ; Off                                   ; Off                                   ;
; Enable Bus-Hold Circuitry                                          ; Off                                   ; Off                                   ;
; Auto Packed Registers                                              ; Auto                                  ; Auto                                  ;
; Auto Delay Chains                                                  ; On                                    ; On                                    ;
; Auto Delay Chains for High Fanout Input Pins                       ; Off                                   ; Off                                   ;
; Treat Bidirectional Pin as Output Pin                              ; Off                                   ; Off                                   ;
; Perform Physical Synthesis for Combinational Logic for Fitting     ; Off                                   ; Off                                   ;
; Perform Physical Synthesis for Combinational Logic for Performance ; Off                                   ; Off                                   ;
; Perform Register Duplication for Performance                       ; Off                                   ; Off                                   ;
; Perform Register Retiming for Performance                          ; Off                                   ; Off                                   ;
; Perform Asynchronous Signal Pipelining                             ; Off                                   ; Off                                   ;
; Fitter Effort                                                      ; Auto Fit                              ; Auto Fit                              ;
; Physical Synthesis Effort Level                                    ; Normal                                ; Normal                                ;
; Logic Cell Insertion - Logic Duplication                           ; Auto                                  ; Auto                                  ;
; Auto Register Duplication                                          ; Auto                                  ; Auto                                  ;
; Auto Global Clock                                                  ; On                                    ; On                                    ;
; Auto Global Register Control Signals                               ; On                                    ; On                                    ;
; Reserve all unused pins                                            ; As input tri-stated with weak pull-up ; As input tri-stated with weak pull-up ;
; Synchronizer Identification                                        ; Auto                                  ; Auto                                  ;
; Enable Beneficial Skew Optimization                                ; On                                    ; On                                    ;
; Optimize Design for Metastability                                  ; On                                    ; On                                    ;
; Active Serial clock source                                         ; FREQ_100MHz                           ; FREQ_100MHz                           ;
; Force Fitter to Avoid Periphery Placement Warnings                 ; Off                                   ; Off                                   ;
; Clamping Diode                                                     ; Off                                   ; Off                                   ;
; Enable input tri-state on active configuration pins in user mode   ; Off                                   ; Off                                   ;
; Advanced Physical Optimization                                     ; On                                    ; On                                    ;
+--------------------------------------------------------------------+---------------------------------------+---------------------------------------+


+------------------------------------------+
; Parallel Compilation                     ;
+----------------------------+-------------+
; Processors                 ; Number      ;
+----------------------------+-------------+
; Number detected on machine ; 22          ;
; Maximum allowed            ; 16          ;
;                            ;             ;
; Average used               ; 1.04        ;
; Maximum used               ; 16          ;
;                            ;             ;
; Usage by Processor         ; % Time Used ;
;     Processor 1            ; 100.0%      ;
;     Processor 2            ;   0.3%      ;
;     Processor 3            ;   0.3%      ;
;     Processor 4            ;   0.3%      ;
;     Processor 5            ;   0.3%      ;
;     Processor 6            ;   0.2%      ;
;     Processor 7            ;   0.2%      ;
;     Processor 8            ;   0.2%      ;
;     Processor 9            ;   0.2%      ;
;     Processor 10           ;   0.2%      ;
;     Processor 11           ;   0.2%      ;
;     Processor 12           ;   0.2%      ;
;     Processor 13           ;   0.2%      ;
;     Processor 14           ;   0.2%      ;
;     Processor 15           ;   0.2%      ;
;     Processor 16           ;   0.2%      ;
+----------------------------+-------------+


+------------------------------------------------------------------------------------------------------------------------------------------------------------------------------------------------------------------------------------------------------------------------------------------------------------------------------+
; Fitter Netlist Optimizations                                                                                                                                                                                                                                                                                                 ;
+-----------------------------------------------------+-----------------+---------------------------------------------------+----------------------------+-----------+----------------+---------------------------------------------------------------------------------------------+------------------+-----------------------+
; Node                                                ; Action          ; Operation                                         ; Reason                     ; Node Port ; Node Port Name ; Destination Node                                                                            ; Destination Port ; Destination Port Name ;
+-----------------------------------------------------+-----------------+---------------------------------------------------+----------------------------+-----------+----------------+---------------------------------------------------------------------------------------------+------------------+-----------------------+
; clk~inputCLKENA0                                    ; Created         ; Placement                                         ; Fitter Periphery Placement ;           ;                ;                                                                                             ;                  ;                       ;
; rst_n~inputCLKENA0                                  ; Created         ; Placement                                         ; Fitter Periphery Placement ;           ;                ;                                                                                             ;                  ;                       ;
; iteration_controller:ctrl_inst|current_vn_degree[0] ; Packed Register ; Register Packing                                  ; Timing optimization        ; Q         ;                ; vn_degree_rom:deg_rom_inst|altsyncram:mem_rtl_0|altsyncram_87g1:auto_generated|ram_block1a0 ; PORTADATAOUT     ;                       ;
; iteration_controller:ctrl_inst|current_vn_degree[1] ; Packed Register ; Register Packing                                  ; Timing optimization        ; Q         ;                ; vn_degree_rom:deg_rom_inst|altsyncram:mem_rtl_0|altsyncram_87g1:auto_generated|ram_block1a1 ; PORTADATAOUT     ;                       ;
; iteration_controller:ctrl_inst|current_vn_degree[2] ; Packed Register ; Register Packing                                  ; Timing optimization        ; Q         ;                ; vn_degree_rom:deg_rom_inst|altsyncram:mem_rtl_0|altsyncram_87g1:auto_generated|ram_block1a2 ; PORTADATAOUT     ;                       ;
; cnu:cnu_inst|abs_vals_s1[0][0]                      ; Duplicated      ; Router Logic Cell Insertion and Logic Duplication ; Routability optimization   ;           ;                ; cnu:cnu_inst|abs_vals_s1[0][0]~DUPLICATE                                                    ;                  ;                       ;
; cnu:cnu_inst|abs_vals_s1[0][3]                      ; Duplicated      ; Router Logic Cell Insertion and Logic Duplication ; Routability optimization   ;           ;                ; cnu:cnu_inst|abs_vals_s1[0][3]~DUPLICATE                                                    ;                  ;                       ;
; cnu:cnu_inst|abs_vals_s1[0][4]                      ; Duplicated      ; Router Logic Cell Insertion and Logic Duplication ; Routability optimization   ;           ;                ; cnu:cnu_inst|abs_vals_s1[0][4]~DUPLICATE                                                    ;                  ;                       ;
; cnu:cnu_inst|abs_vals_s1[0][6]                      ; Duplicated      ; Router Logic Cell Insertion and Logic Duplication ; Routability optimization   ;           ;                ; cnu:cnu_inst|abs_vals_s1[0][6]~DUPLICATE                                                    ;                  ;                       ;
; cnu:cnu_inst|abs_vals_s1[1][3]                      ; Duplicated      ; Router Logic Cell Insertion and Logic Duplication ; Routability optimization   ;           ;                ; cnu:cnu_inst|abs_vals_s1[1][3]~DUPLICATE                                                    ;                  ;                       ;
; cnu:cnu_inst|abs_vals_s1[1][6]                      ; Duplicated      ; Router Logic Cell Insertion and Logic Duplication ; Routability optimization   ;           ;                ; cnu:cnu_inst|abs_vals_s1[1][6]~DUPLICATE                                                    ;                  ;                       ;
; cnu:cnu_inst|abs_vals_s1[2][0]                      ; Duplicated      ; Router Logic Cell Insertion and Logic Duplication ; Routability optimization   ;           ;                ; cnu:cnu_inst|abs_vals_s1[2][0]~DUPLICATE                                                    ;                  ;                       ;
; cnu:cnu_inst|abs_vals_s1[2][3]                      ; Duplicated      ; Router Logic Cell Insertion and Logic Duplication ; Routability optimization   ;           ;                ; cnu:cnu_inst|abs_vals_s1[2][3]~DUPLICATE                                                    ;                  ;                       ;
; cnu:cnu_inst|abs_vals_s1[2][5]                      ; Duplicated      ; Router Logic Cell Insertion and Logic Duplication ; Routability optimization   ;           ;                ; cnu:cnu_inst|abs_vals_s1[2][5]~DUPLICATE                                                    ;                  ;                       ;
; cnu:cnu_inst|abs_vals_s1[2][7]                      ; Duplicated      ; Router Logic Cell Insertion and Logic Duplication ; Routability optimization   ;           ;                ; cnu:cnu_inst|abs_vals_s1[2][7]~DUPLICATE                                                    ;                  ;                       ;
; cnu:cnu_inst|abs_vals_s1[3][0]                      ; Duplicated      ; Router Logic Cell Insertion and Logic Duplication ; Routability optimization   ;           ;                ; cnu:cnu_inst|abs_vals_s1[3][0]~DUPLICATE                                                    ;                  ;                       ;
; cnu:cnu_inst|abs_vals_s1[3][1]                      ; Duplicated      ; Router Logic Cell Insertion and Logic Duplication ; Routability optimization   ;           ;                ; cnu:cnu_inst|abs_vals_s1[3][1]~DUPLICATE                                                    ;                  ;                       ;
; cnu:cnu_inst|abs_vals_s1[3][6]                      ; Duplicated      ; Router Logic Cell Insertion and Logic Duplication ; Routability optimization   ;           ;                ; cnu:cnu_inst|abs_vals_s1[3][6]~DUPLICATE                                                    ;                  ;                       ;
; cnu:cnu_inst|abs_vals_s1[3][7]                      ; Duplicated      ; Router Logic Cell Insertion and Logic Duplication ; Routability optimization   ;           ;                ; cnu:cnu_inst|abs_vals_s1[3][7]~DUPLICATE                                                    ;                  ;                       ;
; cnu:cnu_inst|abs_vals_s1[4][0]                      ; Duplicated      ; Router Logic Cell Insertion and Logic Duplication ; Routability optimization   ;           ;                ; cnu:cnu_inst|abs_vals_s1[4][0]~DUPLICATE                                                    ;                  ;                       ;
; cnu:cnu_inst|abs_vals_s1[4][7]                      ; Duplicated      ; Router Logic Cell Insertion and Logic Duplication ; Routability optimization   ;           ;                ; cnu:cnu_inst|abs_vals_s1[4][7]~DUPLICATE                                                    ;                  ;                       ;
; cnu:cnu_inst|abs_vals_s1[5][1]                      ; Duplicated      ; Router Logic Cell Insertion and Logic Duplication ; Routability optimization   ;           ;                ; cnu:cnu_inst|abs_vals_s1[5][1]~DUPLICATE                                                    ;                  ;                       ;
; cnu:cnu_inst|abs_vals_s1[5][5]                      ; Duplicated      ; Router Logic Cell Insertion and Logic Duplication ; Routability optimization   ;           ;                ; cnu:cnu_inst|abs_vals_s1[5][5]~DUPLICATE                                                    ;                  ;                       ;
; cnu:cnu_inst|abs_vals_s1[5][6]                      ; Duplicated      ; Router Logic Cell Insertion and Logic Duplication ; Routability optimization   ;           ;                ; cnu:cnu_inst|abs_vals_s1[5][6]~DUPLICATE                                                    ;                  ;                       ;
; cnu:cnu_inst|abs_vals_s1[6][3]                      ; Duplicated      ; Router Logic Cell Insertion and Logic Duplication ; Routability optimization   ;           ;                ; cnu:cnu_inst|abs_vals_s1[6][3]~DUPLICATE                                                    ;                  ;                       ;
; cnu:cnu_inst|abs_vals_s1[6][4]                      ; Duplicated      ; Router Logic Cell Insertion and Logic Duplication ; Routability optimization   ;           ;                ; cnu:cnu_inst|abs_vals_s1[6][4]~DUPLICATE                                                    ;                  ;                       ;
; cnu:cnu_inst|abs_vals_s1[6][6]                      ; Duplicated      ; Router Logic Cell Insertion and Logic Duplication ; Routability optimization   ;           ;                ; cnu:cnu_inst|abs_vals_s1[6][6]~DUPLICATE                                                    ;                  ;                       ;
; cnu:cnu_inst|abs_vals_s1[6][7]                      ; Duplicated      ; Router Logic Cell Insertion and Logic Duplication ; Routability optimization   ;           ;                ; cnu:cnu_inst|abs_vals_s1[6][7]~DUPLICATE                                                    ;                  ;                       ;
; cnu:cnu_inst|abs_vals_s1[7][4]                      ; Duplicated      ; Router Logic Cell Insertion and Logic Duplication ; Routability optimization   ;           ;                ; cnu:cnu_inst|abs_vals_s1[7][4]~DUPLICATE                                                    ;                  ;                       ;
; cnu:cnu_inst|abs_vals_s1[7][5]                      ; Duplicated      ; Router Logic Cell Insertion and Logic Duplication ; Routability optimization   ;           ;                ; cnu:cnu_inst|abs_vals_s1[7][5]~DUPLICATE                                                    ;                  ;                       ;
; cnu:cnu_inst|abs_vals_s1[7][6]                      ; Duplicated      ; Router Logic Cell Insertion and Logic Duplication ; Routability optimization   ;           ;                ; cnu:cnu_inst|abs_vals_s1[7][6]~DUPLICATE                                                    ;                  ;                       ;
; cnu:cnu_inst|abs_vals_s1[7][7]                      ; Duplicated      ; Router Logic Cell Insertion and Logic Duplication ; Routability optimization   ;           ;                ; cnu:cnu_inst|abs_vals_s1[7][7]~DUPLICATE                                                    ;                  ;                       ;
; cnu:cnu_inst|min1_s3[2]                             ; Duplicated      ; Router Logic Cell Insertion and Logic Duplication ; Routability optimization   ;           ;                ; cnu:cnu_inst|min1_s3[2]~DUPLICATE                                                           ;                  ;                       ;
; cnu:cnu_inst|min1_s3[6]                             ; Duplicated      ; Router Logic Cell Insertion and Logic Duplication ; Routability optimization   ;           ;                ; cnu:cnu_inst|min1_s3[6]~DUPLICATE                                                           ;                  ;                       ;
; dec_bits_reg[3]                                     ; Duplicated      ; Router Logic Cell Insertion and Logic Duplication ; Routability optimization   ;           ;                ; dec_bits_reg[3]~DUPLICATE                                                                   ;                  ;                       ;
; dec_bits_reg[4]                                     ; Duplicated      ; Router Logic Cell Insertion and Logic Duplication ; Routability optimization   ;           ;                ; dec_bits_reg[4]~DUPLICATE                                                                   ;                  ;                       ;
; dec_bits_reg[6]                                     ; Duplicated      ; Router Logic Cell Insertion and Logic Duplication ; Routability optimization   ;           ;                ; dec_bits_reg[6]~DUPLICATE                                                                   ;                  ;                       ;
; dec_bits_reg[13]                                    ; Duplicated      ; Router Logic Cell Insertion and Logic Duplication ; Routability optimization   ;           ;                ; dec_bits_reg[13]~DUPLICATE                                                                  ;                  ;                       ;
; dec_bits_reg[15]                                    ; Duplicated      ; Router Logic Cell Insertion and Logic Duplication ; Routability optimization   ;           ;                ; dec_bits_reg[15]~DUPLICATE                                                                  ;                  ;                       ;
; dec_bits_reg[16]                                    ; Duplicated      ; Router Logic Cell Insertion and Logic Duplication ; Routability optimization   ;           ;                ; dec_bits_reg[16]~DUPLICATE                                                                  ;                  ;                       ;
; dec_bits_reg[22]                                    ; Duplicated      ; Router Logic Cell Insertion and Logic Duplication ; Routability optimization   ;           ;                ; dec_bits_reg[22]~DUPLICATE                                                                  ;                  ;                       ;
; dec_bits_reg[23]                                    ; Duplicated      ; Router Logic Cell Insertion and Logic Duplication ; Routability optimization   ;           ;                ; dec_bits_reg[23]~DUPLICATE                                                                  ;                  ;                       ;
; dec_bits_reg[29]                                    ; Duplicated      ; Router Logic Cell Insertion and Logic Duplication ; Routability optimization   ;           ;                ; dec_bits_reg[29]~DUPLICATE                                                                  ;                  ;                       ;
; dec_bits_reg[30]                                    ; Duplicated      ; Router Logic Cell Insertion and Logic Duplication ; Routability optimization   ;           ;                ; dec_bits_reg[30]~DUPLICATE                                                                  ;                  ;                       ;
; dec_bits_reg[35]                                    ; Duplicated      ; Router Logic Cell Insertion and Logic Duplication ; Routability optimization   ;           ;                ; dec_bits_reg[35]~DUPLICATE                                                                  ;                  ;                       ;
; dec_bits_reg[37]                                    ; Duplicated      ; Router Logic Cell Insertion and Logic Duplication ; Routability optimization   ;           ;                ; dec_bits_reg[37]~DUPLICATE                                                                  ;                  ;                       ;
; dec_bits_reg[38]                                    ; Duplicated      ; Router Logic Cell Insertion and Logic Duplication ; Routability optimization   ;           ;                ; dec_bits_reg[38]~DUPLICATE                                                                  ;                  ;                       ;
; dec_bits_reg[43]                                    ; Duplicated      ; Router Logic Cell Insertion and Logic Duplication ; Routability optimization   ;           ;                ; dec_bits_reg[43]~DUPLICATE                                                                  ;                  ;                       ;
; dec_bits_reg[47]                                    ; Duplicated      ; Router Logic Cell Insertion and Logic Duplication ; Routability optimization   ;           ;                ; dec_bits_reg[47]~DUPLICATE                                                                  ;                  ;                       ;
; dec_bits_reg[48]                                    ; Duplicated      ; Router Logic Cell Insertion and Logic Duplication ; Routability optimization   ;           ;                ; dec_bits_reg[48]~DUPLICATE                                                                  ;                  ;                       ;
; dec_bits_reg[51]                                    ; Duplicated      ; Router Logic Cell Insertion and Logic Duplication ; Routability optimization   ;           ;                ; dec_bits_reg[51]~DUPLICATE                                                                  ;                  ;                       ;
; dec_bits_reg[54]                                    ; Duplicated      ; Router Logic Cell Insertion and Logic Duplication ; Routability optimization   ;           ;                ; dec_bits_reg[54]~DUPLICATE                                                                  ;                  ;                       ;
; dec_bits_reg[57]                                    ; Duplicated      ; Router Logic Cell Insertion and Logic Duplication ; Routability optimization   ;           ;                ; dec_bits_reg[57]~DUPLICATE                                                                  ;                  ;                       ;
; dec_bits_reg[59]                                    ; Duplicated      ; Router Logic Cell Insertion and Logic Duplication ; Routability optimization   ;           ;                ; dec_bits_reg[59]~DUPLICATE                                                                  ;                  ;                       ;
; dec_bits_reg[60]                                    ; Duplicated      ; Router Logic Cell Insertion and Logic Duplication ; Routability optimization   ;           ;                ; dec_bits_reg[60]~DUPLICATE                                                                  ;                  ;                       ;
; dec_bits_reg[64]                                    ; Duplicated      ; Router Logic Cell Insertion and Logic Duplication ; Routability optimization   ;           ;                ; dec_bits_reg[64]~DUPLICATE                                                                  ;                  ;                       ;
; dec_bits_reg[72]                                    ; Duplicated      ; Router Logic Cell Insertion and Logic Duplication ; Routability optimization   ;           ;                ; dec_bits_reg[72]~DUPLICATE                                                                  ;                  ;                       ;
; dec_bits_reg[74]                                    ; Duplicated      ; Router Logic Cell Insertion and Logic Duplication ; Routability optimization   ;           ;                ; dec_bits_reg[74]~DUPLICATE                                                                  ;                  ;                       ;
; dec_bits_reg[75]                                    ; Duplicated      ; Router Logic Cell Insertion and Logic Duplication ; Routability optimization   ;           ;                ; dec_bits_reg[75]~DUPLICATE                                                                  ;                  ;                       ;
; dec_bits_reg[77]                                    ; Duplicated      ; Router Logic Cell Insertion and Logic Duplication ; Routability optimization   ;           ;                ; dec_bits_reg[77]~DUPLICATE                                                                  ;                  ;                       ;
; dec_bits_reg[78]                                    ; Duplicated      ; Router Logic Cell Insertion and Logic Duplication ; Routability optimization   ;           ;                ; dec_bits_reg[78]~DUPLICATE                                                                  ;                  ;                       ;
; dec_bits_reg[79]                                    ; Duplicated      ; Router Logic Cell Insertion and Logic Duplication ; Routability optimization   ;           ;                ; dec_bits_reg[79]~DUPLICATE                                                                  ;                  ;                       ;
; dec_bits_reg[80]                                    ; Duplicated      ; Router Logic Cell Insertion and Logic Duplication ; Routability optimization   ;           ;                ; dec_bits_reg[80]~DUPLICATE                                                                  ;                  ;                       ;
; dec_bits_reg[82]                                    ; Duplicated      ; Router Logic Cell Insertion and Logic Duplication ; Routability optimization   ;           ;                ; dec_bits_reg[82]~DUPLICATE                                                                  ;                  ;                       ;
; dec_bits_reg[84]                                    ; Duplicated      ; Router Logic Cell Insertion and Logic Duplication ; Routability optimization   ;           ;                ; dec_bits_reg[84]~DUPLICATE                                                                  ;                  ;                       ;
; dec_bits_reg[86]                                    ; Duplicated      ; Router Logic Cell Insertion and Logic Duplication ; Routability optimization   ;           ;                ; dec_bits_reg[86]~DUPLICATE                                                                  ;                  ;                       ;
; dec_bits_reg[91]                                    ; Duplicated      ; Router Logic Cell Insertion and Logic Duplication ; Routability optimization   ;           ;                ; dec_bits_reg[91]~DUPLICATE                                                                  ;                  ;                       ;
; dec_bits_reg[92]                                    ; Duplicated      ; Router Logic Cell Insertion and Logic Duplication ; Routability optimization   ;           ;                ; dec_bits_reg[92]~DUPLICATE                                                                  ;                  ;                       ;
; dec_bits_reg[95]                                    ; Duplicated      ; Router Logic Cell Insertion and Logic Duplication ; Routability optimization   ;           ;                ; dec_bits_reg[95]~DUPLICATE                                                                  ;                  ;                       ;
; dec_bits_reg[99]                                    ; Duplicated      ; Router Logic Cell Insertion and Logic Duplication ; Routability optimization   ;           ;                ; dec_bits_reg[99]~DUPLICATE                                                                  ;                  ;                       ;
; dec_bits_reg[100]                                   ; Duplicated      ; Router Logic Cell Insertion and Logic Duplication ; Routability optimization   ;           ;                ; dec_bits_reg[100]~DUPLICATE                                                                 ;                  ;                       ;
; dec_bits_reg[103]                                   ; Duplicated      ; Router Logic Cell Insertion and Logic Duplication ; Routability optimization   ;           ;                ; dec_bits_reg[103]~DUPLICATE                                                                 ;                  ;                       ;
; dec_bits_reg[105]                                   ; Duplicated      ; Router Logic Cell Insertion and Logic Duplication ; Routability optimization   ;           ;                ; dec_bits_reg[105]~DUPLICATE                                                                 ;                  ;                       ;
; dec_bits_reg[110]                                   ; Duplicated      ; Router Logic Cell Insertion and Logic Duplication ; Routability optimization   ;           ;                ; dec_bits_reg[110]~DUPLICATE                                                                 ;                  ;                       ;
; dec_bits_reg[117]                                   ; Duplicated      ; Router Logic Cell Insertion and Logic Duplication ; Routability optimization   ;           ;                ; dec_bits_reg[117]~DUPLICATE                                                                 ;                  ;                       ;
; dec_bits_reg[123]                                   ; Duplicated      ; Router Logic Cell Insertion and Logic Duplication ; Routability optimization   ;           ;                ; dec_bits_reg[123]~DUPLICATE                                                                 ;                  ;                       ;
; dec_bits_reg[126]                                   ; Duplicated      ; Router Logic Cell Insertion and Logic Duplication ; Routability optimization   ;           ;                ; dec_bits_reg[126]~DUPLICATE                                                                 ;                  ;                       ;
; dec_bits_reg[127]                                   ; Duplicated      ; Router Logic Cell Insertion and Logic Duplication ; Routability optimization   ;           ;                ; dec_bits_reg[127]~DUPLICATE                                                                 ;                  ;                       ;
; dec_bits_reg[128]                                   ; Duplicated      ; Router Logic Cell Insertion and Logic Duplication ; Routability optimization   ;           ;                ; dec_bits_reg[128]~DUPLICATE                                                                 ;                  ;                       ;
; dec_bits_reg[132]                                   ; Duplicated      ; Router Logic Cell Insertion and Logic Duplication ; Routability optimization   ;           ;                ; dec_bits_reg[132]~DUPLICATE                                                                 ;                  ;                       ;
; dec_bits_reg[134]                                   ; Duplicated      ; Router Logic Cell Insertion and Logic Duplication ; Routability optimization   ;           ;                ; dec_bits_reg[134]~DUPLICATE                                                                 ;                  ;                       ;
; dec_bits_reg[135]                                   ; Duplicated      ; Router Logic Cell Insertion and Logic Duplication ; Routability optimization   ;           ;                ; dec_bits_reg[135]~DUPLICATE                                                                 ;                  ;                       ;
; dec_bits_reg[136]                                   ; Duplicated      ; Router Logic Cell Insertion and Logic Duplication ; Routability optimization   ;           ;                ; dec_bits_reg[136]~DUPLICATE                                                                 ;                  ;                       ;
; dec_bits_reg[140]                                   ; Duplicated      ; Router Logic Cell Insertion and Logic Duplication ; Routability optimization   ;           ;                ; dec_bits_reg[140]~DUPLICATE                                                                 ;                  ;                       ;
; dec_bits_reg[142]                                   ; Duplicated      ; Router Logic Cell Insertion and Logic Duplication ; Routability optimization   ;           ;                ; dec_bits_reg[142]~DUPLICATE                                                                 ;                  ;                       ;
; dec_bits_reg[143]                                   ; Duplicated      ; Router Logic Cell Insertion and Logic Duplication ; Routability optimization   ;           ;                ; dec_bits_reg[143]~DUPLICATE                                                                 ;                  ;                       ;
; dec_bits_reg[145]                                   ; Duplicated      ; Router Logic Cell Insertion and Logic Duplication ; Routability optimization   ;           ;                ; dec_bits_reg[145]~DUPLICATE                                                                 ;                  ;                       ;
; dec_bits_reg[150]                                   ; Duplicated      ; Router Logic Cell Insertion and Logic Duplication ; Routability optimization   ;           ;                ; dec_bits_reg[150]~DUPLICATE                                                                 ;                  ;                       ;
; dec_bits_reg[151]                                   ; Duplicated      ; Router Logic Cell Insertion and Logic Duplication ; Routability optimization   ;           ;                ; dec_bits_reg[151]~DUPLICATE                                                                 ;                  ;                       ;
; dec_bits_reg[152]                                   ; Duplicated      ; Router Logic Cell Insertion and Logic Duplication ; Routability optimization   ;           ;                ; dec_bits_reg[152]~DUPLICATE                                                                 ;                  ;                       ;
; dec_bits_reg[153]                                   ; Duplicated      ; Router Logic Cell Insertion and Logic Duplication ; Routability optimization   ;           ;                ; dec_bits_reg[153]~DUPLICATE                                                                 ;                  ;                       ;
; dec_bits_reg[154]                                   ; Duplicated      ; Router Logic Cell Insertion and Logic Duplication ; Routability optimization   ;           ;                ; dec_bits_reg[154]~DUPLICATE                                                                 ;                  ;                       ;
; dec_bits_reg[155]                                   ; Duplicated      ; Router Logic Cell Insertion and Logic Duplication ; Routability optimization   ;           ;                ; dec_bits_reg[155]~DUPLICATE                                                                 ;                  ;                       ;
; dec_bits_reg[156]                                   ; Duplicated      ; Router Logic Cell Insertion and Logic Duplication ; Routability optimization   ;           ;                ; dec_bits_reg[156]~DUPLICATE                                                                 ;                  ;                       ;
; dec_bits_reg[159]                                   ; Duplicated      ; Router Logic Cell Insertion and Logic Duplication ; Routability optimization   ;           ;                ; dec_bits_reg[159]~DUPLICATE                                                                 ;                  ;                       ;
; dec_bits_reg[160]                                   ; Duplicated      ; Router Logic Cell Insertion and Logic Duplication ; Routability optimization   ;           ;                ; dec_bits_reg[160]~DUPLICATE                                                                 ;                  ;                       ;
; dec_bits_reg[163]                                   ; Duplicated      ; Router Logic Cell Insertion and Logic Duplication ; Routability optimization   ;           ;                ; dec_bits_reg[163]~DUPLICATE                                                                 ;                  ;                       ;
; dec_bits_reg[165]                                   ; Duplicated      ; Router Logic Cell Insertion and Logic Duplication ; Routability optimization   ;           ;                ; dec_bits_reg[165]~DUPLICATE                                                                 ;                  ;                       ;
; dec_bits_reg[166]                                   ; Duplicated      ; Router Logic Cell Insertion and Logic Duplication ; Routability optimization   ;           ;                ; dec_bits_reg[166]~DUPLICATE                                                                 ;                  ;                       ;
; dec_bits_reg[167]                                   ; Duplicated      ; Router Logic Cell Insertion and Logic Duplication ; Routability optimization   ;           ;                ; dec_bits_reg[167]~DUPLICATE                                                                 ;                  ;                       ;
; dec_bits_reg[169]                                   ; Duplicated      ; Router Logic Cell Insertion and Logic Duplication ; Routability optimization   ;           ;                ; dec_bits_reg[169]~DUPLICATE                                                                 ;                  ;                       ;
; dec_bits_reg[173]                                   ; Duplicated      ; Router Logic Cell Insertion and Logic Duplication ; Routability optimization   ;           ;                ; dec_bits_reg[173]~DUPLICATE                                                                 ;                  ;                       ;
; dec_bits_reg[174]                                   ; Duplicated      ; Router Logic Cell Insertion and Logic Duplication ; Routability optimization   ;           ;                ; dec_bits_reg[174]~DUPLICATE                                                                 ;                  ;                       ;
; dec_bits_reg[176]                                   ; Duplicated      ; Router Logic Cell Insertion and Logic Duplication ; Routability optimization   ;           ;                ; dec_bits_reg[176]~DUPLICATE                                                                 ;                  ;                       ;
; dec_bits_reg[181]                                   ; Duplicated      ; Router Logic Cell Insertion and Logic Duplication ; Routability optimization   ;           ;                ; dec_bits_reg[181]~DUPLICATE                                                                 ;                  ;                       ;
; dec_bits_reg[182]                                   ; Duplicated      ; Router Logic Cell Insertion and Logic Duplication ; Routability optimization   ;           ;                ; dec_bits_reg[182]~DUPLICATE                                                                 ;                  ;                       ;
; dec_bits_reg[184]                                   ; Duplicated      ; Router Logic Cell Insertion and Logic Duplication ; Routability optimization   ;           ;                ; dec_bits_reg[184]~DUPLICATE                                                                 ;                  ;                       ;
; dec_bits_reg[185]                                   ; Duplicated      ; Router Logic Cell Insertion and Logic Duplication ; Routability optimization   ;           ;                ; dec_bits_reg[185]~DUPLICATE                                                                 ;                  ;                       ;
; dec_bits_reg[186]                                   ; Duplicated      ; Router Logic Cell Insertion and Logic Duplication ; Routability optimization   ;           ;                ; dec_bits_reg[186]~DUPLICATE                                                                 ;                  ;                       ;
; dec_bits_reg[188]                                   ; Duplicated      ; Router Logic Cell Insertion and Logic Duplication ; Routability optimization   ;           ;                ; dec_bits_reg[188]~DUPLICATE                                                                 ;                  ;                       ;
; dec_bits_reg[189]                                   ; Duplicated      ; Router Logic Cell Insertion and Logic Duplication ; Routability optimization   ;           ;                ; dec_bits_reg[189]~DUPLICATE                                                                 ;                  ;                       ;
; dec_bits_reg[190]                                   ; Duplicated      ; Router Logic Cell Insertion and Logic Duplication ; Routability optimization   ;           ;                ; dec_bits_reg[190]~DUPLICATE                                                                 ;                  ;                       ;
; dec_bits_reg[191]                                   ; Duplicated      ; Router Logic Cell Insertion and Logic Duplication ; Routability optimization   ;           ;                ; dec_bits_reg[191]~DUPLICATE                                                                 ;                  ;                       ;
; dec_bits_reg[193]                                   ; Duplicated      ; Router Logic Cell Insertion and Logic Duplication ; Routability optimization   ;           ;                ; dec_bits_reg[193]~DUPLICATE                                                                 ;                  ;                       ;
; dec_bits_reg[195]                                   ; Duplicated      ; Router Logic Cell Insertion and Logic Duplication ; Routability optimization   ;           ;                ; dec_bits_reg[195]~DUPLICATE                                                                 ;                  ;                       ;
; dec_bits_reg[196]                                   ; Duplicated      ; Router Logic Cell Insertion and Logic Duplication ; Routability optimization   ;           ;                ; dec_bits_reg[196]~DUPLICATE                                                                 ;                  ;                       ;
; dec_bits_reg[197]                                   ; Duplicated      ; Router Logic Cell Insertion and Logic Duplication ; Routability optimization   ;           ;                ; dec_bits_reg[197]~DUPLICATE                                                                 ;                  ;                       ;
; dec_bits_reg[198]                                   ; Duplicated      ; Router Logic Cell Insertion and Logic Duplication ; Routability optimization   ;           ;                ; dec_bits_reg[198]~DUPLICATE                                                                 ;                  ;                       ;
; dec_bits_reg[199]                                   ; Duplicated      ; Router Logic Cell Insertion and Logic Duplication ; Routability optimization   ;           ;                ; dec_bits_reg[199]~DUPLICATE                                                                 ;                  ;                       ;
; dec_bits_reg[200]                                   ; Duplicated      ; Router Logic Cell Insertion and Logic Duplication ; Routability optimization   ;           ;                ; dec_bits_reg[200]~DUPLICATE                                                                 ;                  ;                       ;
; dec_bits_reg[202]                                   ; Duplicated      ; Router Logic Cell Insertion and Logic Duplication ; Routability optimization   ;           ;                ; dec_bits_reg[202]~DUPLICATE                                                                 ;                  ;                       ;
; dec_bits_reg[204]                                   ; Duplicated      ; Router Logic Cell Insertion and Logic Duplication ; Routability optimization   ;           ;                ; dec_bits_reg[204]~DUPLICATE                                                                 ;                  ;                       ;
; dec_bits_reg[207]                                   ; Duplicated      ; Router Logic Cell Insertion and Logic Duplication ; Routability optimization   ;           ;                ; dec_bits_reg[207]~DUPLICATE                                                                 ;                  ;                       ;
; dec_bits_reg[208]                                   ; Duplicated      ; Router Logic Cell Insertion and Logic Duplication ; Routability optimization   ;           ;                ; dec_bits_reg[208]~DUPLICATE                                                                 ;                  ;                       ;
; dec_bits_reg[212]                                   ; Duplicated      ; Router Logic Cell Insertion and Logic Duplication ; Routability optimization   ;           ;                ; dec_bits_reg[212]~DUPLICATE                                                                 ;                  ;                       ;
; dec_bits_reg[213]                                   ; Duplicated      ; Router Logic Cell Insertion and Logic Duplication ; Routability optimization   ;           ;                ; dec_bits_reg[213]~DUPLICATE                                                                 ;                  ;                       ;
; dec_bits_reg[216]                                   ; Duplicated      ; Router Logic Cell Insertion and Logic Duplication ; Routability optimization   ;           ;                ; dec_bits_reg[216]~DUPLICATE                                                                 ;                  ;                       ;
; dec_bits_reg[218]                                   ; Duplicated      ; Router Logic Cell Insertion and Logic Duplication ; Routability optimization   ;           ;                ; dec_bits_reg[218]~DUPLICATE                                                                 ;                  ;                       ;
; dec_bits_reg[219]                                   ; Duplicated      ; Router Logic Cell Insertion and Logic Duplication ; Routability optimization   ;           ;                ; dec_bits_reg[219]~DUPLICATE                                                                 ;                  ;                       ;
; dec_bits_reg[222]                                   ; Duplicated      ; Router Logic Cell Insertion and Logic Duplication ; Routability optimization   ;           ;                ; dec_bits_reg[222]~DUPLICATE                                                                 ;                  ;                       ;
; dec_bits_reg[223]                                   ; Duplicated      ; Router Logic Cell Insertion and Logic Duplication ; Routability optimization   ;           ;                ; dec_bits_reg[223]~DUPLICATE                                                                 ;                  ;                       ;
; dec_bits_reg[224]                                   ; Duplicated      ; Router Logic Cell Insertion and Logic Duplication ; Routability optimization   ;           ;                ; dec_bits_reg[224]~DUPLICATE                                                                 ;                  ;                       ;
; dec_bits_reg[225]                                   ; Duplicated      ; Router Logic Cell Insertion and Logic Duplication ; Routability optimization   ;           ;                ; dec_bits_reg[225]~DUPLICATE                                                                 ;                  ;                       ;
; dec_bits_reg[229]                                   ; Duplicated      ; Router Logic Cell Insertion and Logic Duplication ; Routability optimization   ;           ;                ; dec_bits_reg[229]~DUPLICATE                                                                 ;                  ;                       ;
; dec_bits_reg[232]                                   ; Duplicated      ; Router Logic Cell Insertion and Logic Duplication ; Routability optimization   ;           ;                ; dec_bits_reg[232]~DUPLICATE                                                                 ;                  ;                       ;
; dec_bits_reg[234]                                   ; Duplicated      ; Router Logic Cell Insertion and Logic Duplication ; Routability optimization   ;           ;                ; dec_bits_reg[234]~DUPLICATE                                                                 ;                  ;                       ;
; dec_bits_reg[235]                                   ; Duplicated      ; Router Logic Cell Insertion and Logic Duplication ; Routability optimization   ;           ;                ; dec_bits_reg[235]~DUPLICATE                                                                 ;                  ;                       ;
; dec_bits_reg[237]                                   ; Duplicated      ; Router Logic Cell Insertion and Logic Duplication ; Routability optimization   ;           ;                ; dec_bits_reg[237]~DUPLICATE                                                                 ;                  ;                       ;
; dec_bits_reg[239]                                   ; Duplicated      ; Router Logic Cell Insertion and Logic Duplication ; Routability optimization   ;           ;                ; dec_bits_reg[239]~DUPLICATE                                                                 ;                  ;                       ;
; dec_bits_reg[241]                                   ; Duplicated      ; Router Logic Cell Insertion and Logic Duplication ; Routability optimization   ;           ;                ; dec_bits_reg[241]~DUPLICATE                                                                 ;                  ;                       ;
; dec_bits_reg[242]                                   ; Duplicated      ; Router Logic Cell Insertion and Logic Duplication ; Routability optimization   ;           ;                ; dec_bits_reg[242]~DUPLICATE                                                                 ;                  ;                       ;
; dec_bits_reg[243]                                   ; Duplicated      ; Router Logic Cell Insertion and Logic Duplication ; Routability optimization   ;           ;                ; dec_bits_reg[243]~DUPLICATE                                                                 ;                  ;                       ;
; dec_bits_reg[248]                                   ; Duplicated      ; Router Logic Cell Insertion and Logic Duplication ; Routability optimization   ;           ;                ; dec_bits_reg[248]~DUPLICATE                                                                 ;                  ;                       ;
; dec_bits_reg[250]                                   ; Duplicated      ; Router Logic Cell Insertion and Logic Duplication ; Routability optimization   ;           ;                ; dec_bits_reg[250]~DUPLICATE                                                                 ;                  ;                       ;
; dec_bits_reg[251]                                   ; Duplicated      ; Router Logic Cell Insertion and Logic Duplication ; Routability optimization   ;           ;                ; dec_bits_reg[251]~DUPLICATE                                                                 ;                  ;                       ;
; dec_bits_reg[255]                                   ; Duplicated      ; Router Logic Cell Insertion and Logic Duplication ; Routability optimization   ;           ;                ; dec_bits_reg[255]~DUPLICATE                                                                 ;                  ;                       ;
; dec_bits_reg[257]                                   ; Duplicated      ; Router Logic Cell Insertion and Logic Duplication ; Routability optimization   ;           ;                ; dec_bits_reg[257]~DUPLICATE                                                                 ;                  ;                       ;
; dec_bits_reg[261]                                   ; Duplicated      ; Router Logic Cell Insertion and Logic Duplication ; Routability optimization   ;           ;                ; dec_bits_reg[261]~DUPLICATE                                                                 ;                  ;                       ;
; dec_bits_reg[263]                                   ; Duplicated      ; Router Logic Cell Insertion and Logic Duplication ; Routability optimization   ;           ;                ; dec_bits_reg[263]~DUPLICATE                                                                 ;                  ;                       ;
; dec_bits_reg[265]                                   ; Duplicated      ; Router Logic Cell Insertion and Logic Duplication ; Routability optimization   ;           ;                ; dec_bits_reg[265]~DUPLICATE                                                                 ;                  ;                       ;
; dec_bits_reg[266]                                   ; Duplicated      ; Router Logic Cell Insertion and Logic Duplication ; Routability optimization   ;           ;                ; dec_bits_reg[266]~DUPLICATE                                                                 ;                  ;                       ;
; dec_bits_reg[269]                                   ; Duplicated      ; Router Logic Cell Insertion and Logic Duplication ; Routability optimization   ;           ;                ; dec_bits_reg[269]~DUPLICATE                                                                 ;                  ;                       ;
; dec_bits_reg[271]                                   ; Duplicated      ; Router Logic Cell Insertion and Logic Duplication ; Routability optimization   ;           ;                ; dec_bits_reg[271]~DUPLICATE                                                                 ;                  ;                       ;
; dec_bits_reg[274]                                   ; Duplicated      ; Router Logic Cell Insertion and Logic Duplication ; Routability optimization   ;           ;                ; dec_bits_reg[274]~DUPLICATE                                                                 ;                  ;                       ;
; dec_bits_reg[275]                                   ; Duplicated      ; Router Logic Cell Insertion and Logic Duplication ; Routability optimization   ;           ;                ; dec_bits_reg[275]~DUPLICATE                                                                 ;                  ;                       ;
; dec_bits_reg[279]                                   ; Duplicated      ; Router Logic Cell Insertion and Logic Duplication ; Routability optimization   ;           ;                ; dec_bits_reg[279]~DUPLICATE                                                                 ;                  ;                       ;
; dec_bits_reg[282]                                   ; Duplicated      ; Router Logic Cell Insertion and Logic Duplication ; Routability optimization   ;           ;                ; dec_bits_reg[282]~DUPLICATE                                                                 ;                  ;                       ;
; dec_bits_reg[289]                                   ; Duplicated      ; Router Logic Cell Insertion and Logic Duplication ; Routability optimization   ;           ;                ; dec_bits_reg[289]~DUPLICATE                                                                 ;                  ;                       ;
; dec_bits_reg[291]                                   ; Duplicated      ; Router Logic Cell Insertion and Logic Duplication ; Routability optimization   ;           ;                ; dec_bits_reg[291]~DUPLICATE                                                                 ;                  ;                       ;
; dec_bits_reg[293]                                   ; Duplicated      ; Router Logic Cell Insertion and Logic Duplication ; Routability optimization   ;           ;                ; dec_bits_reg[293]~DUPLICATE                                                                 ;                  ;                       ;
; dec_bits_reg[296]                                   ; Duplicated      ; Router Logic Cell Insertion and Logic Duplication ; Routability optimization   ;           ;                ; dec_bits_reg[296]~DUPLICATE                                                                 ;                  ;                       ;
; dec_bits_reg[299]                                   ; Duplicated      ; Router Logic Cell Insertion and Logic Duplication ; Routability optimization   ;           ;                ; dec_bits_reg[299]~DUPLICATE                                                                 ;                  ;                       ;
; dec_bits_reg[303]                                   ; Duplicated      ; Router Logic Cell Insertion and Logic Duplication ; Routability optimization   ;           ;                ; dec_bits_reg[303]~DUPLICATE                                                                 ;                  ;                       ;
; dec_bits_reg[307]                                   ; Duplicated      ; Router Logic Cell Insertion and Logic Duplication ; Routability optimization   ;           ;                ; dec_bits_reg[307]~DUPLICATE                                                                 ;                  ;                       ;
; dec_bits_reg[308]                                   ; Duplicated      ; Router Logic Cell Insertion and Logic Duplication ; Routability optimization   ;           ;                ; dec_bits_reg[308]~DUPLICATE                                                                 ;                  ;                       ;
; dec_bits_reg[310]                                   ; Duplicated      ; Router Logic Cell Insertion and Logic Duplication ; Routability optimization   ;           ;                ; dec_bits_reg[310]~DUPLICATE                                                                 ;                  ;                       ;
; dec_bits_reg[313]                                   ; Duplicated      ; Router Logic Cell Insertion and Logic Duplication ; Routability optimization   ;           ;                ; dec_bits_reg[313]~DUPLICATE                                                                 ;                  ;                       ;
; dec_bits_reg[314]                                   ; Duplicated      ; Router Logic Cell Insertion and Logic Duplication ; Routability optimization   ;           ;                ; dec_bits_reg[314]~DUPLICATE                                                                 ;                  ;                       ;
; dec_bits_reg[323]                                   ; Duplicated      ; Router Logic Cell Insertion and Logic Duplication ; Routability optimization   ;           ;                ; dec_bits_reg[323]~DUPLICATE                                                                 ;                  ;                       ;
; dec_bits_reg[324]                                   ; Duplicated      ; Router Logic Cell Insertion and Logic Duplication ; Routability optimization   ;           ;                ; dec_bits_reg[324]~DUPLICATE                                                                 ;                  ;                       ;
; dec_bits_reg[325]                                   ; Duplicated      ; Router Logic Cell Insertion and Logic Duplication ; Routability optimization   ;           ;                ; dec_bits_reg[325]~DUPLICATE                                                                 ;                  ;                       ;
; dec_bits_reg[327]                                   ; Duplicated      ; Router Logic Cell Insertion and Logic Duplication ; Routability optimization   ;           ;                ; dec_bits_reg[327]~DUPLICATE                                                                 ;                  ;                       ;
; dec_bits_reg[328]                                   ; Duplicated      ; Router Logic Cell Insertion and Logic Duplication ; Routability optimization   ;           ;                ; dec_bits_reg[328]~DUPLICATE                                                                 ;                  ;                       ;
; dec_bits_reg[329]                                   ; Duplicated      ; Router Logic Cell Insertion and Logic Duplication ; Routability optimization   ;           ;                ; dec_bits_reg[329]~DUPLICATE                                                                 ;                  ;                       ;
; dec_bits_reg[333]                                   ; Duplicated      ; Router Logic Cell Insertion and Logic Duplication ; Routability optimization   ;           ;                ; dec_bits_reg[333]~DUPLICATE                                                                 ;                  ;                       ;
; dec_bits_reg[335]                                   ; Duplicated      ; Router Logic Cell Insertion and Logic Duplication ; Routability optimization   ;           ;                ; dec_bits_reg[335]~DUPLICATE                                                                 ;                  ;                       ;
; dec_bits_reg[339]                                   ; Duplicated      ; Router Logic Cell Insertion and Logic Duplication ; Routability optimization   ;           ;                ; dec_bits_reg[339]~DUPLICATE                                                                 ;                  ;                       ;
; dec_bits_reg[341]                                   ; Duplicated      ; Router Logic Cell Insertion and Logic Duplication ; Routability optimization   ;           ;                ; dec_bits_reg[341]~DUPLICATE                                                                 ;                  ;                       ;
; dec_bits_reg[343]                                   ; Duplicated      ; Router Logic Cell Insertion and Logic Duplication ; Routability optimization   ;           ;                ; dec_bits_reg[343]~DUPLICATE                                                                 ;                  ;                       ;
; dec_bits_reg[345]                                   ; Duplicated      ; Router Logic Cell Insertion and Logic Duplication ; Routability optimization   ;           ;                ; dec_bits_reg[345]~DUPLICATE                                                                 ;                  ;                       ;
; dec_bits_reg[346]                                   ; Duplicated      ; Router Logic Cell Insertion and Logic Duplication ; Routability optimization   ;           ;                ; dec_bits_reg[346]~DUPLICATE                                                                 ;                  ;                       ;
; dec_bits_reg[352]                                   ; Duplicated      ; Router Logic Cell Insertion and Logic Duplication ; Routability optimization   ;           ;                ; dec_bits_reg[352]~DUPLICATE                                                                 ;                  ;                       ;
; dec_bits_reg[353]                                   ; Duplicated      ; Router Logic Cell Insertion and Logic Duplication ; Routability optimization   ;           ;                ; dec_bits_reg[353]~DUPLICATE                                                                 ;                  ;                       ;
; dec_bits_reg[354]                                   ; Duplicated      ; Router Logic Cell Insertion and Logic Duplication ; Routability optimization   ;           ;                ; dec_bits_reg[354]~DUPLICATE                                                                 ;                  ;                       ;
; dec_bits_reg[355]                                   ; Duplicated      ; Router Logic Cell Insertion and Logic Duplication ; Routability optimization   ;           ;                ; dec_bits_reg[355]~DUPLICATE                                                                 ;                  ;                       ;
; dec_bits_reg[360]                                   ; Duplicated      ; Router Logic Cell Insertion and Logic Duplication ; Routability optimization   ;           ;                ; dec_bits_reg[360]~DUPLICATE                                                                 ;                  ;                       ;
; dec_bits_reg[361]                                   ; Duplicated      ; Router Logic Cell Insertion and Logic Duplication ; Routability optimization   ;           ;                ; dec_bits_reg[361]~DUPLICATE                                                                 ;                  ;                       ;
; dec_bits_reg[362]                                   ; Duplicated      ; Router Logic Cell Insertion and Logic Duplication ; Routability optimization   ;           ;                ; dec_bits_reg[362]~DUPLICATE                                                                 ;                  ;                       ;
; dec_bits_reg[363]                                   ; Duplicated      ; Router Logic Cell Insertion and Logic Duplication ; Routability optimization   ;           ;                ; dec_bits_reg[363]~DUPLICATE                                                                 ;                  ;                       ;
; dec_bits_reg[365]                                   ; Duplicated      ; Router Logic Cell Insertion and Logic Duplication ; Routability optimization   ;           ;                ; dec_bits_reg[365]~DUPLICATE                                                                 ;                  ;                       ;
; dec_bits_reg[367]                                   ; Duplicated      ; Router Logic Cell Insertion and Logic Duplication ; Routability optimization   ;           ;                ; dec_bits_reg[367]~DUPLICATE                                                                 ;                  ;                       ;
; dec_bits_reg[372]                                   ; Duplicated      ; Router Logic Cell Insertion and Logic Duplication ; Routability optimization   ;           ;                ; dec_bits_reg[372]~DUPLICATE                                                                 ;                  ;                       ;
; dec_bits_reg[374]                                   ; Duplicated      ; Router Logic Cell Insertion and Logic Duplication ; Routability optimization   ;           ;                ; dec_bits_reg[374]~DUPLICATE                                                                 ;                  ;                       ;
; dec_bits_reg[377]                                   ; Duplicated      ; Router Logic Cell Insertion and Logic Duplication ; Routability optimization   ;           ;                ; dec_bits_reg[377]~DUPLICATE                                                                 ;                  ;                       ;
; dec_bits_reg[381]                                   ; Duplicated      ; Router Logic Cell Insertion and Logic Duplication ; Routability optimization   ;           ;                ; dec_bits_reg[381]~DUPLICATE                                                                 ;                  ;                       ;
; dec_bits_reg[384]                                   ; Duplicated      ; Router Logic Cell Insertion and Logic Duplication ; Routability optimization   ;           ;                ; dec_bits_reg[384]~DUPLICATE                                                                 ;                  ;                       ;
; dec_bits_reg[388]                                   ; Duplicated      ; Router Logic Cell Insertion and Logic Duplication ; Routability optimization   ;           ;                ; dec_bits_reg[388]~DUPLICATE                                                                 ;                  ;                       ;
; dec_bits_reg[390]                                   ; Duplicated      ; Router Logic Cell Insertion and Logic Duplication ; Routability optimization   ;           ;                ; dec_bits_reg[390]~DUPLICATE                                                                 ;                  ;                       ;
; dec_bits_reg[391]                                   ; Duplicated      ; Router Logic Cell Insertion and Logic Duplication ; Routability optimization   ;           ;                ; dec_bits_reg[391]~DUPLICATE                                                                 ;                  ;                       ;
; dec_bits_reg[397]                                   ; Duplicated      ; Router Logic Cell Insertion and Logic Duplication ; Routability optimization   ;           ;                ; dec_bits_reg[397]~DUPLICATE                                                                 ;                  ;                       ;
; dec_bits_reg[400]                                   ; Duplicated      ; Router Logic Cell Insertion and Logic Duplication ; Routability optimization   ;           ;                ; dec_bits_reg[400]~DUPLICATE                                                                 ;                  ;                       ;
; dec_bits_reg[401]                                   ; Duplicated      ; Router Logic Cell Insertion and Logic Duplication ; Routability optimization   ;           ;                ; dec_bits_reg[401]~DUPLICATE                                                                 ;                  ;                       ;
; dec_bits_reg[404]                                   ; Duplicated      ; Router Logic Cell Insertion and Logic Duplication ; Routability optimization   ;           ;                ; dec_bits_reg[404]~DUPLICATE                                                                 ;                  ;                       ;
; dec_bits_reg[405]                                   ; Duplicated      ; Router Logic Cell Insertion and Logic Duplication ; Routability optimization   ;           ;                ; dec_bits_reg[405]~DUPLICATE                                                                 ;                  ;                       ;
; dec_bits_reg[410]                                   ; Duplicated      ; Router Logic Cell Insertion and Logic Duplication ; Routability optimization   ;           ;                ; dec_bits_reg[410]~DUPLICATE                                                                 ;                  ;                       ;
; dec_bits_reg[414]                                   ; Duplicated      ; Router Logic Cell Insertion and Logic Duplication ; Routability optimization   ;           ;                ; dec_bits_reg[414]~DUPLICATE                                                                 ;                  ;                       ;
; dec_bits_reg[415]                                   ; Duplicated      ; Router Logic Cell Insertion and Logic Duplication ; Routability optimization   ;           ;                ; dec_bits_reg[415]~DUPLICATE                                                                 ;                  ;                       ;
; dec_bits_reg[420]                                   ; Duplicated      ; Router Logic Cell Insertion and Logic Duplication ; Routability optimization   ;           ;                ; dec_bits_reg[420]~DUPLICATE                                                                 ;                  ;                       ;
; dec_bits_reg[422]                                   ; Duplicated      ; Router Logic Cell Insertion and Logic Duplication ; Routability optimization   ;           ;                ; dec_bits_reg[422]~DUPLICATE                                                                 ;                  ;                       ;
; dec_bits_reg[423]                                   ; Duplicated      ; Router Logic Cell Insertion and Logic Duplication ; Routability optimization   ;           ;                ; dec_bits_reg[423]~DUPLICATE                                                                 ;                  ;                       ;
; dec_bits_reg[425]                                   ; Duplicated      ; Router Logic Cell Insertion and Logic Duplication ; Routability optimization   ;           ;                ; dec_bits_reg[425]~DUPLICATE                                                                 ;                  ;                       ;
; dec_bits_reg[429]                                   ; Duplicated      ; Router Logic Cell Insertion and Logic Duplication ; Routability optimization   ;           ;                ; dec_bits_reg[429]~DUPLICATE                                                                 ;                  ;                       ;
; dec_bits_reg[431]                                   ; Duplicated      ; Router Logic Cell Insertion and Logic Duplication ; Routability optimization   ;           ;                ; dec_bits_reg[431]~DUPLICATE                                                                 ;                  ;                       ;
; dec_bits_reg[433]                                   ; Duplicated      ; Router Logic Cell Insertion and Logic Duplication ; Routability optimization   ;           ;                ; dec_bits_reg[433]~DUPLICATE                                                                 ;                  ;                       ;
; dec_bits_reg[435]                                   ; Duplicated      ; Router Logic Cell Insertion and Logic Duplication ; Routability optimization   ;           ;                ; dec_bits_reg[435]~DUPLICATE                                                                 ;                  ;                       ;
; dec_bits_reg[438]                                   ; Duplicated      ; Router Logic Cell Insertion and Logic Duplication ; Routability optimization   ;           ;                ; dec_bits_reg[438]~DUPLICATE                                                                 ;                  ;                       ;
; dec_bits_reg[442]                                   ; Duplicated      ; Router Logic Cell Insertion and Logic Duplication ; Routability optimization   ;           ;                ; dec_bits_reg[442]~DUPLICATE                                                                 ;                  ;                       ;
; dec_bits_reg[443]                                   ; Duplicated      ; Router Logic Cell Insertion and Logic Duplication ; Routability optimization   ;           ;                ; dec_bits_reg[443]~DUPLICATE                                                                 ;                  ;                       ;
; dec_bits_reg[447]                                   ; Duplicated      ; Router Logic Cell Insertion and Logic Duplication ; Routability optimization   ;           ;                ; dec_bits_reg[447]~DUPLICATE                                                                 ;                  ;                       ;
; dec_bits_reg[448]                                   ; Duplicated      ; Router Logic Cell Insertion and Logic Duplication ; Routability optimization   ;           ;                ; dec_bits_reg[448]~DUPLICATE                                                                 ;                  ;                       ;
; dec_bits_reg[450]                                   ; Duplicated      ; Router Logic Cell Insertion and Logic Duplication ; Routability optimization   ;           ;                ; dec_bits_reg[450]~DUPLICATE                                                                 ;                  ;                       ;
; dec_bits_reg[457]                                   ; Duplicated      ; Router Logic Cell Insertion and Logic Duplication ; Routability optimization   ;           ;                ; dec_bits_reg[457]~DUPLICATE                                                                 ;                  ;                       ;
; dec_bits_reg[458]                                   ; Duplicated      ; Router Logic Cell Insertion and Logic Duplication ; Routability optimization   ;           ;                ; dec_bits_reg[458]~DUPLICATE                                                                 ;                  ;                       ;
; dec_bits_reg[468]                                   ; Duplicated      ; Router Logic Cell Insertion and Logic Duplication ; Routability optimization   ;           ;                ; dec_bits_reg[468]~DUPLICATE                                                                 ;                  ;                       ;
; dec_bits_reg[469]                                   ; Duplicated      ; Router Logic Cell Insertion and Logic Duplication ; Routability optimization   ;           ;                ; dec_bits_reg[469]~DUPLICATE                                                                 ;                  ;                       ;
; dec_bits_reg[471]                                   ; Duplicated      ; Router Logic Cell Insertion and Logic Duplication ; Routability optimization   ;           ;                ; dec_bits_reg[471]~DUPLICATE                                                                 ;                  ;                       ;
; dec_bits_reg[474]                                   ; Duplicated      ; Router Logic Cell Insertion and Logic Duplication ; Routability optimization   ;           ;                ; dec_bits_reg[474]~DUPLICATE                                                                 ;                  ;                       ;
; dec_bits_reg[476]                                   ; Duplicated      ; Router Logic Cell Insertion and Logic Duplication ; Routability optimization   ;           ;                ; dec_bits_reg[476]~DUPLICATE                                                                 ;                  ;                       ;
; dec_bits_reg[477]                                   ; Duplicated      ; Router Logic Cell Insertion and Logic Duplication ; Routability optimization   ;           ;                ; dec_bits_reg[477]~DUPLICATE                                                                 ;                  ;                       ;
; dec_bits_reg[478]                                   ; Duplicated      ; Router Logic Cell Insertion and Logic Duplication ; Routability optimization   ;           ;                ; dec_bits_reg[478]~DUPLICATE                                                                 ;                  ;                       ;
; dec_bits_reg[479]                                   ; Duplicated      ; Router Logic Cell Insertion and Logic Duplication ; Routability optimization   ;           ;                ; dec_bits_reg[479]~DUPLICATE                                                                 ;                  ;                       ;
; dec_bits_reg[481]                                   ; Duplicated      ; Router Logic Cell Insertion and Logic Duplication ; Routability optimization   ;           ;                ; dec_bits_reg[481]~DUPLICATE                                                                 ;                  ;                       ;
; dec_bits_reg[483]                                   ; Duplicated      ; Router Logic Cell Insertion and Logic Duplication ; Routability optimization   ;           ;                ; dec_bits_reg[483]~DUPLICATE                                                                 ;                  ;                       ;
; dec_bits_reg[484]                                   ; Duplicated      ; Router Logic Cell Insertion and Logic Duplication ; Routability optimization   ;           ;                ; dec_bits_reg[484]~DUPLICATE                                                                 ;                  ;                       ;
; dec_bits_reg[485]                                   ; Duplicated      ; Router Logic Cell Insertion and Logic Duplication ; Routability optimization   ;           ;                ; dec_bits_reg[485]~DUPLICATE                                                                 ;                  ;                       ;
; dec_bits_reg[488]                                   ; Duplicated      ; Router Logic Cell Insertion and Logic Duplication ; Routability optimization   ;           ;                ; dec_bits_reg[488]~DUPLICATE                                                                 ;                  ;                       ;
; dec_bits_reg[491]                                   ; Duplicated      ; Router Logic Cell Insertion and Logic Duplication ; Routability optimization   ;           ;                ; dec_bits_reg[491]~DUPLICATE                                                                 ;                  ;                       ;
; dec_bits_reg[492]                                   ; Duplicated      ; Router Logic Cell Insertion and Logic Duplication ; Routability optimization   ;           ;                ; dec_bits_reg[492]~DUPLICATE                                                                 ;                  ;                       ;
; dec_bits_reg[493]                                   ; Duplicated      ; Router Logic Cell Insertion and Logic Duplication ; Routability optimization   ;           ;                ; dec_bits_reg[493]~DUPLICATE                                                                 ;                  ;                       ;
; dec_bits_reg[495]                                   ; Duplicated      ; Router Logic Cell Insertion and Logic Duplication ; Routability optimization   ;           ;                ; dec_bits_reg[495]~DUPLICATE                                                                 ;                  ;                       ;
; dec_bits_reg[497]                                   ; Duplicated      ; Router Logic Cell Insertion and Logic Duplication ; Routability optimization   ;           ;                ; dec_bits_reg[497]~DUPLICATE                                                                 ;                  ;                       ;
; dec_bits_reg[502]                                   ; Duplicated      ; Router Logic Cell Insertion and Logic Duplication ; Routability optimization   ;           ;                ; dec_bits_reg[502]~DUPLICATE                                                                 ;                  ;                       ;
; dec_bits_reg[505]                                   ; Duplicated      ; Router Logic Cell Insertion and Logic Duplication ; Routability optimization   ;           ;                ; dec_bits_reg[505]~DUPLICATE                                                                 ;                  ;                       ;
; dec_bits_reg[510]                                   ; Duplicated      ; Router Logic Cell Insertion and Logic Duplication ; Routability optimization   ;           ;                ; dec_bits_reg[510]~DUPLICATE                                                                 ;                  ;                       ;
; dec_bits_reg[511]                                   ; Duplicated      ; Router Logic Cell Insertion and Logic Duplication ; Routability optimization   ;           ;                ; dec_bits_reg[511]~DUPLICATE                                                                 ;                  ;                       ;
; iteration_controller:ctrl_inst|cn_index[3]          ; Duplicated      ; Router Logic Cell Insertion and Logic Duplication ; Routability optimization   ;           ;                ; iteration_controller:ctrl_inst|cn_index[3]~DUPLICATE                                        ;                  ;                       ;
; iteration_controller:ctrl_inst|cn_index[4]          ; Duplicated      ; Router Logic Cell Insertion and Logic Duplication ; Routability optimization   ;           ;                ; iteration_controller:ctrl_inst|cn_index[4]~DUPLICATE                                        ;                  ;                       ;
; iteration_controller:ctrl_inst|cn_index[7]          ; Duplicated      ; Router Logic Cell Insertion and Logic Duplication ; Routability optimization   ;           ;                ; iteration_controller:ctrl_inst|cn_index[7]~DUPLICATE                                        ;                  ;                       ;
; iteration_controller:ctrl_inst|cn_slot[0]           ; Duplicated      ; Router Logic Cell Insertion and Logic Duplication ; Routability optimization   ;           ;                ; iteration_controller:ctrl_inst|cn_slot[0]~DUPLICATE                                         ;                  ;                       ;
; iteration_controller:ctrl_inst|cn_wb_slot[0]        ; Duplicated      ; Router Logic Cell Insertion and Logic Duplication ; Routability optimization   ;           ;                ; iteration_controller:ctrl_inst|cn_wb_slot[0]~DUPLICATE                                      ;                  ;                       ;
; iteration_controller:ctrl_inst|cn_wb_slot[1]        ; Duplicated      ; Router Logic Cell Insertion and Logic Duplication ; Routability optimization   ;           ;                ; iteration_controller:ctrl_inst|cn_wb_slot[1]~DUPLICATE                                      ;                  ;                       ;
; iteration_controller:ctrl_inst|vn_index[1]          ; Duplicated      ; Router Logic Cell Insertion and Logic Duplication ; Routability optimization   ;           ;                ; iteration_controller:ctrl_inst|vn_index[1]~DUPLICATE                                        ;                  ;                       ;
; iteration_controller:ctrl_inst|vn_index[3]          ; Duplicated      ; Router Logic Cell Insertion and Logic Duplication ; Routability optimization   ;           ;                ; iteration_controller:ctrl_inst|vn_index[3]~DUPLICATE                                        ;                  ;                       ;
; iteration_controller:ctrl_inst|vn_index[6]          ; Duplicated      ; Router Logic Cell Insertion and Logic Duplication ; Routability optimization   ;           ;                ; iteration_controller:ctrl_inst|vn_index[6]~DUPLICATE                                        ;                  ;                       ;
; iteration_controller:ctrl_inst|vn_index[8]          ; Duplicated      ; Router Logic Cell Insertion and Logic Duplication ; Routability optimization   ;           ;                ; iteration_controller:ctrl_inst|vn_index[8]~DUPLICATE                                        ;                  ;                       ;
; iteration_controller:ctrl_inst|vn_slot[0]           ; Duplicated      ; Router Logic Cell Insertion and Logic Duplication ; Routability optimization   ;           ;                ; iteration_controller:ctrl_inst|vn_slot[0]~DUPLICATE                                         ;                  ;                       ;
; iteration_controller:ctrl_inst|vn_wb_slot[0]        ; Duplicated      ; Router Logic Cell Insertion and Logic Duplication ; Routability optimization   ;           ;                ; iteration_controller:ctrl_inst|vn_wb_slot[0]~DUPLICATE                                      ;                  ;                       ;
; iteration_controller:ctrl_inst|vn_wb_slot[2]        ; Duplicated      ; Router Logic Cell Insertion and Logic Duplication ; Routability optimization   ;           ;                ; iteration_controller:ctrl_inst|vn_wb_slot[2]~DUPLICATE                                      ;                  ;                       ;
; readout_addr[0]                                     ; Duplicated      ; Router Logic Cell Insertion and Logic Duplication ; Routability optimization   ;           ;                ; readout_addr[0]~DUPLICATE                                                                   ;                  ;                       ;
; readout_addr[7]                                     ; Duplicated      ; Router Logic Cell Insertion and Logic Duplication ; Routability optimization   ;           ;                ; readout_addr[7]~DUPLICATE                                                                   ;                  ;                       ;
+-----------------------------------------------------+-----------------+---------------------------------------------------+----------------------------+-----------+----------------+---------------------------------------------------------------------------------------------+------------------+-----------------------+


+---------------------------------------------------------------------------------------------------+
; Incremental Compilation Preservation Summary                                                      ;
+---------------------+---------------------+----------------------------+--------------------------+
; Type                ; Total [A + B]       ; From Design Partitions [A] ; From Rapid Recompile [B] ;
+---------------------+---------------------+----------------------------+--------------------------+
; Placement (by node) ;                     ;                            ;                          ;
;     -- Requested    ; 0.00 % ( 0 / 3419 ) ; 0.00 % ( 0 / 3419 )        ; 0.00 % ( 0 / 3419 )      ;
;     -- Achieved     ; 0.00 % ( 0 / 3419 ) ; 0.00 % ( 0 / 3419 )        ; 0.00 % ( 0 / 3419 )      ;
;                     ;                     ;                            ;                          ;
; Routing (by net)    ;                     ;                            ;                          ;
;     -- Requested    ; 0.00 % ( 0 / 0 )    ; 0.00 % ( 0 / 0 )           ; 0.00 % ( 0 / 0 )         ;
;     -- Achieved     ; 0.00 % ( 0 / 0 )    ; 0.00 % ( 0 / 0 )           ; 0.00 % ( 0 / 0 )         ;
+---------------------+---------------------+----------------------------+--------------------------+


+----------------------------------------------------------------------------------------------------------------------------------------------------------------------------------------+
; Incremental Compilation Partition Settings                                                                                                                                             ;
+--------------------------------+----------------+-------------------+-------------------------+------------------------+------------------------------+--------------------------------+
; Partition Name                 ; Partition Type ; Netlist Type Used ; Preservation Level Used ; Netlist Type Requested ; Preservation Level Requested ; Contents                       ;
+--------------------------------+----------------+-------------------+-------------------------+------------------------+------------------------------+--------------------------------+
; Top                            ; User-created   ; Source File       ; N/A                     ; Source File            ; N/A                          ;                                ;
; hard_block:auto_generated_inst ; Auto-generated ; Source File       ; N/A                     ; Source File            ; N/A                          ; hard_block:auto_generated_inst ;
+--------------------------------+----------------+-------------------+-------------------------+------------------------+------------------------------+--------------------------------+


+------------------------------------------------------------------------------------------------------------------------------------+
; Incremental Compilation Placement Preservation                                                                                     ;
+--------------------------------+-----------------------+-------------------------+-------------------+---------------------+-------+
; Partition Name                 ; Preservation Achieved ; Preservation Level Used ; Netlist Type Used ; Preservation Method ; Notes ;
+--------------------------------+-----------------------+-------------------------+-------------------+---------------------+-------+
; Top                            ; 0.00 % ( 0 / 3419 )   ; N/A                     ; Source File       ; N/A                 ;       ;
; hard_block:auto_generated_inst ; 0.00 % ( 0 / 0 )      ; N/A                     ; Source File       ; N/A                 ;       ;
+--------------------------------+-----------------------+-------------------------+-------------------+---------------------+-------+


+--------------+
; Pin-Out File ;
+--------------+
The pin-out file can be found in C:/Users/moahs/Workspace/LDPC-FPGA-Decoder/fpga/quartus/output_files/cnu_project.pin.


+---------------------------------------------------------------------------------------------+
; Fitter Resource Usage Summary                                                               ;
+-------------------------------------------------------------+-----------------------+-------+
; Resource                                                    ; Usage                 ; %     ;
+-------------------------------------------------------------+-----------------------+-------+
; Logic utilization (ALMs needed / total ALMs on device)      ; 1,439 / 56,480        ; 3 %   ;
; ALMs needed [=A-B+C]                                        ; 1,439                 ;       ;
;     [A] ALMs used in final placement [=a+b+c+d]             ; 1,513 / 56,480        ; 3 %   ;
;         [a] ALMs used for LUT logic and registers           ; 440                   ;       ;
;         [b] ALMs used for LUT logic                         ; 945                   ;       ;
;         [c] ALMs used for registers                         ; 128                   ;       ;
;         [d] ALMs used for memory (up to half of total ALMs) ; 0                     ;       ;
;     [B] Estimate of ALMs recoverable by dense packing       ; 90 / 56,480           ; < 1 % ;
;     [C] Estimate of ALMs unavailable [=a+b+c+d]             ; 16 / 56,480           ; < 1 % ;
;         [a] Due to location constrained logic               ; 0                     ;       ;
;         [b] Due to LAB-wide signal conflicts                ; 0                     ;       ;
;         [c] Due to LAB input limits                         ; 16                    ;       ;
;         [d] Due to virtual I/Os                             ; 0                     ;       ;
;                                                             ;                       ;       ;
; Difficulty packing design                                   ; Low                   ;       ;
;                                                             ;                       ;       ;
; Total LABs:  partially or completely used                   ; 226 / 5,648           ; 4 %   ;
;     -- Logic LABs                                           ; 226                   ;       ;
;     -- Memory LABs (up to half of total LABs)               ; 0                     ;       ;
;                                                             ;                       ;       ;
; Combinational ALUT usage for logic                          ; 2,142                 ;       ;
;     -- 7 input functions                                    ; 11                    ;       ;
;     -- 6 input functions                                    ; 703                   ;       ;
;     -- 5 input functions                                    ; 169                   ;       ;
;     -- 4 input functions                                    ; 596                   ;       ;
;     -- <=3 input functions                                  ; 663                   ;       ;
; Combinational ALUT usage for route-throughs                 ; 83                    ;       ;
;                                                             ;                       ;       ;
; Dedicated logic registers                                   ; 1,391                 ;       ;
;     -- By type:                                             ;                       ;       ;
;         -- Primary logic registers                          ; 1,134 / 112,960       ; 1 %   ;
;         -- Secondary logic registers                        ; 257 / 112,960         ; < 1 % ;
;     -- By function:                                         ;                       ;       ;
;         -- Design implementation registers                  ; 1,136                 ;       ;
;         -- Routing optimization registers                   ; 255                   ;       ;
;                                                             ;                       ;       ;
; Virtual pins                                                ; 0                     ;       ;
; I/O pins                                                    ; 34 / 268              ; 13 %  ;
;     -- Clock pins                                           ; 1 / 11                ; 9 %   ;
;     -- Dedicated input pins                                 ; 0 / 23                ; 0 %   ;
;                                                             ;                       ;       ;
; M10K blocks                                                 ; 14 / 686              ; 2 %   ;
; Total MLAB memory bits                                      ; 0                     ;       ;
; Total block memory bits                                     ; 83,599 / 7,024,640    ; 1 %   ;
; Total block memory implementation bits                      ; 143,360 / 7,024,640   ; 2 %   ;
;                                                             ;                       ;       ;
; Total DSP Blocks                                            ; 0 / 156               ; 0 %   ;
;                                                             ;                       ;       ;
; Fractional PLLs                                             ; 0 / 7                 ; 0 %   ;
; Global signals                                              ; 2                     ;       ;
;     -- Global clocks                                        ; 2 / 16                ; 13 %  ;
;     -- Quadrant clocks                                      ; 0 / 88                ; 0 %   ;
;     -- Horizontal periphery clocks                          ; 0 / 18                ; 0 %   ;
; SERDES Transmitters                                         ; 0 / 120               ; 0 %   ;
; SERDES Receivers                                            ; 0 / 120               ; 0 %   ;
; JTAGs                                                       ; 0 / 1                 ; 0 %   ;
; ASMI blocks                                                 ; 0 / 1                 ; 0 %   ;
; CRC blocks                                                  ; 0 / 1                 ; 0 %   ;
; Remote update blocks                                        ; 0 / 1                 ; 0 %   ;
; Oscillator blocks                                           ; 0 / 1                 ; 0 %   ;
; Hard IPs                                                    ; 0 / 1                 ; 0 %   ;
; Standard RX PCSs                                            ; 0 / 6                 ; 0 %   ;
; HSSI PMA RX Deserializers                                   ; 0 / 6                 ; 0 %   ;
; Standard TX PCSs                                            ; 0 / 6                 ; 0 %   ;
; HSSI PMA TX Serializers                                     ; 0 / 6                 ; 0 %   ;
; Channel PLLs                                                ; 0 / 6                 ; 0 %   ;
; Impedance control blocks                                    ; 0 / 3                 ; 0 %   ;
; Hard Memory Controllers                                     ; 0 / 2                 ; 0 %   ;
; Average interconnect usage (total/H/V)                      ; 1.3% / 1.3% / 1.1%    ;       ;
; Peak interconnect usage (total/H/V)                         ; 32.8% / 33.6% / 30.3% ;       ;
; Maximum fan-out                                             ; 1405                  ;       ;
; Highest non-global fan-out                                  ; 512                   ;       ;
; Total fan-out                                               ; 14471                 ;       ;
; Average fan-out                                             ; 3.91                  ;       ;
+-------------------------------------------------------------+-----------------------+-------+


+-----------------------------------------------------------------------------------------------------------------------+
; Fitter Partition Statistics                                                                                           ;
+-------------------------------------------------------------+------------------------+--------------------------------+
; Statistic                                                   ; Top                    ; hard_block:auto_generated_inst ;
+-------------------------------------------------------------+------------------------+--------------------------------+
; Logic utilization (ALMs needed / total ALMs on device)      ; 1439 / 56480 ( 3 % )   ; 0 / 56480 ( 0 % )              ;
; ALMs needed [=A-B+C]                                        ; 1439                   ; 0                              ;
;     [A] ALMs used in final placement [=a+b+c+d]             ; 1513 / 56480 ( 3 % )   ; 0 / 56480 ( 0 % )              ;
;         [a] ALMs used for LUT logic and registers           ; 440                    ; 0                              ;
;         [b] ALMs used for LUT logic                         ; 945                    ; 0                              ;
;         [c] ALMs used for registers                         ; 128                    ; 0                              ;
;         [d] ALMs used for memory (up to half of total ALMs) ; 0                      ; 0                              ;
;     [B] Estimate of ALMs recoverable by dense packing       ; 90 / 56480 ( < 1 % )   ; 0 / 56480 ( 0 % )              ;
;     [C] Estimate of ALMs unavailable [=a+b+c+d]             ; 16 / 56480 ( < 1 % )   ; 0 / 56480 ( 0 % )              ;
;         [a] Due to location constrained logic               ; 0                      ; 0                              ;
;         [b] Due to LAB-wide signal conflicts                ; 0                      ; 0                              ;
;         [c] Due to LAB input limits                         ; 16                     ; 0                              ;
;         [d] Due to virtual I/Os                             ; 0                      ; 0                              ;
;                                                             ;                        ;                                ;
; Difficulty packing design                                   ; Low                    ; Low                            ;
;                                                             ;                        ;                                ;
; Total LABs:  partially or completely used                   ; 226 / 5648 ( 4 % )     ; 0 / 5648 ( 0 % )               ;
;     -- Logic LABs                                           ; 226                    ; 0                              ;
;     -- Memory LABs (up to half of total LABs)               ; 0                      ; 0                              ;
;                                                             ;                        ;                                ;
; Combinational ALUT usage for logic                          ; 2142                   ; 0                              ;
;     -- 7 input functions                                    ; 11                     ; 0                              ;
;     -- 6 input functions                                    ; 703                    ; 0                              ;
;     -- 5 input functions                                    ; 169                    ; 0                              ;
;     -- 4 input functions                                    ; 596                    ; 0                              ;
;     -- <=3 input functions                                  ; 663                    ; 0                              ;
; Combinational ALUT usage for route-throughs                 ; 83                     ; 0                              ;
; Memory ALUT usage                                           ; 0                      ; 0                              ;
;     -- 64-address deep                                      ; 0                      ; 0                              ;
;     -- 32-address deep                                      ; 0                      ; 0                              ;
;                                                             ;                        ;                                ;
; Dedicated logic registers                                   ; 0                      ; 0                              ;
;     -- By type:                                             ;                        ;                                ;
;         -- Primary logic registers                          ; 1134 / 112960 ( 1 % )  ; 0 / 112960 ( 0 % )             ;
;         -- Secondary logic registers                        ; 257 / 112960 ( < 1 % ) ; 0 / 112960 ( 0 % )             ;
;     -- By function:                                         ;                        ;                                ;
;         -- Design implementation registers                  ; 1136                   ; 0                              ;
;         -- Routing optimization registers                   ; 255                    ; 0                              ;
;                                                             ;                        ;                                ;
;                                                             ;                        ;                                ;
; Virtual pins                                                ; 0                      ; 0                              ;
; I/O pins                                                    ; 34                     ; 0                              ;
; I/O registers                                               ; 0                      ; 0                              ;
; Total block memory bits                                     ; 83599                  ; 0                              ;
; Total block memory implementation bits                      ; 143360                 ; 0                              ;
; M10K block                                                  ; 14 / 686 ( 2 % )       ; 0 / 686 ( 0 % )                ;
; Clock enable block                                          ; 2 / 122 ( 1 % )        ; 0 / 122 ( 0 % )                ;
;                                                             ;                        ;                                ;
; Connections                                                 ;                        ;                                ;
;     -- Input Connections                                    ; 0                      ; 0                              ;
;     -- Registered Input Connections                         ; 0                      ; 0                              ;
;     -- Output Connections                                   ; 0                      ; 0                              ;
;     -- Registered Output Connections                        ; 0                      ; 0                              ;
;                                                             ;                        ;                                ;
; Internal Connections                                        ;                        ;                                ;
;     -- Total Connections                                    ; 14625                  ; 0                              ;
;     -- Registered Connections                               ; 6699                   ; 0                              ;
;                                                             ;                        ;                                ;
; External Connections                                        ;                        ;                                ;
;     -- Top                                                  ; 0                      ; 0                              ;
;     -- hard_block:auto_generated_inst                       ; 0                      ; 0                              ;
;                                                             ;                        ;                                ;
; Partition Interface                                         ;                        ;                                ;
;     -- Input Ports                                          ; 21                     ; 0                              ;
;     -- Output Ports                                         ; 13                     ; 0                              ;
;     -- Bidir Ports                                          ; 0                      ; 0                              ;
;                                                             ;                        ;                                ;
; Registered Ports                                            ;                        ;                                ;
;     -- Registered Input Ports                               ; 0                      ; 0                              ;
;     -- Registered Output Ports                              ; 0                      ; 0                              ;
;                                                             ;                        ;                                ;
; Port Connectivity                                           ;                        ;                                ;
;     -- Input Ports driven by GND                            ; 0                      ; 0                              ;
;     -- Output Ports driven by GND                           ; 0                      ; 0                              ;
;     -- Input Ports driven by VCC                            ; 0                      ; 0                              ;
;     -- Output Ports driven by VCC                           ; 0                      ; 0                              ;
;     -- Input Ports with no Source                           ; 0                      ; 0                              ;
;     -- Output Ports with no Source                          ; 0                      ; 0                              ;
;     -- Input Ports with no Fanout                           ; 0                      ; 0                              ;
;     -- Output Ports with no Fanout                          ; 0                      ; 0                              ;
+-------------------------------------------------------------+------------------------+--------------------------------+


+--------------------------------------------------------------------------------------------------------------------------------------------------------------------------------------------------------------------------------------------------------------------------------------------------+
; Input Pins                                                                                                                                                                                                                                                                                       ;
+-------------------+-------+----------+--------------+--------------+--------------+-----------------------+--------------------+--------+----------------+-----------------+----------+--------------+--------------+-------------+---------------------------+----------------------+-----------+
; Name              ; Pin # ; I/O Bank ; X coordinate ; Y coordinate ; Z coordinate ; Combinational Fan-Out ; Registered Fan-Out ; Global ; Input Register ; PCI I/O Enabled ; Bus Hold ; Weak Pull Up ; I/O Standard ; Termination ; Termination Control Block ; Location assigned by ; Slew Rate ;
+-------------------+-------+----------+--------------+--------------+--------------+-----------------------+--------------------+--------+----------------+-----------------+----------+--------------+--------------+-------------+---------------------------+----------------------+-----------+
; clk               ; M16   ; 5B       ; 89           ; 35           ; 60           ; 1405                  ; 0                  ; yes    ; no             ; no              ; no       ; Off          ; 2.5 V        ; Off         ; --                        ; Fitter               ; no        ;
; llr_in[0]         ; R16   ; 5A       ; 89           ; 8            ; 3            ; 1                     ; 0                  ; no     ; no             ; no              ; no       ; Off          ; 2.5 V        ; Off         ; --                        ; Fitter               ; no        ;
; llr_in[1]         ; P22   ; 5A       ; 89           ; 8            ; 54           ; 1                     ; 0                  ; no     ; no             ; no              ; no       ; Off          ; 2.5 V        ; Off         ; --                        ; Fitter               ; no        ;
; llr_in[2]         ; R14   ; 4A       ; 68           ; 0            ; 0            ; 1                     ; 0                  ; no     ; no             ; no              ; no       ; Off          ; 2.5 V        ; Off         ; --                        ; Fitter               ; no        ;
; llr_in[3]         ; U22   ; 4A       ; 70           ; 0            ; 51           ; 1                     ; 0                  ; no     ; no             ; no              ; no       ; Off          ; 2.5 V        ; Off         ; --                        ; Fitter               ; no        ;
; llr_in[4]         ; V18   ; 4A       ; 70           ; 0            ; 0            ; 1                     ; 0                  ; no     ; no             ; no              ; no       ; Off          ; 2.5 V        ; Off         ; --                        ; Fitter               ; no        ;
; llr_in[5]         ; N20   ; 5B       ; 89           ; 35           ; 77           ; 1                     ; 0                  ; no     ; no             ; no              ; no       ; Off          ; 2.5 V        ; Off         ; --                        ; Fitter               ; no        ;
; llr_in[6]         ; R21   ; 5A       ; 89           ; 8            ; 37           ; 1                     ; 0                  ; no     ; no             ; no              ; no       ; Off          ; 2.5 V        ; Off         ; --                        ; Fitter               ; no        ;
; llr_in[7]         ; P18   ; 5A       ; 89           ; 9            ; 54           ; 1                     ; 0                  ; no     ; no             ; no              ; no       ; Off          ; 2.5 V        ; Off         ; --                        ; Fitter               ; no        ;
; llr_write_addr[0] ; M18   ; 5B       ; 89           ; 36           ; 20           ; 1                     ; 0                  ; no     ; no             ; no              ; no       ; Off          ; 2.5 V        ; Off         ; --                        ; Fitter               ; no        ;
; llr_write_addr[1] ; R15   ; 5A       ; 89           ; 6            ; 20           ; 1                     ; 0                  ; no     ; no             ; no              ; no       ; Off          ; 2.5 V        ; Off         ; --                        ; Fitter               ; no        ;
; llr_write_addr[2] ; W21   ; 4A       ; 68           ; 0            ; 34           ; 1                     ; 0                  ; no     ; no             ; no              ; no       ; Off          ; 2.5 V        ; Off         ; --                        ; Fitter               ; no        ;
; llr_write_addr[3] ; P14   ; 4A       ; 68           ; 0            ; 17           ; 1                     ; 0                  ; no     ; no             ; no              ; no       ; Off          ; 2.5 V        ; Off         ; --                        ; Fitter               ; no        ;
; llr_write_addr[4] ; P17   ; 5A       ; 89           ; 9            ; 20           ; 1                     ; 0                  ; no     ; no             ; no              ; no       ; Off          ; 2.5 V        ; Off         ; --                        ; Fitter               ; no        ;
; llr_write_addr[5] ; U17   ; 4A       ; 72           ; 0            ; 0            ; 1                     ; 0                  ; no     ; no             ; no              ; no       ; Off          ; 2.5 V        ; Off         ; --                        ; Fitter               ; no        ;
; llr_write_addr[6] ; R17   ; 5A       ; 89           ; 8            ; 20           ; 1                     ; 0                  ; no     ; no             ; no              ; no       ; Off          ; 2.5 V        ; Off         ; --                        ; Fitter               ; no        ;
; llr_write_addr[7] ; Y21   ; 4A       ; 68           ; 0            ; 51           ; 1                     ; 0                  ; no     ; no             ; no              ; no       ; Off          ; 2.5 V        ; Off         ; --                        ; Fitter               ; no        ;
; llr_write_addr[8] ; P16   ; 5A       ; 89           ; 9            ; 3            ; 1                     ; 0                  ; no     ; no             ; no              ; no       ; Off          ; 2.5 V        ; Off         ; --                        ; Fitter               ; no        ;
; llr_write_enable  ; T15   ; 5A       ; 89           ; 6            ; 3            ; 1                     ; 0                  ; no     ; no             ; no              ; no       ; Off          ; 2.5 V        ; Off         ; --                        ; Fitter               ; no        ;
; rst_n             ; N16   ; 5B       ; 89           ; 35           ; 43           ; 1150                  ; 0                  ; yes    ; no             ; no              ; no       ; Off          ; 2.5 V        ; Off         ; --                        ; Fitter               ; no        ;
; start             ; M22   ; 5B       ; 89           ; 36           ; 37           ; 11                    ; 0                  ; no     ; no             ; no              ; no       ; Off          ; 2.5 V        ; Off         ; --                        ; Fitter               ; no        ;
+-------------------+-------+----------+--------------+--------------+--------------+-----------------------+--------------------+--------+----------------+-----------------+----------+--------------+--------------+-------------+---------------------------+----------------------+-----------+


+----------------------------------------------------------------------------------------------------------------------------------------------------------------------------------------------------------------------------------------------------------------------------------------------------------------------------------------------------------------------------------------------------------------------------------------------------------------------------------------------------------+
; Output Pins                                                                                                                                                                                                                                                                                                                                                                                                                                                                                              ;
+---------------------+-------+----------+--------------+--------------+--------------+-----------------+------------------------+-----------+-----------------+------------+---------------+----------+--------------+--------------+------------------+-----------------------------------+---------------------------+----------------------------+-----------------------------+---------------------+-----------------------------+----------------------+----------------------+---------------------+
; Name                ; Pin # ; I/O Bank ; X coordinate ; Y coordinate ; Z coordinate ; Output Register ; Output Enable Register ; Slew Rate ; PCI I/O Enabled ; Open Drain ; TRI Primitive ; Bus Hold ; Weak Pull Up ; I/O Standard ; Current Strength ; Termination                       ; Termination Control Block ; Output Buffer Pre-emphasis ; Voltage Output Differential ; Output Buffer Delay ; Output Buffer Delay Control ; Location assigned by ; Output Enable Source ; Output Enable Group ;
+---------------------+-------+----------+--------------+--------------+--------------+-----------------+------------------------+-----------+-----------------+------------+---------------+----------+--------------+--------------+------------------+-----------------------------------+---------------------------+----------------------------+-----------------------------+---------------------+-----------------------------+----------------------+----------------------+---------------------+
; converged           ; P19   ; 5A       ; 89           ; 9            ; 37           ; no              ; no                     ; 1         ; no              ; no         ; no            ; no       ; Off          ; 2.5 V        ; Default          ; Series 50 Ohm without Calibration ; --                        ; no                         ; no                          ; 0                   ; Off                         ; Fitter               ; -                    ; -                   ;
; decoded_bit_addr[0] ; M20   ; 5B       ; 89           ; 37           ; 37           ; no              ; no                     ; 1         ; no              ; no         ; no            ; no       ; Off          ; 2.5 V        ; Default          ; Series 50 Ohm without Calibration ; --                        ; no                         ; no                          ; 0                   ; Off                         ; Fitter               ; -                    ; -                   ;
; decoded_bit_addr[1] ; L17   ; 5B       ; 89           ; 37           ; 20           ; no              ; no                     ; 1         ; no              ; no         ; no            ; no       ; Off          ; 2.5 V        ; Default          ; Series 50 Ohm without Calibration ; --                        ; no                         ; no                          ; 0                   ; Off                         ; Fitter               ; -                    ; -                   ;
; decoded_bit_addr[2] ; L22   ; 5B       ; 89           ; 36           ; 54           ; no              ; no                     ; 1         ; no              ; no         ; no            ; no       ; Off          ; 2.5 V        ; Default          ; Series 50 Ohm without Calibration ; --                        ; no                         ; no                          ; 0                   ; Off                         ; Fitter               ; -                    ; -                   ;
; decoded_bit_addr[3] ; K17   ; 5B       ; 89           ; 37           ; 3            ; no              ; no                     ; 1         ; no              ; no         ; no            ; no       ; Off          ; 2.5 V        ; Default          ; Series 50 Ohm without Calibration ; --                        ; no                         ; no                          ; 0                   ; Off                         ; Fitter               ; -                    ; -                   ;
; decoded_bit_addr[4] ; N19   ; 5B       ; 89           ; 36           ; 3            ; no              ; no                     ; 1         ; no              ; no         ; no            ; no       ; Off          ; 2.5 V        ; Default          ; Series 50 Ohm without Calibration ; --                        ; no                         ; no                          ; 0                   ; Off                         ; Fitter               ; -                    ; -                   ;
; decoded_bit_addr[5] ; L19   ; 5B       ; 89           ; 38           ; 3            ; no              ; no                     ; 1         ; no              ; no         ; no            ; no       ; Off          ; 2.5 V        ; Default          ; Series 50 Ohm without Calibration ; --                        ; no                         ; no                          ; 0                   ; Off                         ; Fitter               ; -                    ; -                   ;
; decoded_bit_addr[6] ; K21   ; 5B       ; 89           ; 38           ; 37           ; no              ; no                     ; 1         ; no              ; no         ; no            ; no       ; Off          ; 2.5 V        ; Default          ; Series 50 Ohm without Calibration ; --                        ; no                         ; no                          ; 0                   ; Off                         ; Fitter               ; -                    ; -                   ;
; decoded_bit_addr[7] ; K22   ; 5B       ; 89           ; 38           ; 54           ; no              ; no                     ; 1         ; no              ; no         ; no            ; no       ; Off          ; 2.5 V        ; Default          ; Series 50 Ohm without Calibration ; --                        ; no                         ; no                          ; 0                   ; Off                         ; Fitter               ; -                    ; -                   ;
; decoded_bit_addr[8] ; B17   ; 7A       ; 84           ; 81           ; 51           ; no              ; no                     ; 1         ; no              ; no         ; no            ; no       ; Off          ; 2.5 V        ; Default          ; Series 50 Ohm without Calibration ; --                        ; no                         ; no                          ; 0                   ; Off                         ; Fitter               ; -                    ; -                   ;
; decoded_bit_out     ; L18   ; 5B       ; 89           ; 38           ; 20           ; no              ; no                     ; 1         ; no              ; no         ; no            ; no       ; Off          ; 2.5 V        ; Default          ; Series 50 Ohm without Calibration ; --                        ; no                         ; no                          ; 0                   ; Off                         ; Fitter               ; -                    ; -                   ;
; decoded_bit_valid   ; N21   ; 5B       ; 89           ; 35           ; 94           ; no              ; no                     ; 1         ; no              ; no         ; no            ; no       ; Off          ; 2.5 V        ; Default          ; Series 50 Ohm without Calibration ; --                        ; no                         ; no                          ; 0                   ; Off                         ; Fitter               ; -                    ; -                   ;
; decoding_done       ; M21   ; 5B       ; 89           ; 37           ; 54           ; no              ; no                     ; 1         ; no              ; no         ; no            ; no       ; Off          ; 2.5 V        ; Default          ; Series 50 Ohm without Calibration ; --                        ; no                         ; no                          ; 0                   ; Off                         ; Fitter               ; -                    ; -                   ;
+---------------------+-------+----------+--------------+--------------+--------------+-----------------+------------------------+-----------+-----------------+------------+---------------+----------+--------------+--------------+------------------+-----------------------------------+---------------------------+----------------------------+-----------------------------+---------------------+-----------------------------+----------------------+----------------------+---------------------+


+-----------------------------------------------------------------------------+
; I/O Bank Usage                                                              ;
+----------+-------------------+---------------+--------------+---------------+
; I/O Bank ; Usage             ; VCCIO Voltage ; VREF Voltage ; VCCPD Voltage ;
+----------+-------------------+---------------+--------------+---------------+
; B2L      ; 0 / 0 ( -- )      ; --            ; --           ; --            ;
; B1L      ; 0 / 14 ( 0 % )    ; --            ; --           ; --            ;
; B0L      ; 0 / 14 ( 0 % )    ; --            ; --           ; --            ;
; 3A       ; 0 / 16 ( 0 % )    ; 2.5V          ; --           ; 2.5V          ;
; 3B       ; 0 / 32 ( 0 % )    ; 2.5V          ; --           ; 2.5V          ;
; 4A       ; 7 / 48 ( 15 % )   ; 2.5V          ; --           ; 2.5V          ;
; 5A       ; 10 / 16 ( 63 % )  ; 2.5V          ; --           ; 2.5V          ;
; 5B       ; 16 / 16 ( 100 % ) ; 2.5V          ; --           ; 2.5V          ;
; 7A       ; 1 / 80 ( 1 % )    ; 2.5V          ; --           ; 2.5V          ;
; 8A       ; 0 / 32 ( 0 % )    ; 2.5V          ; --           ; 2.5V          ;
+----------+-------------------+---------------+--------------+---------------+


+-----------------------------------------------------------------------------------------------------------------------------------------------------------------------------+
; All Package Pins                                                                                                                                                            ;
+----------+------------+----------+---------------------------------+--------+--------------+---------------------+--------------+-----------------+----------+--------------+
; Location ; Pad Number ; I/O Bank ; Pin Name/Usage                  ; Dir.   ; I/O Standard ; Voltage             ; I/O Type     ; User Assignment ; Bus Hold ; Weak Pull Up ;
+----------+------------+----------+---------------------------------+--------+--------------+---------------------+--------------+-----------------+----------+--------------+
; A1       ;            ;          ; RREF                            ;        ;              ;                     ; --           ;                 ; --       ; --           ;
; A2       ; 538        ; 9A       ; ^MSEL2                          ;        ;              ;                     ; --           ;                 ; --       ; --           ;
; A3       ;            ; --       ; VCCBAT                          ; power  ;              ; 1.2V                ; --           ;                 ; --       ; --           ;
; A4       ; 540        ; 9A       ; ^nCONFIG                        ;        ;              ;                     ; --           ;                 ; --       ; --           ;
; A5       ; 466        ; 8A       ; RESERVED_INPUT_WITH_WEAK_PULLUP ;        ;              ;                     ; Column I/O   ;                 ; no       ; On           ;
; A6       ;            ; 8A       ; VCCIO8A                         ; power  ;              ; 2.5V                ; --           ;                 ; --       ; --           ;
; A7       ; 475        ; 8A       ; RESERVED_INPUT_WITH_WEAK_PULLUP ;        ;              ;                     ; Column I/O   ;                 ; no       ; On           ;
; A8       ; 473        ; 8A       ; RESERVED_INPUT_WITH_WEAK_PULLUP ;        ;              ;                     ; Column I/O   ;                 ; no       ; On           ;
; A9       ; 464        ; 8A       ; RESERVED_INPUT_WITH_WEAK_PULLUP ;        ;              ;                     ; Column I/O   ;                 ; no       ; On           ;
; A10      ; 462        ; 8A       ; RESERVED_INPUT_WITH_WEAK_PULLUP ;        ;              ;                     ; Column I/O   ;                 ; no       ; On           ;
; A11      ;            ;          ; GND                             ; gnd    ;              ;                     ; --           ;                 ; --       ; --           ;
; A12      ; 444        ; 7A       ; RESERVED_INPUT_WITH_WEAK_PULLUP ;        ;              ;                     ; Column I/O   ;                 ; no       ; On           ;
; A13      ; 432        ; 7A       ; RESERVED_INPUT_WITH_WEAK_PULLUP ;        ;              ;                     ; Column I/O   ;                 ; no       ; On           ;
; A14      ; 420        ; 7A       ; RESERVED_INPUT_WITH_WEAK_PULLUP ;        ;              ;                     ; Column I/O   ;                 ; no       ; On           ;
; A15      ; 418        ; 7A       ; RESERVED_INPUT_WITH_WEAK_PULLUP ;        ;              ;                     ; Column I/O   ;                 ; no       ; On           ;
; A16      ;            ; 7A       ; VCCIO7A                         ; power  ;              ; 2.5V                ; --           ;                 ; --       ; --           ;
; A17      ; 403        ; 7A       ; RESERVED_INPUT_WITH_WEAK_PULLUP ;        ;              ;                     ; Column I/O   ;                 ; no       ; On           ;
; A18      ; 401        ; 7A       ; RESERVED_INPUT_WITH_WEAK_PULLUP ;        ;              ;                     ; Column I/O   ;                 ; no       ; On           ;
; A19      ; 404        ; 7A       ; RESERVED_INPUT_WITH_WEAK_PULLUP ;        ;              ;                     ; Column I/O   ;                 ; no       ; On           ;
; A20      ; 402        ; 7A       ; RESERVED_INPUT_WITH_WEAK_PULLUP ;        ;              ;                     ; Column I/O   ;                 ; no       ; On           ;
; A21      ;            ;          ; GND                             ; gnd    ;              ;                     ; --           ;                 ; --       ; --           ;
; A22      ; 396        ; 7A       ; RESERVED_INPUT_WITH_WEAK_PULLUP ;        ;              ;                     ; Column I/O   ;                 ; no       ; On           ;
; AA1      ; 39         ; B0L      ; GND                             ;        ;              ;                     ; --           ;                 ; --       ; --           ;
; AA2      ; 38         ; B0L      ; GND                             ;        ;              ;                     ; --           ;                 ; --       ; --           ;
; AA3      ;            ;          ; GND                             ; gnd    ;              ;                     ; --           ;                 ; --       ; --           ;
; AA4      ;            ;          ; GND                             ; gnd    ;              ;                     ; --           ;                 ; --       ; --           ;
; AA5      ; 47         ; 3A       ; ^AS_DATA2, DATA2                ;        ;              ;                     ; Weak Pull Up ;                 ; --       ; On           ;
; AA6      ;            ;          ; GND                             ; gnd    ;              ;                     ; --           ;                 ; --       ; --           ;
; AA7      ; 105        ; 3B       ; RESERVED_INPUT_WITH_WEAK_PULLUP ;        ;              ;                     ; Column I/O   ;                 ; no       ; On           ;
; AA8      ; 108        ; 3B       ; RESERVED_INPUT_WITH_WEAK_PULLUP ;        ;              ;                     ; Column I/O   ;                 ; no       ; On           ;
; AA9      ; 115        ; 3B       ; RESERVED_INPUT_WITH_WEAK_PULLUP ;        ;              ;                     ; Column I/O   ;                 ; no       ; On           ;
; AA10     ; 113        ; 3B       ; RESERVED_INPUT_WITH_WEAK_PULLUP ;        ;              ;                     ; Column I/O   ;                 ; no       ; On           ;
; AA11     ;            ;          ; GND                             ; gnd    ;              ;                     ; --           ;                 ; --       ; --           ;
; AA12     ; 131        ; 3B       ; RESERVED_INPUT_WITH_WEAK_PULLUP ;        ;              ;                     ; Column I/O   ;                 ; no       ; On           ;
; AA13     ; 139        ; 4A       ; RESERVED_INPUT_WITH_WEAK_PULLUP ;        ;              ;                     ; Column I/O   ;                 ; no       ; On           ;
; AA14     ; 137        ; 4A       ; RESERVED_INPUT_WITH_WEAK_PULLUP ;        ;              ;                     ; Column I/O   ;                 ; no       ; On           ;
; AA15     ; 142        ; 4A       ; RESERVED_INPUT_WITH_WEAK_PULLUP ;        ;              ;                     ; Column I/O   ;                 ; no       ; On           ;
; AA16     ;            ; 4A       ; VCCIO4A                         ; power  ;              ; 2.5V                ; --           ;                 ; --       ; --           ;
; AA17     ; 153        ; 4A       ; RESERVED_INPUT_WITH_WEAK_PULLUP ;        ;              ;                     ; Column I/O   ;                 ; no       ; On           ;
; AA18     ; 155        ; 4A       ; RESERVED_INPUT_WITH_WEAK_PULLUP ;        ;              ;                     ; Column I/O   ;                 ; no       ; On           ;
; AA19     ; 156        ; 4A       ; RESERVED_INPUT_WITH_WEAK_PULLUP ;        ;              ;                     ; Column I/O   ;                 ; no       ; On           ;
; AA20     ; 158        ; 4A       ; RESERVED_INPUT_WITH_WEAK_PULLUP ;        ;              ;                     ; Column I/O   ;                 ; no       ; On           ;
; AA21     ;            ; 4A       ; VCCIO4A                         ; power  ;              ; 2.5V                ; --           ;                 ; --       ; --           ;
; AA22     ; 163        ; 4A       ; RESERVED_INPUT_WITH_WEAK_PULLUP ;        ;              ;                     ; Column I/O   ;                 ; no       ; On           ;
; AB1      ;            ;          ; GND                             ; gnd    ;              ;                     ; --           ;                 ; --       ; --           ;
; AB2      ;            ;          ; GND                             ; gnd    ;              ;                     ; --           ;                 ; --       ; --           ;
; AB3      ; 49         ; 3A       ; ^AS_DATA1, DATA1                ;        ;              ;                     ; Weak Pull Up ;                 ; --       ; On           ;
; AB4      ; 51         ; 3A       ; ^AS_DATA0, ASDO, DATA0          ;        ;              ;                     ; Weak Pull Up ;                 ; --       ; On           ;
; AB5      ; 102        ; 3B       ; RESERVED_INPUT_WITH_WEAK_PULLUP ;        ;              ;                     ; Column I/O   ;                 ; no       ; On           ;
; AB6      ; 100        ; 3B       ; RESERVED_INPUT_WITH_WEAK_PULLUP ;        ;              ;                     ; Column I/O   ;                 ; no       ; On           ;
; AB7      ; 107        ; 3B       ; RESERVED_INPUT_WITH_WEAK_PULLUP ;        ;              ;                     ; Column I/O   ;                 ; no       ; On           ;
; AB8      ; 110        ; 3B       ; RESERVED_INPUT_WITH_WEAK_PULLUP ;        ;              ;                     ; Column I/O   ;                 ; no       ; On           ;
; AB9      ;            ;          ; GND                             ; gnd    ;              ;                     ; --           ;                 ; --       ; --           ;
; AB10     ; 124        ; 3B       ; RESERVED_INPUT_WITH_WEAK_PULLUP ;        ;              ;                     ; Column I/O   ;                 ; no       ; On           ;
; AB11     ; 126        ; 3B       ; RESERVED_INPUT_WITH_WEAK_PULLUP ;        ;              ;                     ; Column I/O   ;                 ; no       ; On           ;
; AB12     ; 134        ; 4A       ; RESERVED_INPUT_WITH_WEAK_PULLUP ;        ;              ;                     ; Column I/O   ;                 ; no       ; On           ;
; AB13     ; 132        ; 4A       ; RESERVED_INPUT_WITH_WEAK_PULLUP ;        ;              ;                     ; Column I/O   ;                 ; no       ; On           ;
; AB14     ;            ;          ; GND                             ; gnd    ;              ;                     ; --           ;                 ; --       ; --           ;
; AB15     ; 140        ; 4A       ; RESERVED_INPUT_WITH_WEAK_PULLUP ;        ;              ;                     ; Column I/O   ;                 ; no       ; On           ;
; AB16     ;            ; 4A       ; VREFB4AN0                       ; power  ;              ;                     ; --           ;                 ; --       ; --           ;
; AB17     ; 145        ; 4A       ; RESERVED_INPUT_WITH_WEAK_PULLUP ;        ;              ;                     ; Column I/O   ;                 ; no       ; On           ;
; AB18     ; 147        ; 4A       ; RESERVED_INPUT_WITH_WEAK_PULLUP ;        ;              ;                     ; Column I/O   ;                 ; no       ; On           ;
; AB19     ;            ;          ; GND                             ; gnd    ;              ;                     ; --           ;                 ; --       ; --           ;
; AB20     ; 148        ; 4A       ; RESERVED_INPUT_WITH_WEAK_PULLUP ;        ;              ;                     ; Column I/O   ;                 ; no       ; On           ;
; AB21     ; 150        ; 4A       ; RESERVED_INPUT_WITH_WEAK_PULLUP ;        ;              ;                     ; Column I/O   ;                 ; no       ; On           ;
; AB22     ; 161        ; 4A       ; RESERVED_INPUT_WITH_WEAK_PULLUP ;        ;              ;                     ; Column I/O   ;                 ; no       ; On           ;
; B1       ;            ;          ; GND                             ; gnd    ;              ;                     ; --           ;                 ; --       ; --           ;
; B2       ;            ;          ; GND                             ; gnd    ;              ;                     ; --           ;                 ; --       ; --           ;
; B3       ;            ;          ; DNU                             ;        ;              ;                     ; --           ;                 ; --       ; --           ;
; B4       ;            ;          ; DNU                             ;        ;              ;                     ; --           ;                 ; --       ; --           ;
; B5       ; 468        ; 8A       ; RESERVED_INPUT_WITH_WEAK_PULLUP ;        ;              ;                     ; Column I/O   ;                 ; no       ; On           ;
; B6       ; 470        ; 8A       ; RESERVED_INPUT_WITH_WEAK_PULLUP ;        ;              ;                     ; Column I/O   ;                 ; no       ; On           ;
; B7       ; 472        ; 8A       ; RESERVED_INPUT_WITH_WEAK_PULLUP ;        ;              ;                     ; Column I/O   ;                 ; no       ; On           ;
; B8       ;            ; 8A       ; VREFB8AN0                       ; power  ;              ;                     ; --           ;                 ; --       ; --           ;
; B9       ;            ;          ; GND                             ; gnd    ;              ;                     ; --           ;                 ; --       ; --           ;
; B10      ; 465        ; 8A       ; RESERVED_INPUT_WITH_WEAK_PULLUP ;        ;              ;                     ; Column I/O   ;                 ; no       ; On           ;
; B11      ; 452        ; 7A       ; RESERVED_INPUT_WITH_WEAK_PULLUP ;        ;              ;                     ; Column I/O   ;                 ; no       ; On           ;
; B12      ; 442        ; 7A       ; RESERVED_INPUT_WITH_WEAK_PULLUP ;        ;              ;                     ; Column I/O   ;                 ; no       ; On           ;
; B13      ; 430        ; 7A       ; RESERVED_INPUT_WITH_WEAK_PULLUP ;        ;              ;                     ; Column I/O   ;                 ; no       ; On           ;
; B14      ;            ;          ; GND                             ; gnd    ;              ;                     ; --           ;                 ; --       ; --           ;
; B15      ; 427        ; 7A       ; RESERVED_INPUT_WITH_WEAK_PULLUP ;        ;              ;                     ; Column I/O   ;                 ; no       ; On           ;
; B16      ; 406        ; 7A       ; RESERVED_INPUT_WITH_WEAK_PULLUP ;        ;              ;                     ; Column I/O   ;                 ; no       ; On           ;
; B17      ; 384        ; 7A       ; decoded_bit_addr[8]             ; output ; 2.5 V        ;                     ; Column I/O   ; N               ; no       ; Off          ;
; B18      ; 382        ; 7A       ; RESERVED_INPUT_WITH_WEAK_PULLUP ;        ;              ;                     ; Column I/O   ;                 ; no       ; On           ;
; B19      ;            ; 7A       ; VCCIO7A                         ; power  ;              ; 2.5V                ; --           ;                 ; --       ; --           ;
; B20      ; 380        ; 7A       ; RESERVED_INPUT_WITH_WEAK_PULLUP ;        ;              ;                     ; Column I/O   ;                 ; no       ; On           ;
; B21      ; 387        ; 7A       ; RESERVED_INPUT_WITH_WEAK_PULLUP ;        ;              ;                     ; Column I/O   ;                 ; no       ; On           ;
; B22      ; 394        ; 7A       ; RESERVED_INPUT_WITH_WEAK_PULLUP ;        ;              ;                     ; Column I/O   ;                 ; no       ; On           ;
; C1       ; 19         ; B1L      ; GND                             ;        ;              ;                     ; --           ;                 ; --       ; --           ;
; C2       ; 18         ; B1L      ; GND                             ;        ;              ;                     ; --           ;                 ; --       ; --           ;
; C3       ;            ;          ; GND                             ; gnd    ;              ;                     ; --           ;                 ; --       ; --           ;
; C4       ;            ;          ; GND                             ; gnd    ;              ;                     ; --           ;                 ; --       ; --           ;
; C5       ; 542        ; 9A       ; ^GND                            ;        ;              ;                     ; --           ;                 ; --       ; --           ;
; C6       ; 474        ; 8A       ; RESERVED_INPUT_WITH_WEAK_PULLUP ;        ;              ;                     ; Column I/O   ;                 ; no       ; On           ;
; C7       ;            ; 8A       ; VCCIO8A                         ; power  ;              ; 2.5V                ; --           ;                 ; --       ; --           ;
; C8       ; 480        ; 8A       ; RESERVED_INPUT_WITH_WEAK_PULLUP ;        ;              ;                     ; Column I/O   ;                 ; no       ; On           ;
; C9       ; 467        ; 8A       ; RESERVED_INPUT_WITH_WEAK_PULLUP ;        ;              ;                     ; Column I/O   ;                 ; no       ; On           ;
; C10      ;            ; 7A, 8A   ; VCCPD7A8A                       ; power  ;              ; 2.5V                ; --           ;                 ; --       ; --           ;
; C11      ; 450        ; 7A       ; RESERVED_INPUT_WITH_WEAK_PULLUP ;        ;              ;                     ; Column I/O   ;                 ; no       ; On           ;
; C12      ;            ; 7A       ; VCCIO7A                         ; power  ;              ; 2.5V                ; --           ;                 ; --       ; --           ;
; C13      ; 443        ; 7A       ; RESERVED_INPUT_WITH_WEAK_PULLUP ;        ;              ;                     ; Column I/O   ;                 ; no       ; On           ;
; C14      ;            ; 7A       ; VREFB7AN0                       ; power  ;              ;                     ; --           ;                 ; --       ; --           ;
; C15      ; 425        ; 7A       ; RESERVED_INPUT_WITH_WEAK_PULLUP ;        ;              ;                     ; Column I/O   ;                 ; no       ; On           ;
; C16      ; 408        ; 7A       ; RESERVED_INPUT_WITH_WEAK_PULLUP ;        ;              ;                     ; Column I/O   ;                 ; no       ; On           ;
; C17      ;            ;          ; GND                             ; gnd    ;              ;                     ; --           ;                 ; --       ; --           ;
; C18      ; 395        ; 7A       ; RESERVED_INPUT_WITH_WEAK_PULLUP ;        ;              ;                     ; Column I/O   ;                 ; no       ; On           ;
; C19      ; 393        ; 7A       ; RESERVED_INPUT_WITH_WEAK_PULLUP ;        ;              ;                     ; Column I/O   ;                 ; no       ; On           ;
; C20      ; 378        ; 7A       ; RESERVED_INPUT_WITH_WEAK_PULLUP ;        ;              ;                     ; Column I/O   ;                 ; no       ; On           ;
; C21      ; 385        ; 7A       ; RESERVED_INPUT_WITH_WEAK_PULLUP ;        ;              ;                     ; Column I/O   ;                 ; no       ; On           ;
; C22      ;            ; 7A       ; VCCIO7A                         ; power  ;              ; 2.5V                ; --           ;                 ; --       ; --           ;
; D1       ;            ;          ; GND                             ; gnd    ;              ;                     ; --           ;                 ; --       ; --           ;
; D2       ;            ;          ; GND                             ; gnd    ;              ;                     ; --           ;                 ; --       ; --           ;
; D3       ; 16         ; B1L      ; GXB_NC                          ;        ;              ;                     ; --           ;                 ; --       ; --           ;
; D4       ; 17         ; B1L      ; GXB_NC                          ;        ;              ;                     ; --           ;                 ; --       ; --           ;
; D5       ;            ;          ; GND                             ; gnd    ;              ;                     ; --           ;                 ; --       ; --           ;
; D6       ; 476        ; 8A       ; RESERVED_INPUT_WITH_WEAK_PULLUP ;        ;              ;                     ; Column I/O   ;                 ; no       ; On           ;
; D7       ; 478        ; 8A       ; RESERVED_INPUT_WITH_WEAK_PULLUP ;        ;              ;                     ; Column I/O   ;                 ; no       ; On           ;
; D8       ;            ; 7A, 8A   ; VCCPD7A8A                       ; power  ;              ; 2.5V                ; --           ;                 ; --       ; --           ;
; D9       ; 479        ; 8A       ; RESERVED_INPUT_WITH_WEAK_PULLUP ;        ;              ;                     ; Column I/O   ;                 ; no       ; On           ;
; D10      ;            ;          ; GND                             ; gnd    ;              ;                     ; --           ;                 ; --       ; --           ;
; D11      ;            ; --       ; VCC_AUX                         ; power  ;              ; 2.5V                ; --           ;                 ; --       ; --           ;
; D12      ; 449        ; 7A       ; RESERVED_INPUT_WITH_WEAK_PULLUP ;        ;              ;                     ; Column I/O   ;                 ; no       ; On           ;
; D13      ; 441        ; 7A       ; RESERVED_INPUT_WITH_WEAK_PULLUP ;        ;              ;                     ; Column I/O   ;                 ; no       ; On           ;
; D14      ;            ; 7A, 8A   ; VCCPD7A8A                       ; power  ;              ; 2.5V                ; --           ;                 ; --       ; --           ;
; D15      ;            ; 7A       ; VCCIO7A                         ; power  ;              ; 2.5V                ; --           ;                 ; --       ; --           ;
; D16      ;            ; 7A, 8A   ; VCCPD7A8A                       ; power  ;              ; 2.5V                ; --           ;                 ; --       ; --           ;
; D17      ; 409        ; 7A       ; RESERVED_INPUT_WITH_WEAK_PULLUP ;        ;              ;                     ; Column I/O   ;                 ; no       ; On           ;
; D18      ;            ; --       ; VCC_AUX                         ; power  ;              ; 2.5V                ; --           ;                 ; --       ; --           ;
; D19      ; 379        ; 7A       ; RESERVED_INPUT_WITH_WEAK_PULLUP ;        ;              ;                     ; Column I/O   ;                 ; no       ; On           ;
; D20      ;            ;          ; GND                             ; gnd    ;              ;                     ; --           ;                 ; --       ; --           ;
; D21      ; 376        ; 7A       ; RESERVED_INPUT_WITH_WEAK_PULLUP ;        ;              ;                     ; Column I/O   ;                 ; no       ; On           ;
; D22      ; 392        ; 7A       ; RESERVED_INPUT_WITH_WEAK_PULLUP ;        ;              ;                     ; Column I/O   ;                 ; no       ; On           ;
; E1       ; 20         ; B1L      ; GXB_NC                          ;        ;              ;                     ; --           ;                 ; --       ; --           ;
; E2       ; 21         ; B1L      ; GXB_NC                          ;        ;              ;                     ; --           ;                 ; --       ; --           ;
; E3       ;            ;          ; GND                             ; gnd    ;              ;                     ; --           ;                 ; --       ; --           ;
; E4       ;            ;          ; GND                             ; gnd    ;              ;                     ; --           ;                 ; --       ; --           ;
; E5       ; 539        ; 9A       ; ^MSEL3                          ;        ;              ;                     ; --           ;                 ; --       ; --           ;
; E6       ;            ; --       ; VCC_AUX                         ; power  ;              ; 2.5V                ; --           ;                 ; --       ; --           ;
; E7       ; 484        ; 8A       ; RESERVED_INPUT_WITH_WEAK_PULLUP ;        ;              ;                     ; Column I/O   ;                 ; no       ; On           ;
; E8       ;            ; 8A       ; VCCIO8A                         ; power  ;              ; 2.5V                ; --           ;                 ; --       ; --           ;
; E9       ; 477        ; 8A       ; RESERVED_INPUT_WITH_WEAK_PULLUP ;        ;              ;                     ; Column I/O   ;                 ; no       ; On           ;
; E10      ; 469        ; 8A       ; RESERVED_INPUT_WITH_WEAK_PULLUP ;        ;              ;                     ; Column I/O   ;                 ; no       ; On           ;
; E11      ;            ; 7A, 8A   ; VCCPD7A8A                       ; power  ;              ; 2.5V                ; --           ;                 ; --       ; --           ;
; E12      ; 451        ; 7A       ; RESERVED_INPUT_WITH_WEAK_PULLUP ;        ;              ;                     ; Column I/O   ;                 ; no       ; On           ;
; E13      ;            ;          ; GND                             ; gnd    ;              ;                     ; --           ;                 ; --       ; --           ;
; E14      ; 433        ; 7A       ; RESERVED_INPUT_WITH_WEAK_PULLUP ;        ;              ;                     ; Column I/O   ;                 ; no       ; On           ;
; E15      ; 417        ; 7A       ; RESERVED_INPUT_WITH_WEAK_PULLUP ;        ;              ;                     ; Column I/O   ;                 ; no       ; On           ;
; E16      ; 411        ; 7A       ; RESERVED_INPUT_WITH_WEAK_PULLUP ;        ;              ;                     ; Column I/O   ;                 ; no       ; On           ;
; E17      ;            ;          ; DNU                             ;        ;              ;                     ; --           ;                 ; --       ; --           ;
; E18      ;            ; 7A       ; VCCIO7A                         ; power  ;              ; 2.5V                ; --           ;                 ; --       ; --           ;
; E19      ; 377        ; 7A       ; RESERVED_INPUT_WITH_WEAK_PULLUP ;        ;              ;                     ; Column I/O   ;                 ; no       ; On           ;
; E20      ; 398        ; 7A       ; RESERVED_INPUT_WITH_WEAK_PULLUP ;        ;              ;                     ; Column I/O   ;                 ; no       ; On           ;
; E21      ; 374        ; 7A       ; RESERVED_INPUT_WITH_WEAK_PULLUP ;        ;              ;                     ; Column I/O   ;                 ; no       ; On           ;
; E22      ; 390        ; 7A       ; RESERVED_INPUT_WITH_WEAK_PULLUP ;        ;              ;                     ; Column I/O   ;                 ; no       ; On           ;
; F1       ;            ;          ; GND                             ; gnd    ;              ;                     ; --           ;                 ; --       ; --           ;
; F2       ;            ;          ; GND                             ; gnd    ;              ;                     ; --           ;                 ; --       ; --           ;
; F3       ; 541        ; 9A       ; ^MSEL4                          ;        ;              ;                     ; --           ;                 ; --       ; --           ;
; F4       ;            ; --       ; VCCA_FPLL                       ; power  ;              ; 2.5V                ; --           ;                 ; --       ; --           ;
; F5       ; 14         ; B1L      ; GND                             ;        ;              ;                     ; Row I/O      ;                 ; --       ; --           ;
; F6       ;            ;          ; GND                             ; gnd    ;              ;                     ; --           ;                 ; --       ; --           ;
; F7       ; 482        ; 8A       ; RESERVED_INPUT_WITH_WEAK_PULLUP ;        ;              ;                     ; Column I/O   ;                 ; no       ; On           ;
; F8       ;            ; --       ; VCCPGM                          ; power  ;              ; 1.8V/2.5V/3.0V/3.3V ; --           ;                 ; --       ; --           ;
; F9       ; 471        ; 8A       ; RESERVED_INPUT_WITH_WEAK_PULLUP ;        ;              ;                     ; Column I/O   ;                 ; no       ; On           ;
; F10      ; 455        ; 8A       ; RESERVED_INPUT_WITH_WEAK_PULLUP ;        ;              ;                     ; Column I/O   ;                 ; no       ; On           ;
; F11      ;            ; 7A       ; VCCIO7A                         ; power  ;              ; 2.5V                ; --           ;                 ; --       ; --           ;
; F12      ; 440        ; 7A       ; RESERVED_INPUT_WITH_WEAK_PULLUP ;        ;              ;                     ; Column I/O   ;                 ; no       ; On           ;
; F13      ; 435        ; 7A       ; RESERVED_INPUT_WITH_WEAK_PULLUP ;        ;              ;                     ; Column I/O   ;                 ; no       ; On           ;
; F14      ; 428        ; 7A       ; RESERVED_INPUT_WITH_WEAK_PULLUP ;        ;              ;                     ; Column I/O   ;                 ; no       ; On           ;
; F15      ; 419        ; 7A       ; RESERVED_INPUT_WITH_WEAK_PULLUP ;        ;              ;                     ; Column I/O   ;                 ; no       ; On           ;
; F16      ;            ;          ; GND                             ; gnd    ;              ;                     ; --           ;                 ; --       ; --           ;
; F17      ; 372        ; 7A       ; ^GND                            ;        ;              ;                     ; --           ;                 ; --       ; --           ;
; F18      ; 399        ; 7A       ; RESERVED_INPUT_WITH_WEAK_PULLUP ;        ;              ;                     ; Column I/O   ;                 ; no       ; On           ;
; F19      ; 397        ; 7A       ; RESERVED_INPUT_WITH_WEAK_PULLUP ;        ;              ;                     ; Column I/O   ;                 ; no       ; On           ;
; F20      ; 400        ; 7A       ; RESERVED_INPUT_WITH_WEAK_PULLUP ;        ;              ;                     ; Column I/O   ;                 ; no       ; On           ;
; F21      ;            ; 7A       ; VCCIO7A                         ; power  ;              ; 2.5V                ; --           ;                 ; --       ; --           ;
; F22      ; 388        ; 7A       ; RESERVED_INPUT_WITH_WEAK_PULLUP ;        ;              ;                     ; Column I/O   ;                 ; no       ; On           ;
; G1       ; 23         ; B1L      ; GND                             ;        ;              ;                     ; --           ;                 ; --       ; --           ;
; G2       ; 22         ; B1L      ; GND                             ;        ;              ;                     ; --           ;                 ; --       ; --           ;
; G3       ;            ;          ; GND                             ; gnd    ;              ;                     ; --           ;                 ; --       ; --           ;
; G4       ; 15         ; B1L      ; GND                             ;        ;              ;                     ; Row I/O      ;                 ; --       ; --           ;
; G5       ; 537        ; 9A       ; ^nCE                            ;        ;              ;                     ; --           ;                 ; --       ; --           ;
; G6       ; 481        ; 8A       ; RESERVED_INPUT_WITH_WEAK_PULLUP ;        ;              ;                     ; Column I/O   ;                 ; no       ; On           ;
; G7       ;            ; 8A       ; VCCIO8A                         ; power  ;              ; 2.5V                ; --           ;                 ; --       ; --           ;
; G8       ; 460        ; 8A       ; RESERVED_INPUT_WITH_WEAK_PULLUP ;        ;              ;                     ; Column I/O   ;                 ; no       ; On           ;
; G9       ;            ;          ; GND                             ; gnd    ;              ;                     ; --           ;                 ; --       ; --           ;
; G10      ; 453        ; 8A       ; RESERVED_INPUT_WITH_WEAK_PULLUP ;        ;              ;                     ; Column I/O   ;                 ; no       ; On           ;
; G11      ; 438        ; 7A       ; RESERVED_INPUT_WITH_WEAK_PULLUP ;        ;              ;                     ; Column I/O   ;                 ; no       ; On           ;
; G12      ; 447        ; 7A       ; RESERVED_INPUT_WITH_WEAK_PULLUP ;        ;              ;                     ; Column I/O   ;                 ; no       ; On           ;
; G13      ; 439        ; 7A       ; RESERVED_INPUT_WITH_WEAK_PULLUP ;        ;              ;                     ; Column I/O   ;                 ; no       ; On           ;
; G14      ;            ; 7A       ; VCCIO7A                         ; power  ;              ; 2.5V                ; --           ;                 ; --       ; --           ;
; G15      ; 426        ; 7A       ; RESERVED_INPUT_WITH_WEAK_PULLUP ;        ;              ;                     ; Column I/O   ;                 ; no       ; On           ;
; G16      ; 412        ; 7A       ; RESERVED_INPUT_WITH_WEAK_PULLUP ;        ;              ;                     ; Column I/O   ;                 ; no       ; On           ;
; G17      ; 410        ; 7A       ; RESERVED_INPUT_WITH_WEAK_PULLUP ;        ;              ;                     ; Column I/O   ;                 ; no       ; On           ;
; G18      ; 413        ; 7A       ; RESERVED_INPUT_WITH_WEAK_PULLUP ;        ;              ;                     ; Column I/O   ;                 ; no       ; On           ;
; G19      ;            ;          ; GND                             ; gnd    ;              ;                     ; --           ;                 ; --       ; --           ;
; G20      ; 389        ; 7A       ; RESERVED_INPUT_WITH_WEAK_PULLUP ;        ;              ;                     ; Column I/O   ;                 ; no       ; On           ;
; G21      ; 375        ; 7A       ; RESERVED_INPUT_WITH_WEAK_PULLUP ;        ;              ;                     ; Column I/O   ;                 ; no       ; On           ;
; G22      ; 386        ; 7A       ; RESERVED_INPUT_WITH_WEAK_PULLUP ;        ;              ;                     ; Column I/O   ;                 ; no       ; On           ;
; H1       ;            ;          ; GND                             ; gnd    ;              ;                     ; --           ;                 ; --       ; --           ;
; H2       ;            ;          ; GND                             ; gnd    ;              ;                     ; --           ;                 ; --       ; --           ;
; H3       ;            ;          ; GND                             ; gnd    ;              ;                     ; --           ;                 ; --       ; --           ;
; H4       ;            ;          ; GND                             ; gnd    ;              ;                     ; --           ;                 ; --       ; --           ;
; H5       ; 536        ; 9A       ; ^nSTATUS                        ;        ;              ;                     ; --           ;                 ; --       ; --           ;
; H6       ; 483        ; 8A       ; RESERVED_INPUT_WITH_WEAK_PULLUP ;        ;              ;                     ; Column I/O   ;                 ; no       ; On           ;
; H7       ;            ;          ; GND                             ; gnd    ;              ;                     ; --           ;                 ; --       ; --           ;
; H8       ; 458        ; 8A       ; RESERVED_INPUT_WITH_WEAK_PULLUP ;        ;              ;                     ; Column I/O   ;                 ; no       ; On           ;
; H9       ; 463        ; 8A       ; RESERVED_INPUT_WITH_WEAK_PULLUP ;        ;              ;                     ; Column I/O   ;                 ; no       ; On           ;
; H10      ; 436        ; 7A       ; RESERVED_INPUT_WITH_WEAK_PULLUP ;        ;              ;                     ; Column I/O   ;                 ; no       ; On           ;
; H11      ; 445        ; 7A       ; RESERVED_INPUT_WITH_WEAK_PULLUP ;        ;              ;                     ; Column I/O   ;                 ; no       ; On           ;
; H12      ;            ;          ; GND                             ; gnd    ;              ;                     ; --           ;                 ; --       ; --           ;
; H13      ; 437        ; 7A       ; RESERVED_INPUT_WITH_WEAK_PULLUP ;        ;              ;                     ; Column I/O   ;                 ; no       ; On           ;
; H14      ; 429        ; 7A       ; RESERVED_INPUT_WITH_WEAK_PULLUP ;        ;              ;                     ; Column I/O   ;                 ; no       ; On           ;
; H15      ; 423        ; 7A       ; RESERVED_INPUT_WITH_WEAK_PULLUP ;        ;              ;                     ; Column I/O   ;                 ; no       ; On           ;
; H16      ; 421        ; 7A       ; RESERVED_INPUT_WITH_WEAK_PULLUP ;        ;              ;                     ; Column I/O   ;                 ; no       ; On           ;
; H17      ;            ; 7A       ; VCCIO7A                         ; power  ;              ; 2.5V                ; --           ;                 ; --       ; --           ;
; H18      ; 415        ; 7A       ; RESERVED_INPUT_WITH_WEAK_PULLUP ;        ;              ;                     ; Column I/O   ;                 ; no       ; On           ;
; H19      ;            ; --       ; VCCA_FPLL                       ; power  ;              ; 2.5V                ; --           ;                 ; --       ; --           ;
; H20      ; 391        ; 7A       ; RESERVED_INPUT_WITH_WEAK_PULLUP ;        ;              ;                     ; Column I/O   ;                 ; no       ; On           ;
; H21      ; 373        ; 7A       ; RESERVED_INPUT_WITH_WEAK_PULLUP ;        ;              ;                     ; Column I/O   ;                 ; no       ; On           ;
; H22      ;            ;          ; GND                             ; gnd    ;              ;                     ; --           ;                 ; --       ; --           ;
; J1       ; 24         ; B1L      ; GXB_NC                          ;        ;              ;                     ; --           ;                 ; --       ; --           ;
; J2       ; 25         ; B1L      ; GXB_NC                          ;        ;              ;                     ; --           ;                 ; --       ; --           ;
; J3       ;            ;          ; GND                             ; gnd    ;              ;                     ; --           ;                 ; --       ; --           ;
; J4       ;            ; --       ; VCCE_GXBL                       ; power  ;              ; 1.1V                ; --           ;                 ; --       ; --           ;
; J5       ;            ;          ; GND                             ; gnd    ;              ;                     ; --           ;                 ; --       ; --           ;
; J6       ; 535        ; 9A       ; ^MSEL1                          ;        ;              ;                     ; --           ;                 ; --       ; --           ;
; J7       ; 457        ; 8A       ; RESERVED_INPUT_WITH_WEAK_PULLUP ;        ;              ;                     ; Column I/O   ;                 ; no       ; On           ;
; J8       ; 459        ; 8A       ; RESERVED_INPUT_WITH_WEAK_PULLUP ;        ;              ;                     ; Column I/O   ;                 ; no       ; On           ;
; J9       ; 461        ; 8A       ; RESERVED_INPUT_WITH_WEAK_PULLUP ;        ;              ;                     ; Column I/O   ;                 ; no       ; On           ;
; J10      ;            ; --       ; VCC                             ; power  ;              ; 1.1V                ; --           ;                 ; --       ; --           ;
; J11      ; 434        ; 7A       ; RESERVED_INPUT_WITH_WEAK_PULLUP ;        ;              ;                     ; Column I/O   ;                 ; no       ; On           ;
; J12      ;            ; --       ; VCC                             ; power  ;              ; 1.1V                ; --           ;                 ; --       ; --           ;
; J13      ; 431        ; 7A       ; RESERVED_INPUT_WITH_WEAK_PULLUP ;        ;              ;                     ; Column I/O   ;                 ; no       ; On           ;
; J14      ;            ; --       ; VCC                             ; power  ;              ; 1.1V                ; --           ;                 ; --       ; --           ;
; J15      ;            ;          ; GND                             ; gnd    ;              ;                     ; --           ;                 ; --       ; --           ;
; J16      ;            ; --       ; VCC                             ; power  ;              ; 1.1V                ; --           ;                 ; --       ; --           ;
; J17      ; 422        ; 7A       ; RESERVED_INPUT_WITH_WEAK_PULLUP ;        ;              ;                     ; Column I/O   ;                 ; no       ; On           ;
; J18      ; 416        ; 7A       ; RESERVED_INPUT_WITH_WEAK_PULLUP ;        ;              ;                     ; Column I/O   ;                 ; no       ; On           ;
; J19      ; 414        ; 7A       ; RESERVED_INPUT_WITH_WEAK_PULLUP ;        ;              ;                     ; Column I/O   ;                 ; no       ; On           ;
; J20      ;            ;          ; GND                             ; gnd    ;              ;                     ; --           ;                 ; --       ; --           ;
; J21      ; 381        ; 7A       ; RESERVED_INPUT_WITH_WEAK_PULLUP ;        ;              ;                     ; Column I/O   ;                 ; no       ; On           ;
; J22      ; 383        ; 7A       ; RESERVED_INPUT_WITH_WEAK_PULLUP ;        ;              ;                     ; Column I/O   ;                 ; no       ; On           ;
; K1       ;            ;          ; GND                             ; gnd    ;              ;                     ; --           ;                 ; --       ; --           ;
; K2       ;            ;          ; GND                             ; gnd    ;              ;                     ; --           ;                 ; --       ; --           ;
; K3       ;            ; --       ; VCCL_GXBL                       ; power  ;              ; 1.1V                ; --           ;                 ; --       ; --           ;
; K4       ;            ;          ; GND                             ; gnd    ;              ;                     ; --           ;                 ; --       ; --           ;
; K5       ;            ; --       ; VCCE_GXBL                       ; power  ;              ; 1.1V                ; --           ;                 ; --       ; --           ;
; K6       ; 534        ; 9A       ; ^CONF_DONE                      ;        ;              ;                     ; --           ;                 ; --       ; --           ;
; K7       ; 456        ; 8A       ; RESERVED_INPUT_WITH_WEAK_PULLUP ;        ;              ;                     ; Column I/O   ;                 ; no       ; On           ;
; K8       ;            ;          ; GND                             ; gnd    ;              ;                     ; --           ;                 ; --       ; --           ;
; K9       ; 448        ; 7A       ; RESERVED_INPUT_WITH_WEAK_PULLUP ;        ;              ;                     ; Column I/O   ;                 ; no       ; On           ;
; K10      ;            ;          ; GND                             ; gnd    ;              ;                     ; --           ;                 ; --       ; --           ;
; K11      ;            ; --       ; VCC                             ; power  ;              ; 1.1V                ; --           ;                 ; --       ; --           ;
; K12      ;            ;          ; GND                             ; gnd    ;              ;                     ; --           ;                 ; --       ; --           ;
; K13      ;            ; --       ; VCC                             ; power  ;              ; 1.1V                ; --           ;                 ; --       ; --           ;
; K14      ;            ;          ; GND                             ; gnd    ;              ;                     ; --           ;                 ; --       ; --           ;
; K15      ;            ; --       ; VCC                             ; power  ;              ; 1.1V                ; --           ;                 ; --       ; --           ;
; K16      ; 424        ; 7A       ; RESERVED_INPUT_WITH_WEAK_PULLUP ;        ;              ;                     ; Column I/O   ;                 ; no       ; On           ;
; K17      ; 284        ; 5B       ; decoded_bit_addr[3]             ; output ; 2.5 V        ;                     ; Row I/O      ; N               ; no       ; Off          ;
; K18      ;            ; 5B       ; VCCIO5B                         ; power  ;              ; 2.5V                ; --           ;                 ; --       ; --           ;
; K19      ; 407        ; 7A       ; RESERVED_INPUT_WITH_WEAK_PULLUP ;        ;              ;                     ; Column I/O   ;                 ; no       ; On           ;
; K20      ; 405        ; 7A       ; RESERVED_INPUT_WITH_WEAK_PULLUP ;        ;              ;                     ; Column I/O   ;                 ; no       ; On           ;
; K21      ; 289        ; 5B       ; decoded_bit_addr[6]             ; output ; 2.5 V        ;                     ; Row I/O      ; N               ; no       ; Off          ;
; K22      ; 291        ; 5B       ; decoded_bit_addr[7]             ; output ; 2.5 V        ;                     ; Row I/O      ; N               ; no       ; Off          ;
; L1       ; 27         ; B1L      ; GND                             ;        ;              ;                     ; --           ;                 ; --       ; --           ;
; L2       ; 26         ; B1L      ; GND                             ;        ;              ;                     ; --           ;                 ; --       ; --           ;
; L3       ;            ;          ; GND                             ; gnd    ;              ;                     ; --           ;                 ; --       ; --           ;
; L4       ;            ; --       ; VCCE_GXBL                       ; power  ;              ; 1.1V                ; --           ;                 ; --       ; --           ;
; L5       ;            ;          ; GND                             ; gnd    ;              ;                     ; --           ;                 ; --       ; --           ;
; L6       ; 533        ; 9A       ; ^MSEL0                          ;        ;              ;                     ; --           ;                 ; --       ; --           ;
; L7       ; 454        ; 8A       ; RESERVED_INPUT_WITH_WEAK_PULLUP ;        ;              ;                     ; Column I/O   ;                 ; no       ; On           ;
; L8       ; 446        ; 7A       ; RESERVED_INPUT_WITH_WEAK_PULLUP ;        ;              ;                     ; Column I/O   ;                 ; no       ; On           ;
; L9       ;            ;          ; DNU                             ;        ;              ;                     ; --           ;                 ; --       ; --           ;
; L10      ;            ; --       ; VCC                             ; power  ;              ; 1.1V                ; --           ;                 ; --       ; --           ;
; L11      ;            ;          ; GND                             ; gnd    ;              ;                     ; --           ;                 ; --       ; --           ;
; L12      ;            ; --       ; VCC                             ; power  ;              ; 1.1V                ; --           ;                 ; --       ; --           ;
; L13      ;            ;          ; GND                             ; gnd    ;              ;                     ; --           ;                 ; --       ; --           ;
; L14      ;            ; --       ; VCC                             ; power  ;              ; 1.1V                ; --           ;                 ; --       ; --           ;
; L15      ;            ;          ; GND                             ; gnd    ;              ;                     ; --           ;                 ; --       ; --           ;
; L16      ;            ; --       ; VCC                             ; power  ;              ; 1.1V                ; --           ;                 ; --       ; --           ;
; L17      ; 286        ; 5B       ; decoded_bit_addr[1]             ; output ; 2.5 V        ;                     ; Row I/O      ; N               ; no       ; Off          ;
; L18      ; 290        ; 5B       ; decoded_bit_out                 ; output ; 2.5 V        ;                     ; Row I/O      ; N               ; no       ; Off          ;
; L19      ; 288        ; 5B       ; decoded_bit_addr[5]             ; output ; 2.5 V        ;                     ; Row I/O      ; N               ; no       ; Off          ;
; L20      ;            ; 5B       ; VREFB5BN0                       ; power  ;              ;                     ; --           ;                 ; --       ; --           ;
; L21      ;            ;          ; GND                             ; gnd    ;              ;                     ; --           ;                 ; --       ; --           ;
; L22      ; 283        ; 5B       ; decoded_bit_addr[2]             ; output ; 2.5 V        ;                     ; Row I/O      ; N               ; no       ; Off          ;
; M1       ;            ;          ; GND                             ; gnd    ;              ;                     ; --           ;                 ; --       ; --           ;
; M2       ;            ;          ; GND                             ; gnd    ;              ;                     ; --           ;                 ; --       ; --           ;
; M3       ;            ; --       ; VCCH_GXBL                       ; power  ;              ; 2.5V                ; --           ;                 ; --       ; --           ;
; M4       ;            ;          ; GND                             ; gnd    ;              ;                     ; --           ;                 ; --       ; --           ;
; M5       ; 42         ; 3A       ; #TDO                            ; output ;              ;                     ; --           ;                 ; --       ; --           ;
; M6       ; 64         ; 3A       ; RESERVED_INPUT_WITH_WEAK_PULLUP ;        ;              ;                     ; Column I/O   ;                 ; no       ; On           ;
; M7       ; 66         ; 3A       ; RESERVED_INPUT_WITH_WEAK_PULLUP ;        ;              ;                     ; Column I/O   ;                 ; no       ; On           ;
; M8       ; 112        ; 3B       ; RESERVED_INPUT_WITH_WEAK_PULLUP ;        ;              ;                     ; Column I/O   ;                 ; no       ; On           ;
; M9       ; 114        ; 3B       ; RESERVED_INPUT_WITH_WEAK_PULLUP ;        ;              ;                     ; Column I/O   ;                 ; no       ; On           ;
; M10      ;            ;          ; GND                             ; gnd    ;              ;                     ; --           ;                 ; --       ; --           ;
; M11      ;            ; --       ; VCC                             ; power  ;              ; 1.1V                ; --           ;                 ; --       ; --           ;
; M12      ;            ;          ; GND                             ; gnd    ;              ;                     ; --           ;                 ; --       ; --           ;
; M13      ;            ; --       ; VCC                             ; power  ;              ; 1.1V                ; --           ;                 ; --       ; --           ;
; M14      ;            ;          ; GND                             ; gnd    ;              ;                     ; --           ;                 ; --       ; --           ;
; M15      ;            ; --       ; VCC                             ; power  ;              ; 1.1V                ; --           ;                 ; --       ; --           ;
; M16      ; 278        ; 5B       ; clk                             ; input  ; 2.5 V        ;                     ; Row I/O      ; N               ; no       ; Off          ;
; M17      ;            ; 5B       ; VCCPD5B                         ; power  ;              ; 2.5V                ; --           ;                 ; --       ; --           ;
; M18      ; 282        ; 5B       ; llr_write_addr[0]               ; input  ; 2.5 V        ;                     ; Row I/O      ; N               ; no       ; Off          ;
; M19      ;            ; 5B       ; VCCIO5B                         ; power  ;              ; 2.5V                ; --           ;                 ; --       ; --           ;
; M20      ; 285        ; 5B       ; decoded_bit_addr[0]             ; output ; 2.5 V        ;                     ; Row I/O      ; N               ; no       ; Off          ;
; M21      ; 287        ; 5B       ; decoding_done                   ; output ; 2.5 V        ;                     ; Row I/O      ; N               ; no       ; Off          ;
; M22      ; 281        ; 5B       ; start                           ; input  ; 2.5 V        ;                     ; Row I/O      ; N               ; no       ; Off          ;
; N1       ; 28         ; B0L      ; GXB_NC                          ;        ;              ;                     ; --           ;                 ; --       ; --           ;
; N2       ; 29         ; B0L      ; GXB_NC                          ;        ;              ;                     ; --           ;                 ; --       ; --           ;
; N3       ;            ;          ; GND                             ; gnd    ;              ;                     ; --           ;                 ; --       ; --           ;
; N4       ;            ; --       ; VCCE_GXBL                       ; power  ;              ; 1.1V                ; --           ;                 ; --       ; --           ;
; N5       ;            ;          ; GND                             ; gnd    ;              ;                     ; --           ;                 ; --       ; --           ;
; N6       ; 58         ; 3A       ; RESERVED_INPUT_WITH_WEAK_PULLUP ;        ;              ;                     ; Column I/O   ;                 ; no       ; On           ;
; N7       ;            ;          ; GND                             ; gnd    ;              ;                     ; --           ;                 ; --       ; --           ;
; N8       ; 106        ; 3B       ; RESERVED_INPUT_WITH_WEAK_PULLUP ;        ;              ;                     ; Column I/O   ;                 ; no       ; On           ;
; N9       ; 130        ; 3B       ; RESERVED_INPUT_WITH_WEAK_PULLUP ;        ;              ;                     ; Column I/O   ;                 ; no       ; On           ;
; N10      ;            ; --       ; VCC                             ; power  ;              ; 1.1V                ; --           ;                 ; --       ; --           ;
; N11      ;            ;          ; GND                             ; gnd    ;              ;                     ; --           ;                 ; --       ; --           ;
; N12      ;            ; --       ; VCC                             ; power  ;              ; 1.1V                ; --           ;                 ; --       ; --           ;
; N13      ;            ;          ; GND                             ; gnd    ;              ;                     ; --           ;                 ; --       ; --           ;
; N14      ;            ; --       ; VCC                             ; power  ;              ; 1.1V                ; --           ;                 ; --       ; --           ;
; N15      ;            ;          ; GND                             ; gnd    ;              ;                     ; --           ;                 ; --       ; --           ;
; N16      ; 276        ; 5B       ; rst_n                           ; input  ; 2.5 V        ;                     ; Row I/O      ; N               ; no       ; Off          ;
; N17      ;            ;          ; GND                             ; gnd    ;              ;                     ; --           ;                 ; --       ; --           ;
; N18      ;            ; 5B       ; VCCPD5B                         ; power  ;              ; 2.5V                ; --           ;                 ; --       ; --           ;
; N19      ; 280        ; 5B       ; decoded_bit_addr[4]             ; output ; 2.5 V        ;                     ; Row I/O      ; N               ; no       ; Off          ;
; N20      ; 277        ; 5B       ; llr_in[5]                       ; input  ; 2.5 V        ;                     ; Row I/O      ; N               ; no       ; Off          ;
; N21      ; 279        ; 5B       ; decoded_bit_valid               ; output ; 2.5 V        ;                     ; Row I/O      ; N               ; no       ; Off          ;
; N22      ;            ;          ; GND                             ; gnd    ;              ;                     ; --           ;                 ; --       ; --           ;
; P1       ;            ;          ; GND                             ; gnd    ;              ;                     ; --           ;                 ; --       ; --           ;
; P2       ;            ;          ; GND                             ; gnd    ;              ;                     ; --           ;                 ; --       ; --           ;
; P3       ;            ; --       ; VCCL_GXBL                       ; power  ;              ; 1.1V                ; --           ;                 ; --       ; --           ;
; P4       ;            ;          ; GND                             ; gnd    ;              ;                     ; --           ;                 ; --       ; --           ;
; P5       ; 44         ; 3A       ; #TMS                            ; input  ;              ;                     ; --           ;                 ; --       ; --           ;
; P6       ; 56         ; 3A       ; RESERVED_INPUT_WITH_WEAK_PULLUP ;        ;              ;                     ; Column I/O   ;                 ; no       ; On           ;
; P7       ; 67         ; 3A       ; RESERVED_INPUT_WITH_WEAK_PULLUP ;        ;              ;                     ; Column I/O   ;                 ; no       ; On           ;
; P8       ; 104        ; 3B       ; RESERVED_INPUT_WITH_WEAK_PULLUP ;        ;              ;                     ; Column I/O   ;                 ; no       ; On           ;
; P9       ; 128        ; 3B       ; RESERVED_INPUT_WITH_WEAK_PULLUP ;        ;              ;                     ; Column I/O   ;                 ; no       ; On           ;
; P10      ;            ;          ; GND                             ; gnd    ;              ;                     ; --           ;                 ; --       ; --           ;
; P11      ;            ; --       ; VCC                             ; power  ;              ; 1.1V                ; --           ;                 ; --       ; --           ;
; P12      ; 123        ; 3B       ; RESERVED_INPUT_WITH_WEAK_PULLUP ;        ;              ;                     ; Column I/O   ;                 ; no       ; On           ;
; P13      ;            ; --       ; VCC                             ; power  ;              ; 1.1V                ; --           ;                 ; --       ; --           ;
; P14      ; 168        ; 4A       ; llr_write_addr[3]               ; input  ; 2.5 V        ;                     ; Column I/O   ; N               ; no       ; Off          ;
; P15      ;            ; --       ; VCC                             ; power  ;              ; 1.1V                ; --           ;                 ; --       ; --           ;
; P16      ; 225        ; 5A       ; llr_write_addr[8]               ; input  ; 2.5 V        ;                     ; Row I/O      ; N               ; no       ; Off          ;
; P17      ; 227        ; 5A       ; llr_write_addr[4]               ; input  ; 2.5 V        ;                     ; Row I/O      ; N               ; no       ; Off          ;
; P18      ; 226        ; 5A       ; llr_in[7]                       ; input  ; 2.5 V        ;                     ; Row I/O      ; N               ; no       ; Off          ;
; P19      ; 224        ; 5A       ; converged                       ; output ; 2.5 V        ;                     ; Row I/O      ; N               ; no       ; Off          ;
; P20      ;            ; 5A       ; VCCIO5A                         ; power  ;              ; 2.5V                ; --           ;                 ; --       ; --           ;
; P21      ;            ; 5A       ; VCCPD5A                         ; power  ;              ; 2.5V                ; --           ;                 ; --       ; --           ;
; P22      ; 222        ; 5A       ; llr_in[1]                       ; input  ; 2.5 V        ;                     ; Row I/O      ; N               ; no       ; Off          ;
; R1       ; 31         ; B0L      ; GND                             ;        ;              ;                     ; --           ;                 ; --       ; --           ;
; R2       ; 30         ; B0L      ; GND                             ;        ;              ;                     ; --           ;                 ; --       ; --           ;
; R3       ;            ;          ; GND                             ; gnd    ;              ;                     ; --           ;                 ; --       ; --           ;
; R4       ; 43         ; 3A       ; ^nCSO, DATA4                    ;        ;              ;                     ; Weak Pull Up ;                 ; --       ; On           ;
; R5       ; 54         ; 3A       ; RESERVED_INPUT_WITH_WEAK_PULLUP ;        ;              ;                     ; Column I/O   ;                 ; no       ; On           ;
; R6       ; 52         ; 3A       ; RESERVED_INPUT_WITH_WEAK_PULLUP ;        ;              ;                     ; Column I/O   ;                 ; no       ; On           ;
; R7       ; 65         ; 3A       ; RESERVED_INPUT_WITH_WEAK_PULLUP ;        ;              ;                     ; Column I/O   ;                 ; no       ; On           ;
; R8       ;            ; 3B       ; VCCIO3B                         ; power  ;              ; 2.5V                ; --           ;                 ; --       ; --           ;
; R9       ; 119        ; 3B       ; RESERVED_INPUT_WITH_WEAK_PULLUP ;        ;              ;                     ; Column I/O   ;                 ; no       ; On           ;
; R10      ; 125        ; 3B       ; RESERVED_INPUT_WITH_WEAK_PULLUP ;        ;              ;                     ; Column I/O   ;                 ; no       ; On           ;
; R11      ; 127        ; 3B       ; RESERVED_INPUT_WITH_WEAK_PULLUP ;        ;              ;                     ; Column I/O   ;                 ; no       ; On           ;
; R12      ; 121        ; 3B       ; RESERVED_INPUT_WITH_WEAK_PULLUP ;        ;              ;                     ; Column I/O   ;                 ; no       ; On           ;
; R13      ;            ;          ; GND                             ; gnd    ;              ;                     ; --           ;                 ; --       ; --           ;
; R14      ; 170        ; 4A       ; llr_in[2]                       ; input  ; 2.5 V        ;                     ; Column I/O   ; N               ; no       ; Off          ;
; R15      ; 219        ; 5A       ; llr_write_addr[1]               ; input  ; 2.5 V        ;                     ; Row I/O      ; N               ; no       ; Off          ;
; R16      ; 221        ; 5A       ; llr_in[0]                       ; input  ; 2.5 V        ;                     ; Row I/O      ; N               ; no       ; Off          ;
; R17      ; 223        ; 5A       ; llr_write_addr[6]               ; input  ; 2.5 V        ;                     ; Row I/O      ; N               ; no       ; Off          ;
; R18      ;            ; 5A       ; VCCIO5A                         ; power  ;              ; 2.5V                ; --           ;                 ; --       ; --           ;
; R19      ;            ; --       ; VCCPGM                          ; power  ;              ; 1.8V/2.5V/3.0V/3.3V ; --           ;                 ; --       ; --           ;
; R20      ;            ; 5A       ; VREFB5AN0                       ; power  ;              ;                     ; --           ;                 ; --       ; --           ;
; R21      ; 220        ; 5A       ; llr_in[6]                       ; input  ; 2.5 V        ;                     ; Row I/O      ; N               ; no       ; Off          ;
; R22      ; 218        ; 5A       ; RESERVED_INPUT_WITH_WEAK_PULLUP ;        ;              ;                     ; Row I/O      ;                 ; no       ; On           ;
; T1       ;            ;          ; GND                             ; gnd    ;              ;                     ; --           ;                 ; --       ; --           ;
; T2       ;            ;          ; GND                             ; gnd    ;              ;                     ; --           ;                 ; --       ; --           ;
; T3       ;            ; --       ; VCCH_GXBL                       ; power  ;              ; 2.5V                ; --           ;                 ; --       ; --           ;
; T4       ; 45         ; 3A       ; ^AS_DATA3, DATA3                ;        ;              ;                     ; Weak Pull Up ;                 ; --       ; On           ;
; T5       ;            ; --       ; VCCA_FPLL                       ; power  ;              ; 2.5V                ; --           ;                 ; --       ; --           ;
; T6       ;            ; 3A       ; VCCIO3A                         ; power  ;              ; 2.5V                ; --           ;                 ; --       ; --           ;
; T7       ; 60         ; 3A       ; RESERVED_INPUT_WITH_WEAK_PULLUP ;        ;              ;                     ; Column I/O   ;                 ; no       ; On           ;
; T8       ; 62         ; 3A       ; RESERVED_INPUT_WITH_WEAK_PULLUP ;        ;              ;                     ; Column I/O   ;                 ; no       ; On           ;
; T9       ; 109        ; 3B       ; RESERVED_INPUT_WITH_WEAK_PULLUP ;        ;              ;                     ; Column I/O   ;                 ; no       ; On           ;
; T10      ; 117        ; 3B       ; RESERVED_INPUT_WITH_WEAK_PULLUP ;        ;              ;                     ; Column I/O   ;                 ; no       ; On           ;
; T11      ;            ; 3B       ; VCCIO3B                         ; power  ;              ; 2.5V                ; --           ;                 ; --       ; --           ;
; T12      ; 136        ; 4A       ; RESERVED_INPUT_WITH_WEAK_PULLUP ;        ;              ;                     ; Column I/O   ;                 ; no       ; On           ;
; T13      ; 138        ; 4A       ; RESERVED_INPUT_WITH_WEAK_PULLUP ;        ;              ;                     ; Column I/O   ;                 ; no       ; On           ;
; T14      ; 152        ; 4A       ; RESERVED_INPUT_WITH_WEAK_PULLUP ;        ;              ;                     ; Column I/O   ;                 ; no       ; On           ;
; T15      ; 217        ; 5A       ; llr_write_enable                ; input  ; 2.5 V        ;                     ; Row I/O      ; N               ; no       ; Off          ;
; T16      ;            ;          ; GND                             ; gnd    ;              ;                     ; --           ;                 ; --       ; --           ;
; T17      ; 215        ; 5A       ; RESERVED_INPUT_WITH_WEAK_PULLUP ;        ;              ;                     ; Row I/O      ;                 ; no       ; On           ;
; T18      ; 213        ; 5A       ; RESERVED_INPUT_WITH_WEAK_PULLUP ;        ;              ;                     ; Row I/O      ;                 ; no       ; On           ;
; T19      ; 212        ; 5A       ; RESERVED_INPUT_WITH_WEAK_PULLUP ;        ;              ;                     ; Row I/O      ;                 ; no       ; On           ;
; T20      ; 214        ; 5A       ; RESERVED_INPUT_WITH_WEAK_PULLUP ;        ;              ;                     ; Row I/O      ;                 ; no       ; On           ;
; T21      ;            ;          ; GND                             ; gnd    ;              ;                     ; --           ;                 ; --       ; --           ;
; T22      ; 216        ; 5A       ; RESERVED_INPUT_WITH_WEAK_PULLUP ;        ;              ;                     ; Row I/O      ;                 ; no       ; On           ;
; U1       ; 32         ; B0L      ; GXB_NC                          ;        ;              ;                     ; --           ;                 ; --       ; --           ;
; U2       ; 33         ; B0L      ; GXB_NC                          ;        ;              ;                     ; --           ;                 ; --       ; --           ;
; U3       ;            ;          ; GND                             ; gnd    ;              ;                     ; --           ;                 ; --       ; --           ;
; U4       ; 41         ; B0L      ; GND                             ;        ;              ;                     ; Row I/O      ;                 ; --       ; --           ;
; U5       ;            ;          ; GND                             ; gnd    ;              ;                     ; --           ;                 ; --       ; --           ;
; U6       ; 61         ; 3A       ; RESERVED_INPUT_WITH_WEAK_PULLUP ;        ;              ;                     ; Column I/O   ;                 ; no       ; On           ;
; U7       ; 53         ; 3A       ; RESERVED_INPUT_WITH_WEAK_PULLUP ;        ;              ;                     ; Column I/O   ;                 ; no       ; On           ;
; U8       ; 55         ; 3A       ; RESERVED_INPUT_WITH_WEAK_PULLUP ;        ;              ;                     ; Column I/O   ;                 ; no       ; On           ;
; U9       ;            ;          ; GND                             ; gnd    ;              ;                     ; --           ;                 ; --       ; --           ;
; U10      ; 111        ; 3B       ; RESERVED_INPUT_WITH_WEAK_PULLUP ;        ;              ;                     ; Column I/O   ;                 ; no       ; On           ;
; U11      ; 120        ; 3B       ; RESERVED_INPUT_WITH_WEAK_PULLUP ;        ;              ;                     ; Column I/O   ;                 ; no       ; On           ;
; U12      ; 122        ; 3B       ; RESERVED_INPUT_WITH_WEAK_PULLUP ;        ;              ;                     ; Column I/O   ;                 ; no       ; On           ;
; U13      ; 135        ; 4A       ; RESERVED_INPUT_WITH_WEAK_PULLUP ;        ;              ;                     ; Column I/O   ;                 ; no       ; On           ;
; U14      ;            ; 4A       ; VCCIO4A                         ; power  ;              ; 2.5V                ; --           ;                 ; --       ; --           ;
; U15      ; 154        ; 4A       ; RESERVED_INPUT_WITH_WEAK_PULLUP ;        ;              ;                     ; Column I/O   ;                 ; no       ; On           ;
; U16      ; 176        ; 4A       ; RESERVED_INPUT_WITH_WEAK_PULLUP ;        ;              ;                     ; Column I/O   ;                 ; no       ; On           ;
; U17      ; 178        ; 4A       ; llr_write_addr[5]               ; input  ; 2.5 V        ;                     ; Column I/O   ; N               ; no       ; Off          ;
; U18      ;            ; --       ; VCCA_FPLL                       ; power  ;              ; 2.5V                ; --           ;                 ; --       ; --           ;
; U19      ;            ; 4A       ; VCCIO4A                         ; power  ;              ; 2.5V                ; --           ;                 ; --       ; --           ;
; U20      ; 179        ; 4A       ; RESERVED_INPUT_WITH_WEAK_PULLUP ;        ;              ;                     ; Column I/O   ;                 ; no       ; On           ;
; U21      ; 177        ; 4A       ; RESERVED_INPUT_WITH_WEAK_PULLUP ;        ;              ;                     ; Column I/O   ;                 ; no       ; On           ;
; U22      ; 172        ; 4A       ; llr_in[3]                       ; input  ; 2.5 V        ;                     ; Column I/O   ; N               ; no       ; Off          ;
; V1       ;            ;          ; GND                             ; gnd    ;              ;                     ; --           ;                 ; --       ; --           ;
; V2       ;            ;          ; GND                             ; gnd    ;              ;                     ; --           ;                 ; --       ; --           ;
; V3       ; 50         ; 3A       ; ^DCLK                           ;        ;              ;                     ; Weak Pull Up ;                 ; --       ; On           ;
; V4       ; 40         ; B0L      ; GND                             ;        ;              ;                     ; Row I/O      ;                 ; --       ; --           ;
; V5       ; 46         ; 3A       ; #TCK                            ; input  ;              ;                     ; --           ;                 ; --       ; --           ;
; V6       ; 63         ; 3A       ; RESERVED_INPUT_WITH_WEAK_PULLUP ;        ;              ;                     ; Column I/O   ;                 ; no       ; On           ;
; V7       ;            ;          ; GND                             ; gnd    ;              ;                     ; --           ;                 ; --       ; --           ;
; V8       ;            ; --       ; VCCPGM                          ; power  ;              ; 1.8V/2.5V/3.0V/3.3V ; --           ;                 ; --       ; --           ;
; V9       ; 101        ; 3B       ; RESERVED_INPUT_WITH_WEAK_PULLUP ;        ;              ;                     ; Column I/O   ;                 ; no       ; On           ;
; V10      ; 103        ; 3B       ; RESERVED_INPUT_WITH_WEAK_PULLUP ;        ;              ;                     ; Column I/O   ;                 ; no       ; On           ;
; V11      ;            ;          ; DNU                             ;        ;              ;                     ; --           ;                 ; --       ; --           ;
; V12      ;            ;          ; GND                             ; gnd    ;              ;                     ; --           ;                 ; --       ; --           ;
; V13      ; 133        ; 4A       ; RESERVED_INPUT_WITH_WEAK_PULLUP ;        ;              ;                     ; Column I/O   ;                 ; no       ; On           ;
; V14      ; 144        ; 4A       ; RESERVED_INPUT_WITH_WEAK_PULLUP ;        ;              ;                     ; Column I/O   ;                 ; no       ; On           ;
; V15      ; 146        ; 4A       ; RESERVED_INPUT_WITH_WEAK_PULLUP ;        ;              ;                     ; Column I/O   ;                 ; no       ; On           ;
; V16      ; 160        ; 4A       ; RESERVED_INPUT_WITH_WEAK_PULLUP ;        ;              ;                     ; Column I/O   ;                 ; no       ; On           ;
; V17      ;            ;          ; GND                             ; gnd    ;              ;                     ; --           ;                 ; --       ; --           ;
; V18      ; 175        ; 4A       ; llr_in[4]                       ; input  ; 2.5 V        ;                     ; Column I/O   ; N               ; no       ; Off          ;
; V19      ; 173        ; 4A       ; RESERVED_INPUT_WITH_WEAK_PULLUP ;        ;              ;                     ; Column I/O   ;                 ; no       ; On           ;
; V20      ; 157        ; 4A       ; RESERVED_INPUT_WITH_WEAK_PULLUP ;        ;              ;                     ; Column I/O   ;                 ; no       ; On           ;
; V21      ; 174        ; 4A       ; RESERVED_INPUT_WITH_WEAK_PULLUP ;        ;              ;                     ; Column I/O   ;                 ; no       ; On           ;
; V22      ;            ;          ; GND                             ; gnd    ;              ;                     ; --           ;                 ; --       ; --           ;
; W1       ; 35         ; B0L      ; GND                             ;        ;              ;                     ; --           ;                 ; --       ; --           ;
; W2       ; 34         ; B0L      ; GND                             ;        ;              ;                     ; --           ;                 ; --       ; --           ;
; W3       ;            ;          ; GND                             ; gnd    ;              ;                     ; --           ;                 ; --       ; --           ;
; W4       ;            ;          ; GND                             ; gnd    ;              ;                     ; --           ;                 ; --       ; --           ;
; W5       ; 48         ; 3A       ; #TDI                            ; input  ;              ;                     ; --           ;                 ; --       ; --           ;
; W6       ;            ; 3A       ; VCCPD3A                         ; power  ;              ; 2.5V                ; --           ;                 ; --       ; --           ;
; W7       ;            ; --       ; VCC_AUX                         ; power  ;              ; 2.5V                ; --           ;                 ; --       ; --           ;
; W8       ; 57         ; 3A       ; RESERVED_INPUT_WITH_WEAK_PULLUP ;        ;              ;                     ; Column I/O   ;                 ; no       ; On           ;
; W9       ; 59         ; 3A       ; RESERVED_INPUT_WITH_WEAK_PULLUP ;        ;              ;                     ; Column I/O   ;                 ; no       ; On           ;
; W10      ;            ; 3B       ; VCCIO3B                         ; power  ;              ; 2.5V                ; --           ;                 ; --       ; --           ;
; W11      ;            ; 3B, 4A   ; VCCPD3B4A                       ; power  ;              ; 2.5V                ; --           ;                 ; --       ; --           ;
; W12      ;            ; 3B, 4A   ; VCCPD3B4A                       ; power  ;              ; 2.5V                ; --           ;                 ; --       ; --           ;
; W13      ;            ; --       ; VCC_AUX                         ; power  ;              ; 2.5V                ; --           ;                 ; --       ; --           ;
; W14      ;            ; 3B, 4A   ; VCCPD3B4A                       ; power  ;              ; 2.5V                ; --           ;                 ; --       ; --           ;
; W15      ;            ; 4A       ; VCCIO4A                         ; power  ;              ; 2.5V                ; --           ;                 ; --       ; --           ;
; W16      ; 162        ; 4A       ; RESERVED_INPUT_WITH_WEAK_PULLUP ;        ;              ;                     ; Column I/O   ;                 ; no       ; On           ;
; W17      ;            ; 3B, 4A   ; VCCPD3B4A                       ; power  ;              ; 2.5V                ; --           ;                 ; --       ; --           ;
; W18      ;            ; --       ; VCC_AUX                         ; power  ;              ; 2.5V                ; --           ;                 ; --       ; --           ;
; W19      ; 159        ; 4A       ; RESERVED_INPUT_WITH_WEAK_PULLUP ;        ;              ;                     ; Column I/O   ;                 ; no       ; On           ;
; W20      ;            ; 4A       ; VCCIO4A                         ; power  ;              ; 2.5V                ; --           ;                 ; --       ; --           ;
; W21      ; 171        ; 4A       ; llr_write_addr[2]               ; input  ; 2.5 V        ;                     ; Column I/O   ; N               ; no       ; Off          ;
; W22      ; 166        ; 4A       ; RESERVED_INPUT_WITH_WEAK_PULLUP ;        ;              ;                     ; Column I/O   ;                 ; no       ; On           ;
; Y1       ;            ;          ; GND                             ; gnd    ;              ;                     ; --           ;                 ; --       ; --           ;
; Y2       ;            ;          ; GND                             ; gnd    ;              ;                     ; --           ;                 ; --       ; --           ;
; Y3       ; 36         ; B0L      ; GXB_NC                          ;        ;              ;                     ; --           ;                 ; --       ; --           ;
; Y4       ; 37         ; B0L      ; GXB_NC                          ;        ;              ;                     ; --           ;                 ; --       ; --           ;
; Y5       ;            ;          ; GND                             ; gnd    ;              ;                     ; --           ;                 ; --       ; --           ;
; Y6       ;            ;          ; DNU                             ;        ;              ;                     ; --           ;                 ; --       ; --           ;
; Y7       ;            ; 3A       ; VREFB3AN0                       ; power  ;              ;                     ; --           ;                 ; --       ; --           ;
; Y8       ;            ; 3A       ; VCCIO3A                         ; power  ;              ; 2.5V                ; --           ;                 ; --       ; --           ;
; Y9       ; 118        ; 3B       ; RESERVED_INPUT_WITH_WEAK_PULLUP ;        ;              ;                     ; Column I/O   ;                 ; no       ; On           ;
; Y10      ; 116        ; 3B       ; RESERVED_INPUT_WITH_WEAK_PULLUP ;        ;              ;                     ; Column I/O   ;                 ; no       ; On           ;
; Y11      ; 129        ; 3B       ; RESERVED_INPUT_WITH_WEAK_PULLUP ;        ;              ;                     ; Column I/O   ;                 ; no       ; On           ;
; Y12      ;            ; 3B       ; VREFB3BN0                       ; power  ;              ;                     ; --           ;                 ; --       ; --           ;
; Y13      ;            ; 3B       ; VCCIO3B                         ; power  ;              ; 2.5V                ; --           ;                 ; --       ; --           ;
; Y14      ; 141        ; 4A       ; RESERVED_INPUT_WITH_WEAK_PULLUP ;        ;              ;                     ; Column I/O   ;                 ; no       ; On           ;
; Y15      ; 143        ; 4A       ; RESERVED_INPUT_WITH_WEAK_PULLUP ;        ;              ;                     ; Column I/O   ;                 ; no       ; On           ;
; Y16      ; 149        ; 4A       ; RESERVED_INPUT_WITH_WEAK_PULLUP ;        ;              ;                     ; Column I/O   ;                 ; no       ; On           ;
; Y17      ; 151        ; 4A       ; RESERVED_INPUT_WITH_WEAK_PULLUP ;        ;              ;                     ; Column I/O   ;                 ; no       ; On           ;
; Y18      ;            ;          ; GND                             ; gnd    ;              ;                     ; --           ;                 ; --       ; --           ;
; Y19      ; 167        ; 4A       ; RESERVED_INPUT_WITH_WEAK_PULLUP ;        ;              ;                     ; Column I/O   ;                 ; no       ; On           ;
; Y20      ; 165        ; 4A       ; RESERVED_INPUT_WITH_WEAK_PULLUP ;        ;              ;                     ; Column I/O   ;                 ; no       ; On           ;
; Y21      ; 169        ; 4A       ; llr_write_addr[7]               ; input  ; 2.5 V        ;                     ; Column I/O   ; N               ; no       ; Off          ;
; Y22      ; 164        ; 4A       ; RESERVED_INPUT_WITH_WEAK_PULLUP ;        ;              ;                     ; Column I/O   ;                 ; no       ; On           ;
+----------+------------+----------+---------------------------------+--------+--------------+---------------------+--------------+-----------------+----------+--------------+
Note: Pin directions (input, output or bidir) are based on device operating in user mode.


+-----------------------------------------------------+
; I/O Assignment Warnings                             ;
+---------------------+-------------------------------+
; Pin Name            ; Reason                        ;
+---------------------+-------------------------------+
; decoding_done       ; Incomplete set of assignments ;
; converged           ; Incomplete set of assignments ;
; decoded_bit_out     ; Incomplete set of assignments ;
; decoded_bit_addr[0] ; Incomplete set of assignments ;
; decoded_bit_addr[1] ; Incomplete set of assignments ;
; decoded_bit_addr[2] ; Incomplete set of assignments ;
; decoded_bit_addr[3] ; Incomplete set of assignments ;
; decoded_bit_addr[4] ; Incomplete set of assignments ;
; decoded_bit_addr[5] ; Incomplete set of assignments ;
; decoded_bit_addr[6] ; Incomplete set of assignments ;
; decoded_bit_addr[7] ; Incomplete set of assignments ;
; decoded_bit_addr[8] ; Incomplete set of assignments ;
; decoded_bit_valid   ; Incomplete set of assignments ;
; start               ; Incomplete set of assignments ;
; clk                 ; Incomplete set of assignments ;
; rst_n               ; Incomplete set of assignments ;
; llr_write_enable    ; Incomplete set of assignments ;
; llr_in[7]           ; Incomplete set of assignments ;
; llr_write_addr[0]   ; Incomplete set of assignments ;
; llr_write_addr[1]   ; Incomplete set of assignments ;
; llr_write_addr[2]   ; Incomplete set of assignments ;
; llr_write_addr[3]   ; Incomplete set of assignments ;
; llr_write_addr[4]   ; Incomplete set of assignments ;
; llr_write_addr[5]   ; Incomplete set of assignments ;
; llr_write_addr[6]   ; Incomplete set of assignments ;
; llr_write_addr[7]   ; Incomplete set of assignments ;
; llr_write_addr[8]   ; Incomplete set of assignments ;
; llr_in[6]           ; Incomplete set of assignments ;
; llr_in[5]           ; Incomplete set of assignments ;
; llr_in[4]           ; Incomplete set of assignments ;
; llr_in[3]           ; Incomplete set of assignments ;
; llr_in[2]           ; Incomplete set of assignments ;
; llr_in[1]           ; Incomplete set of assignments ;
; llr_in[0]           ; Incomplete set of assignments ;
; decoding_done       ; Missing location assignment   ;
; converged           ; Missing location assignment   ;
; decoded_bit_out     ; Missing location assignment   ;
; decoded_bit_addr[0] ; Missing location assignment   ;
; decoded_bit_addr[1] ; Missing location assignment   ;
; decoded_bit_addr[2] ; Missing location assignment   ;
; decoded_bit_addr[3] ; Missing location assignment   ;
; decoded_bit_addr[4] ; Missing location assignment   ;
; decoded_bit_addr[5] ; Missing location assignment   ;
; decoded_bit_addr[6] ; Missing location assignment   ;
; decoded_bit_addr[7] ; Missing location assignment   ;
; decoded_bit_addr[8] ; Missing location assignment   ;
; decoded_bit_valid   ; Missing location assignment   ;
; start               ; Missing location assignment   ;
; clk                 ; Missing location assignment   ;
; rst_n               ; Missing location assignment   ;
; llr_write_enable    ; Missing location assignment   ;
; llr_in[7]           ; Missing location assignment   ;
; llr_write_addr[0]   ; Missing location assignment   ;
; llr_write_addr[1]   ; Missing location assignment   ;
; llr_write_addr[2]   ; Missing location assignment   ;
; llr_write_addr[3]   ; Missing location assignment   ;
; llr_write_addr[4]   ; Missing location assignment   ;
; llr_write_addr[5]   ; Missing location assignment   ;
; llr_write_addr[6]   ; Missing location assignment   ;
; llr_write_addr[7]   ; Missing location assignment   ;
; llr_write_addr[8]   ; Missing location assignment   ;
; llr_in[6]           ; Missing location assignment   ;
; llr_in[5]           ; Missing location assignment   ;
; llr_in[4]           ; Missing location assignment   ;
; llr_in[3]           ; Missing location assignment   ;
; llr_in[2]           ; Missing location assignment   ;
; llr_in[1]           ; Missing location assignment   ;
; llr_in[0]           ; Missing location assignment   ;
+---------------------+-------------------------------+


+---------------------------------------------------------------------------------------------------------------------------------------------------------------------------------------------------------------------------------------------------------------------------------------------------------------------------------------------------------------------------------------------------------------------------------------------------------------------------------------------------------+
; Fitter Resource Utilization by Entity                                                                                                                                                                                                                                                                                                                                                                                                                                                                   ;
+-------------------------------------------+----------------------+----------------------------------+---------------------------------------------------+----------------------------------+----------------------+---------------------+---------------------------+---------------+-------------------+-------+------------+------+--------------+--------------------------------------------------------------------------------------------------------------+----------------------+--------------+
; Compilation Hierarchy Node                ; ALMs needed [=A-B+C] ; [A] ALMs used in final placement ; [B] Estimate of ALMs recoverable by dense packing ; [C] Estimate of ALMs unavailable ; ALMs used for memory ; Combinational ALUTs ; Dedicated Logic Registers ; I/O Registers ; Block Memory Bits ; M10Ks ; DSP Blocks ; Pins ; Virtual Pins ; Full Hierarchy Name                                                                                          ; Entity Name          ; Library Name ;
+-------------------------------------------+----------------------+----------------------------------+---------------------------------------------------+----------------------------------+----------------------+---------------------+---------------------------+---------------+-------------------+-------+------------+------+--------------+--------------------------------------------------------------------------------------------------------------+----------------------+--------------+
; |ldpc_decoder_top                         ; 1438.5 (466.4)       ; 1511.5 (474.8)                   ; 88.5 (9.4)                                        ; 15.5 (1.0)                       ; 0.0 (0.0)            ; 2142 (746)          ; 1391 (747)                ; 0 (0)         ; 83599             ; 14    ; 0          ; 34   ; 0            ; |ldpc_decoder_top                                                                                            ; ldpc_decoder_top     ; work         ;
;    |cn_rom:cn_rom_inst|                   ; 0.0 (0.0)            ; 0.0 (0.0)                        ; 0.0 (0.0)                                         ; 0.0 (0.0)                        ; 0.0 (0.0)            ; 0 (0)               ; 0 (0)                     ; 0 (0)         ; 22528             ; 3     ; 0          ; 0    ; 0            ; |ldpc_decoder_top|cn_rom:cn_rom_inst                                                                         ; cn_rom               ; work         ;
;       |altsyncram:mem_rtl_0|              ; 0.0 (0.0)            ; 0.0 (0.0)                        ; 0.0 (0.0)                                         ; 0.0 (0.0)                        ; 0.0 (0.0)            ; 0 (0)               ; 0 (0)                     ; 0 (0)         ; 22528             ; 3     ; 0          ; 0    ; 0            ; |ldpc_decoder_top|cn_rom:cn_rom_inst|altsyncram:mem_rtl_0                                                    ; altsyncram           ; work         ;
;          |altsyncram_6if1:auto_generated| ; 0.0 (0.0)            ; 0.0 (0.0)                        ; 0.0 (0.0)                                         ; 0.0 (0.0)                        ; 0.0 (0.0)            ; 0 (0)               ; 0 (0)                     ; 0 (0)         ; 22528             ; 3     ; 0          ; 0    ; 0            ; |ldpc_decoder_top|cn_rom:cn_rom_inst|altsyncram:mem_rtl_0|altsyncram_6if1:auto_generated                     ; altsyncram_6if1      ; work         ;
;    |cnu:cnu_inst|                         ; 262.5 (262.5)        ; 268.3 (268.3)                    ; 7.2 (7.2)                                         ; 1.4 (1.4)                        ; 0.0 (0.0)            ; 453 (453)           ; 243 (243)                 ; 0 (0)         ; 0                 ; 0     ; 0          ; 0    ; 0            ; |ldpc_decoder_top|cnu:cnu_inst                                                                               ; cnu                  ; work         ;
;    |edge_message_bank:cv_bank_inst|       ; 0.0 (0.0)            ; 0.0 (0.0)                        ; 0.0 (0.0)                                         ; 0.0 (0.0)                        ; 0.0 (0.0)            ; 0 (0)               ; 0 (0)                     ; 0 (0)         ; 16384             ; 2     ; 0          ; 0    ; 0            ; |ldpc_decoder_top|edge_message_bank:cv_bank_inst                                                             ; edge_message_bank    ; work         ;
;       |altsyncram:edge_memory_rtl_0|      ; 0.0 (0.0)            ; 0.0 (0.0)                        ; 0.0 (0.0)                                         ; 0.0 (0.0)                        ; 0.0 (0.0)            ; 0 (0)               ; 0 (0)                     ; 0 (0)         ; 16384             ; 2     ; 0          ; 0    ; 0            ; |ldpc_decoder_top|edge_message_bank:cv_bank_inst|altsyncram:edge_memory_rtl_0                                ; altsyncram           ; work         ;
;          |altsyncram_m6p1:auto_generated| ; 0.0 (0.0)            ; 0.0 (0.0)                        ; 0.0 (0.0)                                         ; 0.0 (0.0)                        ; 0.0 (0.0)            ; 0 (0)               ; 0 (0)                     ; 0 (0)         ; 16384             ; 2     ; 0          ; 0    ; 0            ; |ldpc_decoder_top|edge_message_bank:cv_bank_inst|altsyncram:edge_memory_rtl_0|altsyncram_m6p1:auto_generated ; altsyncram_m6p1      ; work         ;
;    |edge_message_bank:vc_bank_inst|       ; 0.0 (0.0)            ; 0.0 (0.0)                        ; 0.0 (0.0)                                         ; 0.0 (0.0)                        ; 0.0 (0.0)            ; 0 (0)               ; 0 (0)                     ; 0 (0)         ; 16384             ; 2     ; 0          ; 0    ; 0            ; |ldpc_decoder_top|edge_message_bank:vc_bank_inst                                                             ; edge_message_bank    ; work         ;
;       |altsyncram:edge_memory_rtl_0|      ; 0.0 (0.0)            ; 0.0 (0.0)                        ; 0.0 (0.0)                                         ; 0.0 (0.0)                        ; 0.0 (0.0)            ; 0 (0)               ; 0 (0)                     ; 0 (0)         ; 16384             ; 2     ; 0          ; 0    ; 0            ; |ldpc_decoder_top|edge_message_bank:vc_bank_inst|altsyncram:edge_memory_rtl_0                                ; altsyncram           ; work         ;
;          |altsyncram_m6p1:auto_generated| ; 0.0 (0.0)            ; 0.0 (0.0)                        ; 0.0 (0.0)                                         ; 0.0 (0.0)                        ; 0.0 (0.0)            ; 0 (0)               ; 0 (0)                     ; 0 (0)         ; 16384             ; 2     ; 0          ; 0    ; 0            ; |ldpc_decoder_top|edge_message_bank:vc_bank_inst|altsyncram:edge_memory_rtl_0|altsyncram_m6p1:auto_generated ; altsyncram_m6p1      ; work         ;
;    |iteration_controller:ctrl_inst|       ; 224.2 (224.2)        ; 260.2 (260.2)                    ; 42.6 (42.6)                                       ; 6.6 (6.6)                        ; 0.0 (0.0)            ; 247 (247)           ; 401 (401)                 ; 0 (0)         ; 143               ; 2     ; 0          ; 0    ; 0            ; |ldpc_decoder_top|iteration_controller:ctrl_inst                                                             ; iteration_controller ; work         ;
;       |altsyncram:cn_edge_ids_rtl_0|      ; 0.0 (0.0)            ; 0.0 (0.0)                        ; 0.0 (0.0)                                         ; 0.0 (0.0)                        ; 0.0 (0.0)            ; 0 (0)               ; 0 (0)                     ; 0 (0)         ; 88                ; 1     ; 0          ; 0    ; 0            ; |ldpc_decoder_top|iteration_controller:ctrl_inst|altsyncram:cn_edge_ids_rtl_0                                ; altsyncram           ; work         ;
;          |altsyncram_qvm1:auto_generated| ; 0.0 (0.0)            ; 0.0 (0.0)                        ; 0.0 (0.0)                                         ; 0.0 (0.0)                        ; 0.0 (0.0)            ; 0 (0)               ; 0 (0)                     ; 0 (0)         ; 88                ; 1     ; 0          ; 0    ; 0            ; |ldpc_decoder_top|iteration_controller:ctrl_inst|altsyncram:cn_edge_ids_rtl_0|altsyncram_qvm1:auto_generated ; altsyncram_qvm1      ; work         ;
;       |altsyncram:vn_edge_ids_rtl_0|      ; 0.0 (0.0)            ; 0.0 (0.0)                        ; 0.0 (0.0)                                         ; 0.0 (0.0)                        ; 0.0 (0.0)            ; 0 (0)               ; 0 (0)                     ; 0 (0)         ; 55                ; 1     ; 0          ; 0    ; 0            ; |ldpc_decoder_top|iteration_controller:ctrl_inst|altsyncram:vn_edge_ids_rtl_0                                ; altsyncram           ; work         ;
;          |altsyncram_kvm1:auto_generated| ; 0.0 (0.0)            ; 0.0 (0.0)                        ; 0.0 (0.0)                                         ; 0.0 (0.0)                        ; 0.0 (0.0)            ; 0 (0)               ; 0 (0)                     ; 0 (0)         ; 55                ; 1     ; 0          ; 0    ; 0            ; |ldpc_decoder_top|iteration_controller:ctrl_inst|altsyncram:vn_edge_ids_rtl_0|altsyncram_kvm1:auto_generated ; altsyncram_kvm1      ; work         ;
;    |llr_bank:llr_bank_inst|               ; 0.0 (0.0)            ; 0.0 (0.0)                        ; 0.0 (0.0)                                         ; 0.0 (0.0)                        ; 0.0 (0.0)            ; 0 (0)               ; 0 (0)                     ; 0 (0)         ; 4096              ; 1     ; 0          ; 0    ; 0            ; |ldpc_decoder_top|llr_bank:llr_bank_inst                                                                     ; llr_bank             ; work         ;
;       |altsyncram:llr_mem_rtl_0|          ; 0.0 (0.0)            ; 0.0 (0.0)                        ; 0.0 (0.0)                                         ; 0.0 (0.0)                        ; 0.0 (0.0)            ; 0 (0)               ; 0 (0)                     ; 0 (0)         ; 4096              ; 1     ; 0          ; 0    ; 0            ; |ldpc_decoder_top|llr_bank:llr_bank_inst|altsyncram:llr_mem_rtl_0                                            ; altsyncram           ; work         ;
;          |altsyncram_i3n1:auto_generated| ; 0.0 (0.0)            ; 0.0 (0.0)                        ; 0.0 (0.0)                                         ; 0.0 (0.0)                        ; 0.0 (0.0)            ; 0 (0)               ; 0 (0)                     ; 0 (0)         ; 4096              ; 1     ; 0          ; 0    ; 0            ; |ldpc_decoder_top|llr_bank:llr_bank_inst|altsyncram:llr_mem_rtl_0|altsyncram_i3n1:auto_generated             ; altsyncram_i3n1      ; work         ;
;    |syndrome_checker:syndrome_inst|       ; 448.5 (448.5)        ; 463.7 (463.7)                    ; 20.7 (20.7)                                       ; 5.5 (5.5)                        ; 0.0 (0.0)            ; 601 (601)           ; 0 (0)                     ; 0 (0)         ; 0                 ; 0     ; 0          ; 0    ; 0            ; |ldpc_decoder_top|syndrome_checker:syndrome_inst                                                             ; syndrome_checker     ; work         ;
;    |vn_degree_rom:deg_rom_inst|           ; 0.0 (0.0)            ; 0.0 (0.0)                        ; 0.0 (0.0)                                         ; 0.0 (0.0)                        ; 0.0 (0.0)            ; 0 (0)               ; 0 (0)                     ; 0 (0)         ; 1536              ; 1     ; 0          ; 0    ; 0            ; |ldpc_decoder_top|vn_degree_rom:deg_rom_inst                                                                 ; vn_degree_rom        ; work         ;
;       |altsyncram:mem_rtl_0|              ; 0.0 (0.0)            ; 0.0 (0.0)                        ; 0.0 (0.0)                                         ; 0.0 (0.0)                        ; 0.0 (0.0)            ; 0 (0)               ; 0 (0)                     ; 0 (0)         ; 1536              ; 1     ; 0          ; 0    ; 0            ; |ldpc_decoder_top|vn_degree_rom:deg_rom_inst|altsyncram:mem_rtl_0                                            ; altsyncram           ; work         ;
;          |altsyncram_87g1:auto_generated| ; 0.0 (0.0)            ; 0.0 (0.0)                        ; 0.0 (0.0)                                         ; 0.0 (0.0)                        ; 0.0 (0.0)            ; 0 (0)               ; 0 (0)                     ; 0 (0)         ; 1536              ; 1     ; 0          ; 0    ; 0            ; |ldpc_decoder_top|vn_degree_rom:deg_rom_inst|altsyncram:mem_rtl_0|altsyncram_87g1:auto_generated             ; altsyncram_87g1      ; work         ;
;    |vn_rom:vn_rom_inst|                   ; 0.0 (0.0)            ; 0.0 (0.0)                        ; 0.0 (0.0)                                         ; 0.0 (0.0)                        ; 0.0 (0.0)            ; 0 (0)               ; 0 (0)                     ; 0 (0)         ; 22528             ; 3     ; 0          ; 0    ; 0            ; |ldpc_decoder_top|vn_rom:vn_rom_inst                                                                         ; vn_rom               ; work         ;
;       |altsyncram:mem_rtl_0|              ; 0.0 (0.0)            ; 0.0 (0.0)                        ; 0.0 (0.0)                                         ; 0.0 (0.0)                        ; 0.0 (0.0)            ; 0 (0)               ; 0 (0)                     ; 0 (0)         ; 22528             ; 3     ; 0          ; 0    ; 0            ; |ldpc_decoder_top|vn_rom:vn_rom_inst|altsyncram:mem_rtl_0                                                    ; altsyncram           ; work         ;
;          |altsyncram_4kf1:auto_generated| ; 0.0 (0.0)            ; 0.0 (0.0)                        ; 0.0 (0.0)                                         ; 0.0 (0.0)                        ; 0.0 (0.0)            ; 0 (0)               ; 0 (0)                     ; 0 (0)         ; 22528             ; 3     ; 0          ; 0    ; 0            ; |ldpc_decoder_top|vn_rom:vn_rom_inst|altsyncram:mem_rtl_0|altsyncram_4kf1:auto_generated                     ; altsyncram_4kf1      ; work         ;
;    |vnu:vnu_inst|                         ; 36.8 (36.8)          ; 44.5 (44.5)                      ; 8.6 (8.6)                                         ; 0.9 (0.9)                        ; 0.0 (0.0)            ; 95 (95)             ; 0 (0)                     ; 0 (0)         ; 0                 ; 0     ; 0          ; 0    ; 0            ; |ldpc_decoder_top|vnu:vnu_inst                                                                               ; vnu                  ; work         ;
+-------------------------------------------+----------------------+----------------------------------+---------------------------------------------------+----------------------------------+----------------------+---------------------+---------------------------+---------------+-------------------+-------+------------+------+--------------+--------------------------------------------------------------------------------------------------------------+----------------------+--------------+
Note: For table entries with two numbers listed, the numbers in parentheses indicate the number of resources of the given type used by the specific entity alone. The numbers listed outside of parentheses indicate the total resources of the given type used by the specific entity and all of its sub-entities in the hierarchy.


+------------------------------------------------------------------------------------------------------------------------------------+
; Delay Chain Summary                                                                                                                ;
+---------------------+----------+----+------+------+----+------+-------+--------+------------------------+--------------------------+
; Name                ; Pin Type ; D1 ; D3_0 ; D3_1 ; D4 ; D5   ; D5 OE ; D5 OCT ; T11 (Postamble Gating) ; T11 (Postamble Ungating) ;
+---------------------+----------+----+------+------+----+------+-------+--------+------------------------+--------------------------+
; decoding_done       ; Output   ; -- ; --   ; --   ; -- ; (0)  ; (31)  ; --     ; --                     ; --                       ;
; converged           ; Output   ; -- ; --   ; --   ; -- ; (0)  ; (31)  ; --     ; --                     ; --                       ;
; decoded_bit_out     ; Output   ; -- ; --   ; --   ; -- ; (0)  ; (31)  ; --     ; --                     ; --                       ;
; decoded_bit_addr[0] ; Output   ; -- ; --   ; --   ; -- ; (0)  ; (31)  ; --     ; --                     ; --                       ;
; decoded_bit_addr[1] ; Output   ; -- ; --   ; --   ; -- ; (0)  ; (31)  ; --     ; --                     ; --                       ;
; decoded_bit_addr[2] ; Output   ; -- ; --   ; --   ; -- ; (0)  ; (31)  ; --     ; --                     ; --                       ;
; decoded_bit_addr[3] ; Output   ; -- ; --   ; --   ; -- ; (0)  ; (31)  ; --     ; --                     ; --                       ;
; decoded_bit_addr[4] ; Output   ; -- ; --   ; --   ; -- ; (0)  ; (31)  ; --     ; --                     ; --                       ;
; decoded_bit_addr[5] ; Output   ; -- ; --   ; --   ; -- ; (0)  ; (31)  ; --     ; --                     ; --                       ;
; decoded_bit_addr[6] ; Output   ; -- ; --   ; --   ; -- ; (0)  ; (31)  ; --     ; --                     ; --                       ;
; decoded_bit_addr[7] ; Output   ; -- ; --   ; --   ; -- ; (0)  ; (31)  ; --     ; --                     ; --                       ;
; decoded_bit_addr[8] ; Output   ; -- ; --   ; --   ; -- ; (0)  ; (31)  ; --     ; --                     ; --                       ;
; decoded_bit_valid   ; Output   ; -- ; --   ; --   ; -- ; (0)  ; (31)  ; --     ; --                     ; --                       ;
; start               ; Input    ; -- ; --   ; (0)  ; -- ; --   ; --    ; --     ; --                     ; --                       ;
; clk                 ; Input    ; -- ; (0)  ; --   ; -- ; --   ; --    ; --     ; --                     ; --                       ;
; rst_n               ; Input    ; -- ; (0)  ; (0)  ; -- ; --   ; --    ; --     ; --                     ; --                       ;
; llr_write_enable    ; Input    ; -- ; --   ; (0)  ; -- ; --   ; --    ; --     ; --                     ; --                       ;
; llr_in[7]           ; Input    ; -- ; --   ; (0)  ; -- ; --   ; --    ; --     ; --                     ; --                       ;
; llr_write_addr[0]   ; Input    ; -- ; (0)  ; --   ; -- ; --   ; --    ; --     ; --                     ; --                       ;
; llr_write_addr[1]   ; Input    ; -- ; (0)  ; --   ; -- ; --   ; --    ; --     ; --                     ; --                       ;
; llr_write_addr[2]   ; Input    ; -- ; (0)  ; --   ; -- ; --   ; --    ; --     ; --                     ; --                       ;
; llr_write_addr[3]   ; Input    ; -- ; (0)  ; --   ; -- ; --   ; --    ; --     ; --                     ; --                       ;
; llr_write_addr[4]   ; Input    ; -- ; (0)  ; --   ; -- ; --   ; --    ; --     ; --                     ; --                       ;
; llr_write_addr[5]   ; Input    ; -- ; (0)  ; --   ; -- ; --   ; --    ; --     ; --                     ; --                       ;
; llr_write_addr[6]   ; Input    ; -- ; (0)  ; --   ; -- ; --   ; --    ; --     ; --                     ; --                       ;
; llr_write_addr[7]   ; Input    ; -- ; --   ; (0)  ; -- ; --   ; --    ; --     ; --                     ; --                       ;
; llr_write_addr[8]   ; Input    ; -- ; --   ; (0)  ; -- ; --   ; --    ; --     ; --                     ; --                       ;
; llr_in[6]           ; Input    ; -- ; --   ; (0)  ; -- ; --   ; --    ; --     ; --                     ; --                       ;
; llr_in[5]           ; Input    ; -- ; --   ; (0)  ; -- ; --   ; --    ; --     ; --                     ; --                       ;
; llr_in[4]           ; Input    ; -- ; --   ; (0)  ; -- ; --   ; --    ; --     ; --                     ; --                       ;
; llr_in[3]           ; Input    ; -- ; --   ; (0)  ; -- ; --   ; --    ; --     ; --                     ; --                       ;
; llr_in[2]           ; Input    ; -- ; (0)  ; --   ; -- ; --   ; --    ; --     ; --                     ; --                       ;
; llr_in[1]           ; Input    ; -- ; --   ; (0)  ; -- ; --   ; --    ; --     ; --                     ; --                       ;
; llr_in[0]           ; Input    ; -- ; --   ; (0)  ; -- ; --   ; --    ; --     ; --                     ; --                       ;
+---------------------+----------+----+------+------+----+------+-------+--------+------------------------+--------------------------+


+----------------------------------------------------------------------------------------------------------------------------------+
; Pad To Core Delay Chain Fanout                                                                                                   ;
+----------------------------------------------------------------------------------------------------+-------------------+---------+
; Source Pin / Fanout                                                                                ; Pad To Core Index ; Setting ;
+----------------------------------------------------------------------------------------------------+-------------------+---------+
; start                                                                                              ;                   ;         ;
;      - iteration_controller:ctrl_inst|Selector86~0                                                 ; 1                 ; 0       ;
;      - iteration_controller:ctrl_inst|Selector63~0                                                 ; 1                 ; 0       ;
;      - iteration_controller:ctrl_inst|iter_count[5]~2                                              ; 1                 ; 0       ;
;      - iteration_controller:ctrl_inst|iter_count[4]~3                                              ; 1                 ; 0       ;
;      - iteration_controller:ctrl_inst|iter_count[2]~4                                              ; 1                 ; 0       ;
;      - iteration_controller:ctrl_inst|init_addr_d2[0]~0                                            ; 1                 ; 0       ;
;      - iteration_controller:ctrl_inst|init_addr[0]~0                                               ; 1                 ; 0       ;
;      - iteration_controller:ctrl_inst|Selector64~0                                                 ; 1                 ; 0       ;
;      - iteration_controller:ctrl_inst|vn_rom_addr[0]~1                                             ; 1                 ; 0       ;
;      - iteration_controller:ctrl_inst|vn_edge_base[9]~0                                            ; 1                 ; 0       ;
;      - iteration_controller:ctrl_inst|Selector0~0                                                  ; 1                 ; 0       ;
; clk                                                                                                ;                   ;         ;
; rst_n                                                                                              ;                   ;         ;
;      - iteration_controller:ctrl_inst|llr_rd_addr[0]~0                                             ; 1                 ; 0       ;
;      - iteration_controller:ctrl_inst|dec_wr_data~0                                                ; 1                 ; 0       ;
;      - iteration_controller:ctrl_inst|deg_rom_addr[0]~0                                            ; 1                 ; 0       ;
;      - iteration_controller:ctrl_inst|Decoder1~0                                                   ; 1                 ; 0       ;
;      - iteration_controller:ctrl_inst|Decoder1~1                                                   ; 1                 ; 0       ;
;      - iteration_controller:ctrl_inst|Decoder1~2                                                   ; 1                 ; 0       ;
;      - iteration_controller:ctrl_inst|Decoder1~3                                                   ; 1                 ; 0       ;
;      - iteration_controller:ctrl_inst|Decoder1~4                                                   ; 1                 ; 0       ;
;      - iteration_controller:ctrl_inst|cv_wr_data[0]~0                                              ; 1                 ; 0       ;
;      - iteration_controller:ctrl_inst|comb~0                                                       ; 1                 ; 0       ;
;      - iteration_controller:ctrl_inst|cn_edge_ids~12                                               ; 1                 ; 0       ;
;      - iteration_controller:ctrl_inst|comb~1                                                       ; 1                 ; 0       ;
;      - iteration_controller:ctrl_inst|vn_rom_addr[0]~1                                             ; 1                 ; 0       ;
;      - iteration_controller:ctrl_inst|cn_rom_addr[0]~0                                             ; 1                 ; 0       ;
;      - iteration_controller:ctrl_inst|Decoder0~0                                                   ; 1                 ; 0       ;
;      - iteration_controller:ctrl_inst|Decoder0~1                                                   ; 1                 ; 0       ;
;      - iteration_controller:ctrl_inst|Decoder0~2                                                   ; 1                 ; 0       ;
;      - iteration_controller:ctrl_inst|Decoder0~3                                                   ; 1                 ; 0       ;
;      - iteration_controller:ctrl_inst|Decoder0~4                                                   ; 1                 ; 0       ;
;      - iteration_controller:ctrl_inst|Decoder0~5                                                   ; 1                 ; 0       ;
;      - iteration_controller:ctrl_inst|Decoder0~6                                                   ; 1                 ; 0       ;
;      - iteration_controller:ctrl_inst|Decoder0~7                                                   ; 1                 ; 0       ;
;      - iteration_controller:ctrl_inst|vc_wr_data[0]~6                                              ; 1                 ; 0       ;
;      - iteration_controller:ctrl_inst|vn_edge_ids~12                                               ; 1                 ; 0       ;
; llr_write_enable                                                                                   ;                   ;         ;
;      - llr_bank:llr_bank_inst|altsyncram:llr_mem_rtl_0|altsyncram_i3n1:auto_generated|ram_block1a0 ; 1                 ; 0       ;
; llr_in[7]                                                                                          ;                   ;         ;
;      - llr_bank:llr_bank_inst|altsyncram:llr_mem_rtl_0|altsyncram_i3n1:auto_generated|ram_block1a0 ; 1                 ; 0       ;
; llr_write_addr[0]                                                                                  ;                   ;         ;
;      - llr_bank:llr_bank_inst|altsyncram:llr_mem_rtl_0|altsyncram_i3n1:auto_generated|ram_block1a0 ; 0                 ; 0       ;
; llr_write_addr[1]                                                                                  ;                   ;         ;
;      - llr_bank:llr_bank_inst|altsyncram:llr_mem_rtl_0|altsyncram_i3n1:auto_generated|ram_block1a0 ; 0                 ; 0       ;
; llr_write_addr[2]                                                                                  ;                   ;         ;
;      - llr_bank:llr_bank_inst|altsyncram:llr_mem_rtl_0|altsyncram_i3n1:auto_generated|ram_block1a0 ; 0                 ; 0       ;
; llr_write_addr[3]                                                                                  ;                   ;         ;
;      - llr_bank:llr_bank_inst|altsyncram:llr_mem_rtl_0|altsyncram_i3n1:auto_generated|ram_block1a0 ; 0                 ; 0       ;
; llr_write_addr[4]                                                                                  ;                   ;         ;
;      - llr_bank:llr_bank_inst|altsyncram:llr_mem_rtl_0|altsyncram_i3n1:auto_generated|ram_block1a0 ; 0                 ; 0       ;
; llr_write_addr[5]                                                                                  ;                   ;         ;
;      - llr_bank:llr_bank_inst|altsyncram:llr_mem_rtl_0|altsyncram_i3n1:auto_generated|ram_block1a0 ; 0                 ; 0       ;
; llr_write_addr[6]                                                                                  ;                   ;         ;
;      - llr_bank:llr_bank_inst|altsyncram:llr_mem_rtl_0|altsyncram_i3n1:auto_generated|ram_block1a0 ; 0                 ; 0       ;
; llr_write_addr[7]                                                                                  ;                   ;         ;
;      - llr_bank:llr_bank_inst|altsyncram:llr_mem_rtl_0|altsyncram_i3n1:auto_generated|ram_block1a0 ; 1                 ; 0       ;
; llr_write_addr[8]                                                                                  ;                   ;         ;
;      - llr_bank:llr_bank_inst|altsyncram:llr_mem_rtl_0|altsyncram_i3n1:auto_generated|ram_block1a0 ; 1                 ; 0       ;
; llr_in[6]                                                                                          ;                   ;         ;
;      - llr_bank:llr_bank_inst|altsyncram:llr_mem_rtl_0|altsyncram_i3n1:auto_generated|ram_block1a0 ; 1                 ; 0       ;
; llr_in[5]                                                                                          ;                   ;         ;
;      - llr_bank:llr_bank_inst|altsyncram:llr_mem_rtl_0|altsyncram_i3n1:auto_generated|ram_block1a0 ; 1                 ; 0       ;
; llr_in[4]                                                                                          ;                   ;         ;
;      - llr_bank:llr_bank_inst|altsyncram:llr_mem_rtl_0|altsyncram_i3n1:auto_generated|ram_block1a0 ; 1                 ; 0       ;
; llr_in[3]                                                                                          ;                   ;         ;
;      - llr_bank:llr_bank_inst|altsyncram:llr_mem_rtl_0|altsyncram_i3n1:auto_generated|ram_block1a0 ; 1                 ; 0       ;
; llr_in[2]                                                                                          ;                   ;         ;
;      - llr_bank:llr_bank_inst|altsyncram:llr_mem_rtl_0|altsyncram_i3n1:auto_generated|ram_block1a0 ; 0                 ; 0       ;
; llr_in[1]                                                                                          ;                   ;         ;
;      - llr_bank:llr_bank_inst|altsyncram:llr_mem_rtl_0|altsyncram_i3n1:auto_generated|ram_block1a0 ; 1                 ; 0       ;
; llr_in[0]                                                                                          ;                   ;         ;
;      - llr_bank:llr_bank_inst|altsyncram:llr_mem_rtl_0|altsyncram_i3n1:auto_generated|ram_block1a0 ; 1                 ; 0       ;
+----------------------------------------------------------------------------------------------------+-------------------+---------+


+--------------------------------------------------------------------------------------------------------------------------------------------------------------------------------------------------+
; Control Signals                                                                                                                                                                                  ;
+-----------------------------------------------------+----------------------+---------+----------------------------+--------+----------------------+------------------+---------------------------+
; Name                                                ; Location             ; Fan-Out ; Usage                      ; Global ; Global Resource Used ; Global Line Name ; Enable Signal Source Name ;
+-----------------------------------------------------+----------------------+---------+----------------------------+--------+----------------------+------------------+---------------------------+
; clk                                                 ; PIN_M16              ; 1405    ; Clock                      ; yes    ; Global Clock         ; GCLK10           ; --                        ;
; cnu:cnu_inst|LessThan12~1                           ; LABCELL_X79_Y32_N24  ; 18      ; Sync. load                 ; no     ; --                   ; --               ; --                        ;
; cnu:cnu_inst|LessThan14~1                           ; LABCELL_X74_Y32_N24  ; 22      ; Sync. load                 ; no     ; --                   ; --               ; --                        ;
; cnu:cnu_inst|LessThan5~1                            ; LABCELL_X81_Y32_N54  ; 18      ; Sync. load                 ; no     ; --                   ; --               ; --                        ;
; cnu:cnu_inst|valid_s1                               ; FF_X79_Y32_N29       ; 47      ; Clock enable               ; no     ; --                   ; --               ; --                        ;
; cnu:cnu_inst|valid_s2                               ; FF_X74_Y32_N29       ; 31      ; Clock enable               ; no     ; --                   ; --               ; --                        ;
; cnu:cnu_inst|valid_s3                               ; FF_X72_Y33_N29       ; 65      ; Clock enable               ; no     ; --                   ; --               ; --                        ;
; decoded_bit_out~0                                   ; LABCELL_X83_Y37_N24  ; 11      ; Clock enable               ; no     ; --                   ; --               ; --                        ;
; iteration_controller:ctrl_inst|Decoder0~0           ; LABCELL_X68_Y32_N54  ; 8       ; Clock enable               ; no     ; --                   ; --               ; --                        ;
; iteration_controller:ctrl_inst|Decoder0~1           ; LABCELL_X68_Y32_N18  ; 8       ; Clock enable               ; no     ; --                   ; --               ; --                        ;
; iteration_controller:ctrl_inst|Decoder0~2           ; LABCELL_X68_Y32_N9   ; 8       ; Clock enable               ; no     ; --                   ; --               ; --                        ;
; iteration_controller:ctrl_inst|Decoder0~3           ; LABCELL_X68_Y32_N24  ; 8       ; Clock enable               ; no     ; --                   ; --               ; --                        ;
; iteration_controller:ctrl_inst|Decoder0~4           ; LABCELL_X68_Y32_N21  ; 8       ; Clock enable               ; no     ; --                   ; --               ; --                        ;
; iteration_controller:ctrl_inst|Decoder0~5           ; LABCELL_X68_Y32_N48  ; 8       ; Clock enable               ; no     ; --                   ; --               ; --                        ;
; iteration_controller:ctrl_inst|Decoder0~6           ; LABCELL_X68_Y32_N57  ; 8       ; Clock enable               ; no     ; --                   ; --               ; --                        ;
; iteration_controller:ctrl_inst|Decoder0~7           ; LABCELL_X68_Y32_N27  ; 8       ; Clock enable               ; no     ; --                   ; --               ; --                        ;
; iteration_controller:ctrl_inst|Decoder1~0           ; MLABCELL_X65_Y29_N42 ; 8       ; Clock enable               ; no     ; --                   ; --               ; --                        ;
; iteration_controller:ctrl_inst|Decoder1~1           ; MLABCELL_X65_Y29_N51 ; 8       ; Clock enable               ; no     ; --                   ; --               ; --                        ;
; iteration_controller:ctrl_inst|Decoder1~2           ; MLABCELL_X65_Y29_N48 ; 8       ; Clock enable               ; no     ; --                   ; --               ; --                        ;
; iteration_controller:ctrl_inst|Decoder1~3           ; MLABCELL_X65_Y29_N54 ; 8       ; Clock enable               ; no     ; --                   ; --               ; --                        ;
; iteration_controller:ctrl_inst|Decoder1~4           ; LABCELL_X63_Y30_N57  ; 8       ; Clock enable               ; no     ; --                   ; --               ; --                        ;
; iteration_controller:ctrl_inst|cn_edge_ids~12       ; LABCELL_X68_Y32_N42  ; 11      ; Clock enable               ; no     ; --                   ; --               ; --                        ;
; iteration_controller:ctrl_inst|cn_index[6]~0        ; LABCELL_X68_Y29_N42  ; 11      ; Sync. clear                ; no     ; --                   ; --               ; --                        ;
; iteration_controller:ctrl_inst|cn_index[6]~1        ; LABCELL_X68_Y29_N30  ; 11      ; Clock enable               ; no     ; --                   ; --               ; --                        ;
; iteration_controller:ctrl_inst|cn_rom_addr[0]~0     ; LABCELL_X68_Y29_N54  ; 11      ; Clock enable               ; no     ; --                   ; --               ; --                        ;
; iteration_controller:ctrl_inst|cn_slot[0]~0         ; LABCELL_X67_Y33_N36  ; 4       ; Clock enable               ; no     ; --                   ; --               ; --                        ;
; iteration_controller:ctrl_inst|cnu_buf[0][7]        ; FF_X82_Y31_N11       ; 15      ; Sync. load                 ; no     ; --                   ; --               ; --                        ;
; iteration_controller:ctrl_inst|cnu_buf[1][7]        ; FF_X81_Y31_N17       ; 13      ; Sync. load                 ; no     ; --                   ; --               ; --                        ;
; iteration_controller:ctrl_inst|cnu_buf[2][7]        ; FF_X80_Y31_N17       ; 15      ; Sync. load                 ; no     ; --                   ; --               ; --                        ;
; iteration_controller:ctrl_inst|cnu_buf[3][7]        ; FF_X79_Y29_N38       ; 15      ; Sync. load                 ; no     ; --                   ; --               ; --                        ;
; iteration_controller:ctrl_inst|cnu_buf[4][7]        ; FF_X79_Y29_N32       ; 13      ; Sync. load                 ; no     ; --                   ; --               ; --                        ;
; iteration_controller:ctrl_inst|cnu_buf[5][7]        ; FF_X77_Y29_N35       ; 14      ; Sync. load                 ; no     ; --                   ; --               ; --                        ;
; iteration_controller:ctrl_inst|cnu_buf[6][7]        ; FF_X78_Y31_N35       ; 15      ; Sync. load                 ; no     ; --                   ; --               ; --                        ;
; iteration_controller:ctrl_inst|cnu_buf[7][7]        ; FF_X78_Y32_N5        ; 15      ; Sync. load                 ; no     ; --                   ; --               ; --                        ;
; iteration_controller:ctrl_inst|cnu_valid_in         ; FF_X77_Y32_N17       ; 101     ; Clock enable               ; no     ; --                   ; --               ; --                        ;
; iteration_controller:ctrl_inst|comb~0               ; LABCELL_X63_Y30_N39  ; 13      ; Clock enable, Write enable ; no     ; --                   ; --               ; --                        ;
; iteration_controller:ctrl_inst|comb~1               ; LABCELL_X73_Y32_N33  ; 13      ; Clock enable, Write enable ; no     ; --                   ; --               ; --                        ;
; iteration_controller:ctrl_inst|cv_wr_data[0]~0      ; LABCELL_X66_Y32_N27  ; 19      ; Clock enable               ; no     ; --                   ; --               ; --                        ;
; iteration_controller:ctrl_inst|cv_wr_en             ; FF_X66_Y32_N43       ; 2       ; Write enable               ; no     ; --                   ; --               ; --                        ;
; iteration_controller:ctrl_inst|dec_wr_data~0        ; LABCELL_X63_Y30_N30  ; 10      ; Clock enable               ; no     ; --                   ; --               ; --                        ;
; iteration_controller:ctrl_inst|deg_rom_addr[0]~0    ; LABCELL_X63_Y31_N9   ; 9       ; Clock enable               ; no     ; --                   ; --               ; --                        ;
; iteration_controller:ctrl_inst|init_addr[0]~0       ; LABCELL_X64_Y31_N6   ; 22      ; Clock enable               ; no     ; --                   ; --               ; --                        ;
; iteration_controller:ctrl_inst|init_addr_d2[0]~0    ; LABCELL_X67_Y33_N54  ; 11      ; Clock enable               ; no     ; --                   ; --               ; --                        ;
; iteration_controller:ctrl_inst|iter_count[2]~4      ; LABCELL_X67_Y29_N18  ; 4       ; Clock enable               ; no     ; --                   ; --               ; --                        ;
; iteration_controller:ctrl_inst|llr_rd_addr[0]~0     ; LABCELL_X67_Y33_N18  ; 9       ; Clock enable               ; no     ; --                   ; --               ; --                        ;
; iteration_controller:ctrl_inst|state.S_CN_WRITEBACK ; FF_X66_Y32_N5        ; 20      ; Sync. clear                ; no     ; --                   ; --               ; --                        ;
; iteration_controller:ctrl_inst|state.S_IDLE         ; FF_X67_Y33_N35       ; 22      ; Sync. clear                ; no     ; --                   ; --               ; --                        ;
; iteration_controller:ctrl_inst|state.S_INIT         ; FF_X67_Y33_N32       ; 28      ; Sync. clear                ; no     ; --                   ; --               ; --                        ;
; iteration_controller:ctrl_inst|state.S_SYNDROME     ; FF_X64_Y31_N35       ; 12      ; Sync. clear                ; no     ; --                   ; --               ; --                        ;
; iteration_controller:ctrl_inst|state.S_VN_COMPUTE   ; FF_X62_Y27_N35       ; 9       ; Clock enable               ; no     ; --                   ; --               ; --                        ;
; iteration_controller:ctrl_inst|state.S_VN_DEG_WAIT  ; FF_X63_Y31_N13       ; 3       ; Clock enable               ; no     ; --                   ; --               ; --                        ;
; iteration_controller:ctrl_inst|state.S_VN_GATHER    ; FF_X63_Y30_N59       ; 21      ; Sync. load                 ; no     ; --                   ; --               ; --                        ;
; iteration_controller:ctrl_inst|state.S_VN_ROM_REQ   ; FF_X60_Y31_N44       ; 14      ; Sync. load                 ; no     ; --                   ; --               ; --                        ;
; iteration_controller:ctrl_inst|state.S_VN_WRITEBACK ; FF_X62_Y27_N50       ; 26      ; Sync. clear, Sync. load    ; no     ; --                   ; --               ; --                        ;
; iteration_controller:ctrl_inst|vc_wr_data[0]~6      ; LABCELL_X64_Y31_N12  ; 19      ; Clock enable               ; no     ; --                   ; --               ; --                        ;
; iteration_controller:ctrl_inst|vc_wr_en             ; FF_X64_Y31_N52       ; 2       ; Write enable               ; no     ; --                   ; --               ; --                        ;
; iteration_controller:ctrl_inst|vn_edge_base[9]~0    ; LABCELL_X64_Y31_N15  ; 11      ; Clock enable               ; no     ; --                   ; --               ; --                        ;
; iteration_controller:ctrl_inst|vn_edge_ids~12       ; LABCELL_X63_Y30_N54  ; 11      ; Clock enable               ; no     ; --                   ; --               ; --                        ;
; iteration_controller:ctrl_inst|vn_index[0]~0        ; LABCELL_X63_Y31_N3   ; 24      ; Sync. clear                ; no     ; --                   ; --               ; --                        ;
; iteration_controller:ctrl_inst|vn_index[0]~1        ; LABCELL_X64_Y31_N24  ; 13      ; Clock enable               ; no     ; --                   ; --               ; --                        ;
; iteration_controller:ctrl_inst|vn_rom_addr[0]~1     ; LABCELL_X62_Y31_N42  ; 11      ; Clock enable               ; no     ; --                   ; --               ; --                        ;
; iteration_controller:ctrl_inst|vn_rom_addr[6]~0     ; LABCELL_X62_Y31_N51  ; 11      ; Sync. clear                ; no     ; --                   ; --               ; --                        ;
; iteration_controller:ctrl_inst|vn_slot[2]~1         ; LABCELL_X63_Y31_N15  ; 4       ; Clock enable               ; no     ; --                   ; --               ; --                        ;
; llr_write_enable                                    ; PIN_T15              ; 1       ; Write enable               ; no     ; --                   ; --               ; --                        ;
; readout_addr[1]~0                                   ; MLABCELL_X82_Y41_N27 ; 11      ; Sync. clear                ; no     ; --                   ; --               ; --                        ;
; readout_addr[1]~1                                   ; LABCELL_X83_Y37_N30  ; 11      ; Clock enable               ; no     ; --                   ; --               ; --                        ;
; rst_n                                               ; PIN_N16              ; 1126    ; Async. clear               ; yes    ; Global Clock         ; GCLK8            ; --                        ;
+-----------------------------------------------------+----------------------+---------+----------------------------+--------+----------------------+------------------+---------------------------+


+--------------------------------------------------------------------------------------------------+
; Global & Other Fast Signals                                                                      ;
+-------+----------+---------+----------------------+------------------+---------------------------+
; Name  ; Location ; Fan-Out ; Global Resource Used ; Global Line Name ; Enable Signal Source Name ;
+-------+----------+---------+----------------------+------------------+---------------------------+
; clk   ; PIN_M16  ; 1405    ; Global Clock         ; GCLK10           ; --                        ;
; rst_n ; PIN_N16  ; 1126    ; Global Clock         ; GCLK8            ; --                        ;
+-------+----------+---------+----------------------+------------------+---------------------------+


+------------------------------------------------------+
; Non-Global High Fan-Out Signals                      ;
+--------------------------------------------+---------+
; Name                                       ; Fan-Out ;
+--------------------------------------------+---------+
; iteration_controller:ctrl_inst|dec_wr_data ; 512     ;
+--------------------------------------------+---------+


+----------------------------------------------------------------------------------------------------------------------------------------------------------------------------------------------------------------------------------------------------------------------------------------------------------------------------------------------------------------------------------------------------------------------------------------------------------------------------------------------------------------------------------------------------------------------------------------------------------------------------------------------------------------------------------------------------------------------------------------------------------+
; Fitter RAM Summary                                                                                                                                                                                                                                                                                                                                                                                                                                                                                                                                                                                                                                                                                                                                       ;
+-------------------------------------------------------------------------------------------------------+------------+------------------+--------------+--------------+--------------+--------------+--------------+------------------------+-------------------------+------------------------+-------------------------+-------+-----------------------------+-----------------------------+-----------------------------+-----------------------------+---------------------+-------------+-------+----------------------------------------------------+---------------------------------------------------+----------------------+-----------------+-----------------+----------+------------------------+---------------------------------------------+
; Name                                                                                                  ; Type       ; Mode             ; Clock Mode   ; Port A Depth ; Port A Width ; Port B Depth ; Port B Width ; Port A Input Registers ; Port A Output Registers ; Port B Input Registers ; Port B Output Registers ; Size  ; Implementation Port A Depth ; Implementation Port A Width ; Implementation Port B Depth ; Implementation Port B Width ; Implementation Bits ; M10K blocks ; MLABs ; MIF                                                ; Location                                          ; Mixed Width RDW Mode ; Port A RDW Mode ; Port B RDW Mode ; ECC Mode ; ECC Pipeline Registers ; Fits in MLABs                               ;
+-------------------------------------------------------------------------------------------------------+------------+------------------+--------------+--------------+--------------+--------------+--------------+------------------------+-------------------------+------------------------+-------------------------+-------+-----------------------------+-----------------------------+-----------------------------+-----------------------------+---------------------+-------------+-------+----------------------------------------------------+---------------------------------------------------+----------------------+-----------------+-----------------+----------+------------------------+---------------------------------------------+
; cn_rom:cn_rom_inst|altsyncram:mem_rtl_0|altsyncram_6if1:auto_generated|ALTSYNCRAM                     ; M10K block ; ROM              ; Single Clock ; 2048         ; 20           ; --           ; --           ; yes                    ; no                      ; --                     ; --                      ; 40960 ; 2048                        ; 11                          ; --                          ; --                          ; 22528               ; 3           ; 0     ; db/cnu_project.ram0_cn_rom_e8dff636.hdl.mif        ; M10K_X69_Y33_N0, M10K_X76_Y32_N0, M10K_X69_Y32_N0 ; Don't care           ; New data        ; New data        ; Off      ; No                     ; No - Address Too Wide                       ;
; edge_message_bank:cv_bank_inst|altsyncram:edge_memory_rtl_0|altsyncram_m6p1:auto_generated|ALTSYNCRAM ; AUTO       ; Simple Dual Port ; Single Clock ; 2048         ; 8            ; 2048         ; 8            ; yes                    ; no                      ; yes                    ; no                      ; 16384 ; 2048                        ; 8                           ; 2048                        ; 8                           ; 16384               ; 2           ; 0     ; None                                               ; M10K_X58_Y32_N0, M10K_X58_Y33_N0                  ; Old data             ; New data        ; New data        ; Off      ; No                     ; No - Address Too Wide                       ;
; edge_message_bank:vc_bank_inst|altsyncram:edge_memory_rtl_0|altsyncram_m6p1:auto_generated|ALTSYNCRAM ; AUTO       ; Simple Dual Port ; Single Clock ; 2048         ; 8            ; 2048         ; 8            ; yes                    ; no                      ; yes                    ; no                      ; 16384 ; 2048                        ; 8                           ; 2048                        ; 8                           ; 16384               ; 2           ; 0     ; None                                               ; M10K_X69_Y29_N0, M10K_X69_Y30_N0                  ; Old data             ; New data        ; New data        ; Off      ; No                     ; No - Address Too Wide                       ;
; iteration_controller:ctrl_inst|altsyncram:cn_edge_ids_rtl_0|altsyncram_qvm1:auto_generated|ALTSYNCRAM ; AUTO       ; Simple Dual Port ; Single Clock ; 8            ; 11           ; 8            ; 11           ; yes                    ; no                      ; yes                    ; no                      ; 88    ; 8                           ; 11                          ; 8                           ; 11                          ; 88                  ; 1           ; 0     ; None                                               ; M10K_X69_Y34_N0                                   ; Old data             ; New data        ; New data        ; Off      ; No                     ; No - Unsupported Mixed Feed Through Setting ;
; iteration_controller:ctrl_inst|altsyncram:vn_edge_ids_rtl_0|altsyncram_kvm1:auto_generated|ALTSYNCRAM ; AUTO       ; Simple Dual Port ; Single Clock ; 5            ; 11           ; 5            ; 11           ; yes                    ; no                      ; yes                    ; no                      ; 55    ; 5                           ; 11                          ; 5                           ; 11                          ; 55                  ; 1           ; 0     ; None                                               ; M10K_X69_Y31_N0                                   ; Old data             ; New data        ; New data        ; Off      ; No                     ; No - Unsupported Mixed Feed Through Setting ;
; llr_bank:llr_bank_inst|altsyncram:llr_mem_rtl_0|altsyncram_i3n1:auto_generated|ALTSYNCRAM             ; AUTO       ; Simple Dual Port ; Single Clock ; 512          ; 8            ; 512          ; 8            ; yes                    ; no                      ; yes                    ; no                      ; 4096  ; 512                         ; 8                           ; 512                         ; 8                           ; 4096                ; 1           ; 0     ; None                                               ; M10K_X69_Y24_N0                                   ; Old data             ; New data        ; New data        ; Off      ; No                     ; No - Address Too Wide                       ;
; vn_degree_rom:deg_rom_inst|altsyncram:mem_rtl_0|altsyncram_87g1:auto_generated|ALTSYNCRAM             ; M10K block ; ROM              ; Single Clock ; 512          ; 4            ; --           ; --           ; yes                    ; yes                     ; --                     ; --                      ; 2048  ; 512                         ; 3                           ; --                          ; --                          ; 1536                ; 1           ; 0     ; db/cnu_project.ram0_vn_degree_rom_c5ce2bde.hdl.mif ; M10K_X58_Y31_N0                                   ; Don't care           ; New data        ; New data        ; Off      ; No                     ; No - Address Too Wide                       ;
; vn_rom:vn_rom_inst|altsyncram:mem_rtl_0|altsyncram_4kf1:auto_generated|ALTSYNCRAM                     ; M10K block ; ROM              ; Single Clock ; 2048         ; 20           ; --           ; --           ; yes                    ; no                      ; --                     ; --                      ; 40960 ; 2048                        ; 11                          ; --                          ; --                          ; 22528               ; 3           ; 0     ; db/cnu_project.ram0_vn_rom_9b35fefc.hdl.mif        ; M10K_X69_Y28_N0, M10K_X76_Y31_N0, M10K_X76_Y30_N0 ; Don't care           ; New data        ; New data        ; Off      ; No                     ; No - Address Too Wide                       ;
+-------------------------------------------------------------------------------------------------------+------------+------------------+--------------+--------------+--------------+--------------+--------------+------------------------+-------------------------+------------------------+-------------------------+-------+-----------------------------+-----------------------------+-----------------------------+-----------------------------+---------------------+-------------+-------+----------------------------------------------------+---------------------------------------------------+----------------------+-----------------+-----------------+----------+------------------------+---------------------------------------------+
Note: Fitter may spread logical memories into multiple blocks to improve timing. The actual required RAM blocks can be found in the Fitter Resource Usage section.


+----------------------------------------------------------+
; Routing Usage Summary                                    ;
+------------------------------+---------------------------+
; Routing Resource Type        ; Usage                     ;
+------------------------------+---------------------------+
; Block interconnects          ; 5,574 / 374,484 ( 1 % )   ;
; C12 interconnects            ; 64 / 16,664 ( < 1 % )     ;
; C2 interconnects             ; 1,970 / 155,012 ( 1 % )   ;
; C4 interconnects             ; 1,008 / 72,600 ( 1 % )    ;
; DQS bus muxes                ; 0 / 30 ( 0 % )            ;
; DQS-18 I/O buses             ; 0 / 30 ( 0 % )            ;
; DQS-9 I/O buses              ; 0 / 30 ( 0 % )            ;
; Direct links                 ; 371 / 374,484 ( < 1 % )   ;
; Global clocks                ; 2 / 16 ( 13 % )           ;
; Horizontal periphery clocks  ; 0 / 72 ( 0 % )            ;
; Local interconnects          ; 1,006 / 112,960 ( < 1 % ) ;
; Quadrant clocks              ; 0 / 88 ( 0 % )            ;
; R14 interconnects            ; 74 / 15,868 ( < 1 % )     ;
; R14/C12 interconnect drivers ; 111 / 27,256 ( < 1 % )    ;
; R3 interconnects             ; 2,348 / 169,296 ( 1 % )   ;
; R6 interconnects             ; 3,863 / 330,800 ( 1 % )   ;
; Spine clocks                 ; 8 / 480 ( 2 % )           ;
; Wire stub REs                ; 0 / 20,834 ( 0 % )        ;
+------------------------------+---------------------------+


+------------------------------------------+
; I/O Rules Summary                        ;
+----------------------------------+-------+
; I/O Rules Statistic              ; Total ;
+----------------------------------+-------+
; Total I/O Rules                  ; 28    ;
; Number of I/O Rules Passed       ; 6     ;
; Number of I/O Rules Failed       ; 0     ;
; Number of I/O Rules Unchecked    ; 0     ;
; Number of I/O Rules Inapplicable ; 22    ;
+----------------------------------+-------+


+-----------------------------------------------------------------------------------------------------------------------------------------------------------------------------------------------------------------------------------------------------------------------------------+
; I/O Rules Details                                                                                                                                                                                                                                                                 ;
+--------------+-----------+-----------------------------------+------------------------------------------------------------------------------------+----------+--------------------------------------------------------------------------+---------------------+-------------------+
; Status       ; ID        ; Category                          ; Rule Description                                                                   ; Severity ; Information                                                              ; Area                ; Extra Information ;
+--------------+-----------+-----------------------------------+------------------------------------------------------------------------------------+----------+--------------------------------------------------------------------------+---------------------+-------------------+
; Inapplicable ; IO_000001 ; Capacity Checks                   ; Number of pins in an I/O bank should not exceed the number of locations available. ; Critical ; No Location assignments found.                                           ; I/O                 ;                   ;
; Inapplicable ; IO_000002 ; Capacity Checks                   ; Number of clocks in an I/O bank should not exceed the number of clocks available.  ; Critical ; No Global Signal assignments found.                                      ; I/O                 ;                   ;
; Inapplicable ; IO_000003 ; Capacity Checks                   ; Number of pins in a Vrefgroup should not exceed the number of locations available. ; Critical ; No Location assignments found.                                           ; I/O                 ;                   ;
; Inapplicable ; IO_000004 ; Voltage Compatibility Checks      ; The I/O bank should support the requested VCCIO.                                   ; Critical ; No IOBANK_VCCIO assignments found.                                       ; I/O                 ;                   ;
; Inapplicable ; IO_000005 ; Voltage Compatibility Checks      ; The I/O bank should not have competing VREF values.                                ; Critical ; No VREF I/O Standard assignments found.                                  ; I/O                 ;                   ;
; Pass         ; IO_000006 ; Voltage Compatibility Checks      ; The I/O bank should not have competing VCCIO values.                               ; Critical ; 0 such failures found.                                                   ; I/O                 ;                   ;
; Inapplicable ; IO_000007 ; Valid Location Checks             ; Checks for unavailable locations.                                                  ; Critical ; No Location assignments found.                                           ; I/O                 ;                   ;
; Inapplicable ; IO_000008 ; Valid Location Checks             ; Checks for reserved locations.                                                     ; Critical ; No reserved LogicLock region found.                                      ; I/O                 ;                   ;
; Pass         ; IO_000009 ; I/O Properties Checks for One I/O ; The location should support the requested I/O standard.                            ; Critical ; 0 such failures found.                                                   ; I/O                 ;                   ;
; Pass         ; IO_000010 ; I/O Properties Checks for One I/O ; The location should support the requested I/O direction.                           ; Critical ; 0 such failures found.                                                   ; I/O                 ;                   ;
; Inapplicable ; IO_000011 ; I/O Properties Checks for One I/O ; The location should support the requested Current Strength.                        ; Critical ; No Current Strength assignments found.                                   ; I/O                 ;                   ;
; Pass         ; IO_000012 ; I/O Properties Checks for One I/O ; The location should support the requested On Chip Termination value.               ; Critical ; 0 such failures found.                                                   ; I/O                 ;                   ;
; Inapplicable ; IO_000013 ; I/O Properties Checks for One I/O ; The location should support the requested Bus Hold value.                          ; Critical ; No Enable Bus-Hold Circuitry assignments found.                          ; I/O                 ;                   ;
; Inapplicable ; IO_000014 ; I/O Properties Checks for One I/O ; The location should support the requested Weak Pull Up value.                      ; Critical ; No Weak Pull-Up Resistor assignments found.                              ; I/O                 ;                   ;
; Inapplicable ; IO_000015 ; I/O Properties Checks for One I/O ; The location should support the requested PCI Clamp Diode.                         ; Critical ; No Clamping Diode assignments found.                                     ; I/O                 ;                   ;
; Inapplicable ; IO_000018 ; I/O Properties Checks for One I/O ; The I/O standard should support the requested Current Strength.                    ; Critical ; No Current Strength assignments found.                                   ; I/O                 ;                   ;
; Pass         ; IO_000019 ; I/O Properties Checks for One I/O ; The I/O standard should support the requested On Chip Termination value.           ; Critical ; 0 such failures found.                                                   ; I/O                 ;                   ;
; Inapplicable ; IO_000020 ; I/O Properties Checks for One I/O ; The I/O standard should support the requested PCI Clamp Diode.                     ; Critical ; No Clamping Diode assignments found.                                     ; I/O                 ;                   ;
; Inapplicable ; IO_000021 ; I/O Properties Checks for One I/O ; The I/O standard should support the requested Weak Pull Up value.                  ; Critical ; No Weak Pull-Up Resistor assignments found.                              ; I/O                 ;                   ;
; Inapplicable ; IO_000022 ; I/O Properties Checks for One I/O ; The I/O standard should support the requested Bus Hold value.                      ; Critical ; No Enable Bus-Hold Circuitry assignments found.                          ; I/O                 ;                   ;
; Inapplicable ; IO_000023 ; I/O Properties Checks for One I/O ; The I/O standard should support the Open Drain value.                              ; Critical ; No open drain assignments found.                                         ; I/O                 ;                   ;
; Pass         ; IO_000024 ; I/O Properties Checks for One I/O ; The I/O direction should support the On Chip Termination value.                    ; Critical ; 0 such failures found.                                                   ; I/O                 ;                   ;
; Inapplicable ; IO_000026 ; I/O Properties Checks for One I/O ; On Chip Termination and Current Strength should not be used at the same time.      ; Critical ; No Current Strength assignments found.                                   ; I/O                 ;                   ;
; Inapplicable ; IO_000027 ; I/O Properties Checks for One I/O ; Weak Pull Up and Bus Hold should not be used at the same time.                     ; Critical ; No Enable Bus-Hold Circuitry or Weak Pull-Up Resistor assignments found. ; I/O                 ;                   ;
; Inapplicable ; IO_000045 ; I/O Properties Checks for One I/O ; The I/O standard should support the requested Slew Rate value.                     ; Critical ; No Slew Rate assignments found.                                          ; I/O                 ;                   ;
; Inapplicable ; IO_000046 ; I/O Properties Checks for One I/O ; The location should support the requested Slew Rate value.                         ; Critical ; No Slew Rate assignments found.                                          ; I/O                 ;                   ;
; Inapplicable ; IO_000047 ; I/O Properties Checks for One I/O ; On Chip Termination and Slew Rate should not be used at the same time.             ; Critical ; No Slew Rate assignments found.                                          ; I/O                 ;                   ;
; Inapplicable ; IO_000034 ; SI Related Distance Checks        ; Single-ended outputs should be 0 LAB row(s) away from a differential I/O.          ; High     ; No Differential I/O Standard assignments found.                          ; I/O                 ;                   ;
; ----         ; ----      ; Disclaimer                        ; OCT rules are checked but not reported.                                            ; None     ; ----                                                                     ; On Chip Termination ;                   ;
+--------------+-----------+-----------------------------------+------------------------------------------------------------------------------------+----------+--------------------------------------------------------------------------+---------------------+-------------------+


+------------------------------------------------------------------------------------------------------------------------------------------------------------------------------------------------------------------------------------------------------------------------------------------------------------------------------------------------------------------------------------------------------------------------------------------------+
; I/O Rules Matrix                                                                                                                                                                                                                                                                                                                                                                                                                               ;
+---------------------+--------------+--------------+--------------+--------------+--------------+-----------+--------------+--------------+-----------+-----------+--------------+--------------+--------------+--------------+--------------+--------------+--------------+--------------+--------------+--------------+--------------+--------------+--------------+--------------+--------------+--------------+--------------+--------------+
; Pin/Rules           ; IO_000001    ; IO_000002    ; IO_000003    ; IO_000004    ; IO_000005    ; IO_000006 ; IO_000007    ; IO_000008    ; IO_000009 ; IO_000010 ; IO_000011    ; IO_000012    ; IO_000013    ; IO_000014    ; IO_000015    ; IO_000018    ; IO_000019    ; IO_000020    ; IO_000021    ; IO_000022    ; IO_000023    ; IO_000024    ; IO_000026    ; IO_000027    ; IO_000045    ; IO_000046    ; IO_000047    ; IO_000034    ;
+---------------------+--------------+--------------+--------------+--------------+--------------+-----------+--------------+--------------+-----------+-----------+--------------+--------------+--------------+--------------+--------------+--------------+--------------+--------------+--------------+--------------+--------------+--------------+--------------+--------------+--------------+--------------+--------------+--------------+
; Total Pass          ; 0            ; 0            ; 0            ; 0            ; 0            ; 34        ; 0            ; 0            ; 34        ; 34        ; 0            ; 13           ; 0            ; 0            ; 0            ; 0            ; 13           ; 0            ; 0            ; 0            ; 0            ; 13           ; 0            ; 0            ; 0            ; 0            ; 0            ; 0            ;
; Total Unchecked     ; 0            ; 0            ; 0            ; 0            ; 0            ; 0         ; 0            ; 0            ; 0         ; 0         ; 0            ; 0            ; 0            ; 0            ; 0            ; 0            ; 0            ; 0            ; 0            ; 0            ; 0            ; 0            ; 0            ; 0            ; 0            ; 0            ; 0            ; 0            ;
; Total Inapplicable  ; 34           ; 34           ; 34           ; 34           ; 34           ; 0         ; 34           ; 34           ; 0         ; 0         ; 34           ; 21           ; 34           ; 34           ; 34           ; 34           ; 21           ; 34           ; 34           ; 34           ; 34           ; 21           ; 34           ; 34           ; 34           ; 34           ; 34           ; 34           ;
; Total Fail          ; 0            ; 0            ; 0            ; 0            ; 0            ; 0         ; 0            ; 0            ; 0         ; 0         ; 0            ; 0            ; 0            ; 0            ; 0            ; 0            ; 0            ; 0            ; 0            ; 0            ; 0            ; 0            ; 0            ; 0            ; 0            ; 0            ; 0            ; 0            ;
; decoding_done       ; Inapplicable ; Inapplicable ; Inapplicable ; Inapplicable ; Inapplicable ; Pass      ; Inapplicable ; Inapplicable ; Pass      ; Pass      ; Inapplicable ; Pass         ; Inapplicable ; Inapplicable ; Inapplicable ; Inapplicable ; Pass         ; Inapplicable ; Inapplicable ; Inapplicable ; Inapplicable ; Pass         ; Inapplicable ; Inapplicable ; Inapplicable ; Inapplicable ; Inapplicable ; Inapplicable ;
; converged           ; Inapplicable ; Inapplicable ; Inapplicable ; Inapplicable ; Inapplicable ; Pass      ; Inapplicable ; Inapplicable ; Pass      ; Pass      ; Inapplicable ; Pass         ; Inapplicable ; Inapplicable ; Inapplicable ; Inapplicable ; Pass         ; Inapplicable ; Inapplicable ; Inapplicable ; Inapplicable ; Pass         ; Inapplicable ; Inapplicable ; Inapplicable ; Inapplicable ; Inapplicable ; Inapplicable ;
; decoded_bit_out     ; Inapplicable ; Inapplicable ; Inapplicable ; Inapplicable ; Inapplicable ; Pass      ; Inapplicable ; Inapplicable ; Pass      ; Pass      ; Inapplicable ; Pass         ; Inapplicable ; Inapplicable ; Inapplicable ; Inapplicable ; Pass         ; Inapplicable ; Inapplicable ; Inapplicable ; Inapplicable ; Pass         ; Inapplicable ; Inapplicable ; Inapplicable ; Inapplicable ; Inapplicable ; Inapplicable ;
; decoded_bit_addr[0] ; Inapplicable ; Inapplicable ; Inapplicable ; Inapplicable ; Inapplicable ; Pass      ; Inapplicable ; Inapplicable ; Pass      ; Pass      ; Inapplicable ; Pass         ; Inapplicable ; Inapplicable ; Inapplicable ; Inapplicable ; Pass         ; Inapplicable ; Inapplicable ; Inapplicable ; Inapplicable ; Pass         ; Inapplicable ; Inapplicable ; Inapplicable ; Inapplicable ; Inapplicable ; Inapplicable ;
; decoded_bit_addr[1] ; Inapplicable ; Inapplicable ; Inapplicable ; Inapplicable ; Inapplicable ; Pass      ; Inapplicable ; Inapplicable ; Pass      ; Pass      ; Inapplicable ; Pass         ; Inapplicable ; Inapplicable ; Inapplicable ; Inapplicable ; Pass         ; Inapplicable ; Inapplicable ; Inapplicable ; Inapplicable ; Pass         ; Inapplicable ; Inapplicable ; Inapplicable ; Inapplicable ; Inapplicable ; Inapplicable ;
; decoded_bit_addr[2] ; Inapplicable ; Inapplicable ; Inapplicable ; Inapplicable ; Inapplicable ; Pass      ; Inapplicable ; Inapplicable ; Pass      ; Pass      ; Inapplicable ; Pass         ; Inapplicable ; Inapplicable ; Inapplicable ; Inapplicable ; Pass         ; Inapplicable ; Inapplicable ; Inapplicable ; Inapplicable ; Pass         ; Inapplicable ; Inapplicable ; Inapplicable ; Inapplicable ; Inapplicable ; Inapplicable ;
; decoded_bit_addr[3] ; Inapplicable ; Inapplicable ; Inapplicable ; Inapplicable ; Inapplicable ; Pass      ; Inapplicable ; Inapplicable ; Pass      ; Pass      ; Inapplicable ; Pass         ; Inapplicable ; Inapplicable ; Inapplicable ; Inapplicable ; Pass         ; Inapplicable ; Inapplicable ; Inapplicable ; Inapplicable ; Pass         ; Inapplicable ; Inapplicable ; Inapplicable ; Inapplicable ; Inapplicable ; Inapplicable ;
; decoded_bit_addr[4] ; Inapplicable ; Inapplicable ; Inapplicable ; Inapplicable ; Inapplicable ; Pass      ; Inapplicable ; Inapplicable ; Pass      ; Pass      ; Inapplicable ; Pass         ; Inapplicable ; Inapplicable ; Inapplicable ; Inapplicable ; Pass         ; Inapplicable ; Inapplicable ; Inapplicable ; Inapplicable ; Pass         ; Inapplicable ; Inapplicable ; Inapplicable ; Inapplicable ; Inapplicable ; Inapplicable ;
; decoded_bit_addr[5] ; Inapplicable ; Inapplicable ; Inapplicable ; Inapplicable ; Inapplicable ; Pass      ; Inapplicable ; Inapplicable ; Pass      ; Pass      ; Inapplicable ; Pass         ; Inapplicable ; Inapplicable ; Inapplicable ; Inapplicable ; Pass         ; Inapplicable ; Inapplicable ; Inapplicable ; Inapplicable ; Pass         ; Inapplicable ; Inapplicable ; Inapplicable ; Inapplicable ; Inapplicable ; Inapplicable ;
; decoded_bit_addr[6] ; Inapplicable ; Inapplicable ; Inapplicable ; Inapplicable ; Inapplicable ; Pass      ; Inapplicable ; Inapplicable ; Pass      ; Pass      ; Inapplicable ; Pass         ; Inapplicable ; Inapplicable ; Inapplicable ; Inapplicable ; Pass         ; Inapplicable ; Inapplicable ; Inapplicable ; Inapplicable ; Pass         ; Inapplicable ; Inapplicable ; Inapplicable ; Inapplicable ; Inapplicable ; Inapplicable ;
; decoded_bit_addr[7] ; Inapplicable ; Inapplicable ; Inapplicable ; Inapplicable ; Inapplicable ; Pass      ; Inapplicable ; Inapplicable ; Pass      ; Pass      ; Inapplicable ; Pass         ; Inapplicable ; Inapplicable ; Inapplicable ; Inapplicable ; Pass         ; Inapplicable ; Inapplicable ; Inapplicable ; Inapplicable ; Pass         ; Inapplicable ; Inapplicable ; Inapplicable ; Inapplicable ; Inapplicable ; Inapplicable ;
; decoded_bit_addr[8] ; Inapplicable ; Inapplicable ; Inapplicable ; Inapplicable ; Inapplicable ; Pass      ; Inapplicable ; Inapplicable ; Pass      ; Pass      ; Inapplicable ; Pass         ; Inapplicable ; Inapplicable ; Inapplicable ; Inapplicable ; Pass         ; Inapplicable ; Inapplicable ; Inapplicable ; Inapplicable ; Pass         ; Inapplicable ; Inapplicable ; Inapplicable ; Inapplicable ; Inapplicable ; Inapplicable ;
; decoded_bit_valid   ; Inapplicable ; Inapplicable ; Inapplicable ; Inapplicable ; Inapplicable ; Pass      ; Inapplicable ; Inapplicable ; Pass      ; Pass      ; Inapplicable ; Pass         ; Inapplicable ; Inapplicable ; Inapplicable ; Inapplicable ; Pass         ; Inapplicable ; Inapplicable ; Inapplicable ; Inapplicable ; Pass         ; Inapplicable ; Inapplicable ; Inapplicable ; Inapplicable ; Inapplicable ; Inapplicable ;
; start               ; Inapplicable ; Inapplicable ; Inapplicable ; Inapplicable ; Inapplicable ; Pass      ; Inapplicable ; Inapplicable ; Pass      ; Pass      ; Inapplicable ; Inapplicable ; Inapplicable ; Inapplicable ; Inapplicable ; Inapplicable ; Inapplicable ; Inapplicable ; Inapplicable ; Inapplicable ; Inapplicable ; Inapplicable ; Inapplicable ; Inapplicable ; Inapplicable ; Inapplicable ; Inapplicable ; Inapplicable ;
; clk                 ; Inapplicable ; Inapplicable ; Inapplicable ; Inapplicable ; Inapplicable ; Pass      ; Inapplicable ; Inapplicable ; Pass      ; Pass      ; Inapplicable ; Inapplicable ; Inapplicable ; Inapplicable ; Inapplicable ; Inapplicable ; Inapplicable ; Inapplicable ; Inapplicable ; Inapplicable ; Inapplicable ; Inapplicable ; Inapplicable ; Inapplicable ; Inapplicable ; Inapplicable ; Inapplicable ; Inapplicable ;
; rst_n               ; Inapplicable ; Inapplicable ; Inapplicable ; Inapplicable ; Inapplicable ; Pass      ; Inapplicable ; Inapplicable ; Pass      ; Pass      ; Inapplicable ; Inapplicable ; Inapplicable ; Inapplicable ; Inapplicable ; Inapplicable ; Inapplicable ; Inapplicable ; Inapplicable ; Inapplicable ; Inapplicable ; Inapplicable ; Inapplicable ; Inapplicable ; Inapplicable ; Inapplicable ; Inapplicable ; Inapplicable ;
; llr_write_enable    ; Inapplicable ; Inapplicable ; Inapplicable ; Inapplicable ; Inapplicable ; Pass      ; Inapplicable ; Inapplicable ; Pass      ; Pass      ; Inapplicable ; Inapplicable ; Inapplicable ; Inapplicable ; Inapplicable ; Inapplicable ; Inapplicable ; Inapplicable ; Inapplicable ; Inapplicable ; Inapplicable ; Inapplicable ; Inapplicable ; Inapplicable ; Inapplicable ; Inapplicable ; Inapplicable ; Inapplicable ;
; llr_in[7]           ; Inapplicable ; Inapplicable ; Inapplicable ; Inapplicable ; Inapplicable ; Pass      ; Inapplicable ; Inapplicable ; Pass      ; Pass      ; Inapplicable ; Inapplicable ; Inapplicable ; Inapplicable ; Inapplicable ; Inapplicable ; Inapplicable ; Inapplicable ; Inapplicable ; Inapplicable ; Inapplicable ; Inapplicable ; Inapplicable ; Inapplicable ; Inapplicable ; Inapplicable ; Inapplicable ; Inapplicable ;
; llr_write_addr[0]   ; Inapplicable ; Inapplicable ; Inapplicable ; Inapplicable ; Inapplicable ; Pass      ; Inapplicable ; Inapplicable ; Pass      ; Pass      ; Inapplicable ; Inapplicable ; Inapplicable ; Inapplicable ; Inapplicable ; Inapplicable ; Inapplicable ; Inapplicable ; Inapplicable ; Inapplicable ; Inapplicable ; Inapplicable ; Inapplicable ; Inapplicable ; Inapplicable ; Inapplicable ; Inapplicable ; Inapplicable ;
; llr_write_addr[1]   ; Inapplicable ; Inapplicable ; Inapplicable ; Inapplicable ; Inapplicable ; Pass      ; Inapplicable ; Inapplicable ; Pass      ; Pass      ; Inapplicable ; Inapplicable ; Inapplicable ; Inapplicable ; Inapplicable ; Inapplicable ; Inapplicable ; Inapplicable ; Inapplicable ; Inapplicable ; Inapplicable ; Inapplicable ; Inapplicable ; Inapplicable ; Inapplicable ; Inapplicable ; Inapplicable ; Inapplicable ;
; llr_write_addr[2]   ; Inapplicable ; Inapplicable ; Inapplicable ; Inapplicable ; Inapplicable ; Pass      ; Inapplicable ; Inapplicable ; Pass      ; Pass      ; Inapplicable ; Inapplicable ; Inapplicable ; Inapplicable ; Inapplicable ; Inapplicable ; Inapplicable ; Inapplicable ; Inapplicable ; Inapplicable ; Inapplicable ; Inapplicable ; Inapplicable ; Inapplicable ; Inapplicable ; Inapplicable ; Inapplicable ; Inapplicable ;
; llr_write_addr[3]   ; Inapplicable ; Inapplicable ; Inapplicable ; Inapplicable ; Inapplicable ; Pass      ; Inapplicable ; Inapplicable ; Pass      ; Pass      ; Inapplicable ; Inapplicable ; Inapplicable ; Inapplicable ; Inapplicable ; Inapplicable ; Inapplicable ; Inapplicable ; Inapplicable ; Inapplicable ; Inapplicable ; Inapplicable ; Inapplicable ; Inapplicable ; Inapplicable ; Inapplicable ; Inapplicable ; Inapplicable ;
; llr_write_addr[4]   ; Inapplicable ; Inapplicable ; Inapplicable ; Inapplicable ; Inapplicable ; Pass      ; Inapplicable ; Inapplicable ; Pass      ; Pass      ; Inapplicable ; Inapplicable ; Inapplicable ; Inapplicable ; Inapplicable ; Inapplicable ; Inapplicable ; Inapplicable ; Inapplicable ; Inapplicable ; Inapplicable ; Inapplicable ; Inapplicable ; Inapplicable ; Inapplicable ; Inapplicable ; Inapplicable ; Inapplicable ;
; llr_write_addr[5]   ; Inapplicable ; Inapplicable ; Inapplicable ; Inapplicable ; Inapplicable ; Pass      ; Inapplicable ; Inapplicable ; Pass      ; Pass      ; Inapplicable ; Inapplicable ; Inapplicable ; Inapplicable ; Inapplicable ; Inapplicable ; Inapplicable ; Inapplicable ; Inapplicable ; Inapplicable ; Inapplicable ; Inapplicable ; Inapplicable ; Inapplicable ; Inapplicable ; Inapplicable ; Inapplicable ; Inapplicable ;
; llr_write_addr[6]   ; Inapplicable ; Inapplicable ; Inapplicable ; Inapplicable ; Inapplicable ; Pass      ; Inapplicable ; Inapplicable ; Pass      ; Pass      ; Inapplicable ; Inapplicable ; Inapplicable ; Inapplicable ; Inapplicable ; Inapplicable ; Inapplicable ; Inapplicable ; Inapplicable ; Inapplicable ; Inapplicable ; Inapplicable ; Inapplicable ; Inapplicable ; Inapplicable ; Inapplicable ; Inapplicable ; Inapplicable ;
; llr_write_addr[7]   ; Inapplicable ; Inapplicable ; Inapplicable ; Inapplicable ; Inapplicable ; Pass      ; Inapplicable ; Inapplicable ; Pass      ; Pass      ; Inapplicable ; Inapplicable ; Inapplicable ; Inapplicable ; Inapplicable ; Inapplicable ; Inapplicable ; Inapplicable ; Inapplicable ; Inapplicable ; Inapplicable ; Inapplicable ; Inapplicable ; Inapplicable ; Inapplicable ; Inapplicable ; Inapplicable ; Inapplicable ;
; llr_write_addr[8]   ; Inapplicable ; Inapplicable ; Inapplicable ; Inapplicable ; Inapplicable ; Pass      ; Inapplicable ; Inapplicable ; Pass      ; Pass      ; Inapplicable ; Inapplicable ; Inapplicable ; Inapplicable ; Inapplicable ; Inapplicable ; Inapplicable ; Inapplicable ; Inapplicable ; Inapplicable ; Inapplicable ; Inapplicable ; Inapplicable ; Inapplicable ; Inapplicable ; Inapplicable ; Inapplicable ; Inapplicable ;
; llr_in[6]           ; Inapplicable ; Inapplicable ; Inapplicable ; Inapplicable ; Inapplicable ; Pass      ; Inapplicable ; Inapplicable ; Pass      ; Pass      ; Inapplicable ; Inapplicable ; Inapplicable ; Inapplicable ; Inapplicable ; Inapplicable ; Inapplicable ; Inapplicable ; Inapplicable ; Inapplicable ; Inapplicable ; Inapplicable ; Inapplicable ; Inapplicable ; Inapplicable ; Inapplicable ; Inapplicable ; Inapplicable ;
; llr_in[5]           ; Inapplicable ; Inapplicable ; Inapplicable ; Inapplicable ; Inapplicable ; Pass      ; Inapplicable ; Inapplicable ; Pass      ; Pass      ; Inapplicable ; Inapplicable ; Inapplicable ; Inapplicable ; Inapplicable ; Inapplicable ; Inapplicable ; Inapplicable ; Inapplicable ; Inapplicable ; Inapplicable ; Inapplicable ; Inapplicable ; Inapplicable ; Inapplicable ; Inapplicable ; Inapplicable ; Inapplicable ;
; llr_in[4]           ; Inapplicable ; Inapplicable ; Inapplicable ; Inapplicable ; Inapplicable ; Pass      ; Inapplicable ; Inapplicable ; Pass      ; Pass      ; Inapplicable ; Inapplicable ; Inapplicable ; Inapplicable ; Inapplicable ; Inapplicable ; Inapplicable ; Inapplicable ; Inapplicable ; Inapplicable ; Inapplicable ; Inapplicable ; Inapplicable ; Inapplicable ; Inapplicable ; Inapplicable ; Inapplicable ; Inapplicable ;
; llr_in[3]           ; Inapplicable ; Inapplicable ; Inapplicable ; Inapplicable ; Inapplicable ; Pass      ; Inapplicable ; Inapplicable ; Pass      ; Pass      ; Inapplicable ; Inapplicable ; Inapplicable ; Inapplicable ; Inapplicable ; Inapplicable ; Inapplicable ; Inapplicable ; Inapplicable ; Inapplicable ; Inapplicable ; Inapplicable ; Inapplicable ; Inapplicable ; Inapplicable ; Inapplicable ; Inapplicable ; Inapplicable ;
; llr_in[2]           ; Inapplicable ; Inapplicable ; Inapplicable ; Inapplicable ; Inapplicable ; Pass      ; Inapplicable ; Inapplicable ; Pass      ; Pass      ; Inapplicable ; Inapplicable ; Inapplicable ; Inapplicable ; Inapplicable ; Inapplicable ; Inapplicable ; Inapplicable ; Inapplicable ; Inapplicable ; Inapplicable ; Inapplicable ; Inapplicable ; Inapplicable ; Inapplicable ; Inapplicable ; Inapplicable ; Inapplicable ;
; llr_in[1]           ; Inapplicable ; Inapplicable ; Inapplicable ; Inapplicable ; Inapplicable ; Pass      ; Inapplicable ; Inapplicable ; Pass      ; Pass      ; Inapplicable ; Inapplicable ; Inapplicable ; Inapplicable ; Inapplicable ; Inapplicable ; Inapplicable ; Inapplicable ; Inapplicable ; Inapplicable ; Inapplicable ; Inapplicable ; Inapplicable ; Inapplicable ; Inapplicable ; Inapplicable ; Inapplicable ; Inapplicable ;
; llr_in[0]           ; Inapplicable ; Inapplicable ; Inapplicable ; Inapplicable ; Inapplicable ; Pass      ; Inapplicable ; Inapplicable ; Pass      ; Pass      ; Inapplicable ; Inapplicable ; Inapplicable ; Inapplicable ; Inapplicable ; Inapplicable ; Inapplicable ; Inapplicable ; Inapplicable ; Inapplicable ; Inapplicable ; Inapplicable ; Inapplicable ; Inapplicable ; Inapplicable ; Inapplicable ; Inapplicable ; Inapplicable ;
+---------------------+--------------+--------------+--------------+--------------+--------------+-----------+--------------+--------------+-----------+-----------+--------------+--------------+--------------+--------------+--------------+--------------+--------------+--------------+--------------+--------------+--------------+--------------+--------------+--------------+--------------+--------------+--------------+--------------+


+------------------------------------------------------------------------------------------------+
; Fitter Device Options                                                                          ;
+------------------------------------------------------------------+-----------------------------+
; Option                                                           ; Setting                     ;
+------------------------------------------------------------------+-----------------------------+
; Enable user-supplied start-up clock (CLKUSR)                     ; Off                         ;
; Enable device-wide reset (DEV_CLRn)                              ; Off                         ;
; Enable device-wide output enable (DEV_OE)                        ; Off                         ;
; Enable INIT_DONE output                                          ; Off                         ;
; Configuration scheme                                             ; Passive Serial              ;
; Enable Error Detection CRC_ERROR pin                             ; Off                         ;
; Enable CvP_CONFDONE pin                                          ; Off                         ;
; Enable open drain on CRC_ERROR pin                               ; On                          ;
; Enable open drain on CvP_CONFDONE pin                            ; On                          ;
; Enable open drain on INIT_DONE pin                               ; On                          ;
; Enable open drain on Partial Reconfiguration pins                ; Off                         ;
; Enable open drain on nCEO pin                                    ; On                          ;
; Enable Partial Reconfiguration pins                              ; Off                         ;
; Enable input tri-state on active configuration pins in user mode ; Off                         ;
; Enable internal scrubbing                                        ; Off                         ;
; Active Serial clock source                                       ; 100 MHz Internal Oscillator ;
; Device initialization clock source                               ; Internal Oscillator         ;
; Configuration via Protocol                                       ; Off                         ;
; Configuration Voltage Level                                      ; Auto                        ;
; Force Configuration Voltage Level                                ; Off                         ;
; Enable nCEO output                                               ; Off                         ;
; Data[15..8]                                                      ; Unreserved                  ;
; Data[7..5]                                                       ; Unreserved                  ;
; Base pin-out file on sameframe device                            ; Off                         ;
+------------------------------------------------------------------+-----------------------------+


+------------------------------------+
; Operating Settings and Conditions  ;
+---------------------------+--------+
; Setting                   ; Value  ;
+---------------------------+--------+
; Nominal Core Voltage      ; 1.10 V ;
; Low Junction Temperature  ; 0 °C   ;
; High Junction Temperature ; 85 °C  ;
+---------------------------+--------+


+------------------------------------------------------------+
; Estimated Delay Added for Hold Timing Summary              ;
+-----------------+----------------------+-------------------+
; Source Clock(s) ; Destination Clock(s) ; Delay Added in ns ;
+-----------------+----------------------+-------------------+
; clk             ; clk                  ; 44.5              ;
+-----------------+----------------------+-------------------+
Note: For more information on problematic transfers, consider running the Fitter again with the Optimize hold timing option (Settings Menu) turned off.
This will disable optimization of problematic paths and expose them for further analysis using the Timing Analyzer.


+---------------------------------------------------------------------------------------------------------------------------------------------------------------------------------------------------------------+
; Estimated Delay Added for Hold Timing Details                                                                                                                                                                 ;
+-------------------------------------------------------------+-----------------------------------------------------------------------------------------------------------------------------+-------------------+
; Source Register                                             ; Destination Register                                                                                                        ; Delay Added in ns ;
+-------------------------------------------------------------+-----------------------------------------------------------------------------------------------------------------------------+-------------------+
; iteration_controller:ctrl_inst|vn_slot[2]                   ; iteration_controller:ctrl_inst|vn_rom_addr[2]                                                                               ; 0.600             ;
; iteration_controller:ctrl_inst|vn_slot[0]                   ; iteration_controller:ctrl_inst|vn_rom_addr[0]                                                                               ; 0.599             ;
; iteration_controller:ctrl_inst|deg_rom_addr[0]              ; vn_degree_rom:deg_rom_inst|altsyncram:mem_rtl_0|altsyncram_87g1:auto_generated|ram_block1a0~porta_address_reg0              ; 0.596             ;
; iteration_controller:ctrl_inst|deg_rom_addr[4]              ; vn_degree_rom:deg_rom_inst|altsyncram:mem_rtl_0|altsyncram_87g1:auto_generated|ram_block1a0~porta_address_reg0              ; 0.596             ;
; iteration_controller:ctrl_inst|deg_rom_addr[3]              ; vn_degree_rom:deg_rom_inst|altsyncram:mem_rtl_0|altsyncram_87g1:auto_generated|ram_block1a0~porta_address_reg0              ; 0.589             ;
; iteration_controller:ctrl_inst|cn_slot[0]                   ; iteration_controller:ctrl_inst|altsyncram:cn_edge_ids_rtl_0|altsyncram_qvm1:auto_generated|ram_block1a10~portb_address_reg0 ; 0.579             ;
; iteration_controller:ctrl_inst|vn_index[7]                  ; iteration_controller:ctrl_inst|syn_start                                                                                    ; 0.573             ;
; iteration_controller:ctrl_inst|vn_index[6]                  ; iteration_controller:ctrl_inst|syn_start                                                                                    ; 0.573             ;
; iteration_controller:ctrl_inst|vn_index[5]                  ; iteration_controller:ctrl_inst|syn_start                                                                                    ; 0.573             ;
; iteration_controller:ctrl_inst|vn_index[2]                  ; iteration_controller:ctrl_inst|syn_start                                                                                    ; 0.573             ;
; iteration_controller:ctrl_inst|vn_index[1]                  ; iteration_controller:ctrl_inst|syn_start                                                                                    ; 0.573             ;
; iteration_controller:ctrl_inst|vn_index[0]                  ; iteration_controller:ctrl_inst|syn_start                                                                                    ; 0.573             ;
; iteration_controller:ctrl_inst|vn_index[8]                  ; iteration_controller:ctrl_inst|syn_start                                                                                    ; 0.573             ;
; iteration_controller:ctrl_inst|vn_index[3]                  ; iteration_controller:ctrl_inst|syn_start                                                                                    ; 0.573             ;
; iteration_controller:ctrl_inst|vn_index[4]                  ; iteration_controller:ctrl_inst|syn_start                                                                                    ; 0.573             ;
; iteration_controller:ctrl_inst|cn_slot[2]                   ; iteration_controller:ctrl_inst|altsyncram:cn_edge_ids_rtl_0|altsyncram_qvm1:auto_generated|ram_block1a10~portb_address_reg0 ; 0.546             ;
; iteration_controller:ctrl_inst|vn_slot[1]                   ; iteration_controller:ctrl_inst|vn_rom_addr[1]                                                                               ; 0.530             ;
; iteration_controller:ctrl_inst|vn_edge_ids~3                ; iteration_controller:ctrl_inst|vc_wr_addr[2]                                                                                ; 0.452             ;
; iteration_controller:ctrl_inst|vn_edge_ids~4                ; iteration_controller:ctrl_inst|vc_wr_addr[3]                                                                                ; 0.450             ;
; iteration_controller:ctrl_inst|cn_edge_ids~2                ; iteration_controller:ctrl_inst|cv_wr_addr[1]                                                                                ; 0.447             ;
; iteration_controller:ctrl_inst|cn_edge_ids~8                ; iteration_controller:ctrl_inst|cv_wr_addr[7]                                                                                ; 0.447             ;
; iteration_controller:ctrl_inst|cn_edge_ids~6                ; iteration_controller:ctrl_inst|cv_wr_addr[5]                                                                                ; 0.446             ;
; iteration_controller:ctrl_inst|cn_edge_ids~11               ; iteration_controller:ctrl_inst|cv_wr_addr[10]                                                                               ; 0.446             ;
; iteration_controller:ctrl_inst|vn_edge_ids~2                ; iteration_controller:ctrl_inst|vc_wr_addr[1]                                                                                ; 0.446             ;
; iteration_controller:ctrl_inst|vn_edge_ids~5                ; iteration_controller:ctrl_inst|vc_wr_addr[4]                                                                                ; 0.446             ;
; iteration_controller:ctrl_inst|vn_edge_ids~6                ; iteration_controller:ctrl_inst|vc_wr_addr[5]                                                                                ; 0.446             ;
; iteration_controller:ctrl_inst|cn_edge_ids~9                ; iteration_controller:ctrl_inst|cv_wr_addr[8]                                                                                ; 0.440             ;
; iteration_controller:ctrl_inst|vn_edge_ids~8                ; iteration_controller:ctrl_inst|vc_wr_addr[7]                                                                                ; 0.439             ;
; iteration_controller:ctrl_inst|cn_wb_slot[2]                ; iteration_controller:ctrl_inst|cv_wr_data[2]                                                                                ; 0.438             ;
; iteration_controller:ctrl_inst|cn_wb_slot[1]                ; iteration_controller:ctrl_inst|altsyncram:cn_edge_ids_rtl_0|altsyncram_qvm1:auto_generated|ram_block1a10~portb_address_reg0 ; 0.437             ;
; iteration_controller:ctrl_inst|cn_slot[1]                   ; iteration_controller:ctrl_inst|altsyncram:cn_edge_ids_rtl_0|altsyncram_qvm1:auto_generated|ram_block1a10~portb_address_reg0 ; 0.437             ;
; iteration_controller:ctrl_inst|cn_wb_slot[0]                ; iteration_controller:ctrl_inst|altsyncram:cn_edge_ids_rtl_0|altsyncram_qvm1:auto_generated|ram_block1a10~portb_address_reg0 ; 0.437             ;
; iteration_controller:ctrl_inst|state.S_CN_GATHER            ; iteration_controller:ctrl_inst|altsyncram:cn_edge_ids_rtl_0|altsyncram_qvm1:auto_generated|ram_block1a10~portb_address_reg0 ; 0.437             ;
; iteration_controller:ctrl_inst|state.S_CN_WRITEBACK         ; iteration_controller:ctrl_inst|altsyncram:cn_edge_ids_rtl_0|altsyncram_qvm1:auto_generated|ram_block1a10~portb_address_reg0 ; 0.437             ;
; iteration_controller:ctrl_inst|init_addr_d2[9]              ; iteration_controller:ctrl_inst|vc_wr_addr[9]                                                                                ; 0.437             ;
; iteration_controller:ctrl_inst|cn_edge_ids~4                ; iteration_controller:ctrl_inst|cv_wr_addr[3]                                                                                ; 0.436             ;
; iteration_controller:ctrl_inst|init_addr_d2[8]              ; iteration_controller:ctrl_inst|vc_wr_addr[8]                                                                                ; 0.435             ;
; cnu:cnu_inst|abs_vals_s1[7][5]                              ; cnu:cnu_inst|rmin2_s2[5]                                                                                                    ; 0.434             ;
; iteration_controller:ctrl_inst|iter_count[0]                ; iteration_controller:ctrl_inst|iter_count[2]                                                                                ; 0.433             ;
; iteration_controller:ctrl_inst|cn_edge_ids~3                ; iteration_controller:ctrl_inst|cv_wr_addr[2]                                                                                ; 0.432             ;
; iteration_controller:ctrl_inst|cn_edge_ids~5                ; iteration_controller:ctrl_inst|cv_wr_addr[4]                                                                                ; 0.419             ;
; iteration_controller:ctrl_inst|iter_count[1]                ; iteration_controller:ctrl_inst|iter_count[3]                                                                                ; 0.414             ;
; iteration_controller:ctrl_inst|cnu_buf[4][7]                ; cnu:cnu_inst|overall_sign_s1                                                                                                ; 0.412             ;
; cnu:cnu_inst|abs_vals_s1[7][6]                              ; cnu:cnu_inst|rmin2_s2[2]                                                                                                    ; 0.409             ;
; iteration_controller:ctrl_inst|cn_edge_ids_rtl_0_bypass[14] ; iteration_controller:ctrl_inst|cv_wr_addr[7]                                                                                ; 0.396             ;
; iteration_controller:ctrl_inst|vn_edge_ids_rtl_0_bypass[12] ; iteration_controller:ctrl_inst|vc_wr_addr[5]                                                                                ; 0.395             ;
; iteration_controller:ctrl_inst|state.S_IDLE                 ; iteration_controller:ctrl_inst|state.S_INIT                                                                                 ; 0.392             ;
; iteration_controller:ctrl_inst|iter_count[2]                ; iteration_controller:ctrl_inst|iter_count[3]                                                                                ; 0.391             ;
; iteration_controller:ctrl_inst|cn_edge_ids_rtl_0_bypass[8]  ; iteration_controller:ctrl_inst|cv_wr_addr[1]                                                                                ; 0.391             ;
; iteration_controller:ctrl_inst|cn_edge_ids_rtl_0_bypass[15] ; iteration_controller:ctrl_inst|cv_wr_addr[8]                                                                                ; 0.391             ;
; iteration_controller:ctrl_inst|vn_edge_ids_rtl_0_bypass[16] ; iteration_controller:ctrl_inst|vc_wr_addr[9]                                                                                ; 0.391             ;
; iteration_controller:ctrl_inst|state.S_INIT_LLR_WAIT        ; iteration_controller:ctrl_inst|state.S_INIT                                                                                 ; 0.391             ;
; iteration_controller:ctrl_inst|vn_edge_ids_rtl_0_bypass[10] ; iteration_controller:ctrl_inst|vc_wr_addr[3]                                                                                ; 0.390             ;
; iteration_controller:ctrl_inst|vn_edge_ids_rtl_0_bypass[13] ; iteration_controller:ctrl_inst|vc_wr_addr[6]                                                                                ; 0.390             ;
; iteration_controller:ctrl_inst|vn_edge_ids_rtl_0_bypass[14] ; iteration_controller:ctrl_inst|vc_wr_addr[7]                                                                                ; 0.390             ;
; iteration_controller:ctrl_inst|vn_edge_ids_rtl_0_bypass[8]  ; iteration_controller:ctrl_inst|vc_wr_addr[1]                                                                                ; 0.384             ;
; iteration_controller:ctrl_inst|vn_edge_ids_rtl_0_bypass[9]  ; iteration_controller:ctrl_inst|vc_wr_addr[2]                                                                                ; 0.384             ;
; iteration_controller:ctrl_inst|vn_edge_ids_rtl_0_bypass[11] ; iteration_controller:ctrl_inst|vc_wr_addr[4]                                                                                ; 0.384             ;
; iteration_controller:ctrl_inst|vn_edge_ids_rtl_0_bypass[15] ; iteration_controller:ctrl_inst|vc_wr_addr[8]                                                                                ; 0.383             ;
; iteration_controller:ctrl_inst|vn_wb_slot[2]                ; iteration_controller:ctrl_inst|dec_wr_en                                                                                    ; 0.383             ;
; iteration_controller:ctrl_inst|cn_edge_ids_rtl_0_bypass[9]  ; iteration_controller:ctrl_inst|cv_wr_addr[2]                                                                                ; 0.363             ;
; iteration_controller:ctrl_inst|state.S_INIT_VN_WAIT         ; iteration_controller:ctrl_inst|state.S_INIT_LLR_WAIT                                                                        ; 0.346             ;
; iteration_controller:ctrl_inst|cn_rom_addr[1]               ; cn_rom:cn_rom_inst|altsyncram:mem_rtl_0|altsyncram_6if1:auto_generated|ram_block1a19~porta_address_reg0                     ; 0.339             ;
; iteration_controller:ctrl_inst|init_addr_d2[10]             ; iteration_controller:ctrl_inst|vc_wr_addr[10]                                                                               ; 0.337             ;
; cnu:cnu_inst|abs_vals_s1[3][3]                              ; cnu:cnu_inst|lmin2_s2[3]                                                                                                    ; 0.333             ;
; iteration_controller:ctrl_inst|cn_rom_addr[2]               ; cn_rom:cn_rom_inst|altsyncram:mem_rtl_0|altsyncram_6if1:auto_generated|ram_block1a19~porta_address_reg0                     ; 0.331             ;
; iteration_controller:ctrl_inst|cn_index[2]                  ; iteration_controller:ctrl_inst|vn_index[7]                                                                                  ; 0.330             ;
; iteration_controller:ctrl_inst|cn_rom_addr[0]               ; cn_rom:cn_rom_inst|altsyncram:mem_rtl_0|altsyncram_6if1:auto_generated|ram_block1a19~porta_address_reg0                     ; 0.327             ;
; syn_done                                                    ; iteration_controller:ctrl_inst|converged                                                                                    ; 0.321             ;
; iteration_controller:ctrl_inst|vn_edge_ids~7                ; iteration_controller:ctrl_inst|vc_wr_addr[6]                                                                                ; 0.318             ;
; iteration_controller:ctrl_inst|cn_index[6]                  ; iteration_controller:ctrl_inst|vn_index[7]                                                                                  ; 0.311             ;
; iteration_controller:ctrl_inst|cn_index[5]                  ; iteration_controller:ctrl_inst|vn_index[7]                                                                                  ; 0.311             ;
; iteration_controller:ctrl_inst|cn_index[4]                  ; iteration_controller:ctrl_inst|vn_index[7]                                                                                  ; 0.311             ;
; iteration_controller:ctrl_inst|cn_index[1]                  ; iteration_controller:ctrl_inst|vn_index[7]                                                                                  ; 0.311             ;
; iteration_controller:ctrl_inst|cn_index[0]                  ; iteration_controller:ctrl_inst|vn_index[7]                                                                                  ; 0.311             ;
; iteration_controller:ctrl_inst|cn_rom_addr[10]              ; cn_rom:cn_rom_inst|altsyncram:mem_rtl_0|altsyncram_6if1:auto_generated|ram_block1a19~porta_address_reg0                     ; 0.310             ;
; cnu:cnu_inst|abs_vals_s1[3][6]                              ; cnu:cnu_inst|lmin2_s2[2]                                                                                                    ; 0.310             ;
; iteration_controller:ctrl_inst|init_addr_d2[3]              ; iteration_controller:ctrl_inst|vc_wr_addr[3]                                                                                ; 0.305             ;
; cnu:cnu_inst|abs_vals_s1[3][5]                              ; cnu:cnu_inst|lmin2_s2[2]                                                                                                    ; 0.279             ;
; iteration_controller:ctrl_inst|vn_edge_ids~9                ; iteration_controller:ctrl_inst|vc_wr_addr[8]                                                                                ; 0.270             ;
; cnu:cnu_inst|abs_vals_s1[7][7]                              ; cnu:cnu_inst|rmin2_s2[7]                                                                                                    ; 0.266             ;
; iteration_controller:ctrl_inst|vn_edge_ids~1                ; iteration_controller:ctrl_inst|vc_wr_addr[0]                                                                                ; 0.265             ;
; iteration_controller:ctrl_inst|cn_edge_ids_rtl_0_bypass[11] ; iteration_controller:ctrl_inst|cv_wr_addr[4]                                                                                ; 0.244             ;
; iteration_controller:ctrl_inst|cn_edge_ids_rtl_0_bypass[7]  ; iteration_controller:ctrl_inst|cv_wr_addr[0]                                                                                ; 0.215             ;
; iteration_controller:ctrl_inst|vc_rd_addr[10]               ; edge_message_bank:vc_bank_inst|altsyncram:edge_memory_rtl_0|altsyncram_m6p1:auto_generated|ram_block1a4~portb_address_reg0  ; 0.210             ;
; iteration_controller:ctrl_inst|vc_rd_addr[6]                ; edge_message_bank:vc_bank_inst|altsyncram:edge_memory_rtl_0|altsyncram_m6p1:auto_generated|ram_block1a4~portb_address_reg0  ; 0.204             ;
; iteration_controller:ctrl_inst|cn_index[3]                  ; iteration_controller:ctrl_inst|vn_index[7]                                                                                  ; 0.201             ;
; iteration_controller:ctrl_inst|cn_index[7]                  ; iteration_controller:ctrl_inst|vn_index[7]                                                                                  ; 0.201             ;
; iteration_controller:ctrl_inst|vc_rd_addr[5]                ; edge_message_bank:vc_bank_inst|altsyncram:edge_memory_rtl_0|altsyncram_m6p1:auto_generated|ram_block1a4~portb_address_reg0  ; 0.185             ;
; cnu:cnu_inst|abs_vals_s1[3][2]                              ; cnu:cnu_inst|lmin2_s2[2]                                                                                                    ; 0.164             ;
; iteration_controller:ctrl_inst|cv_wr_addr[6]                ; edge_message_bank:cv_bank_inst|altsyncram:edge_memory_rtl_0|altsyncram_m6p1:auto_generated|ram_block1a4~porta_address_reg0  ; 0.161             ;
; iteration_controller:ctrl_inst|deg_rom_addr[5]              ; vn_degree_rom:deg_rom_inst|altsyncram:mem_rtl_0|altsyncram_87g1:auto_generated|ram_block1a0~porta_address_reg0              ; 0.152             ;
; iteration_controller:ctrl_inst|deg_rom_addr[6]              ; vn_degree_rom:deg_rom_inst|altsyncram:mem_rtl_0|altsyncram_87g1:auto_generated|ram_block1a0~porta_address_reg0              ; 0.152             ;
; iteration_controller:ctrl_inst|vn_wb_slot[1]                ; iteration_controller:ctrl_inst|altsyncram:vn_edge_ids_rtl_0|altsyncram_kvm1:auto_generated|ram_block1a0~portb_address_reg0  ; 0.148             ;
; iteration_controller:ctrl_inst|state.S_SYNDROME             ; iteration_controller:ctrl_inst|state.S_DONE                                                                                 ; 0.144             ;
; iteration_controller:ctrl_inst|deg_rom_addr[7]              ; vn_degree_rom:deg_rom_inst|altsyncram:mem_rtl_0|altsyncram_87g1:auto_generated|ram_block1a0~porta_address_reg0              ; 0.140             ;
; iteration_controller:ctrl_inst|deg_rom_addr[8]              ; vn_degree_rom:deg_rom_inst|altsyncram:mem_rtl_0|altsyncram_87g1:auto_generated|ram_block1a0~porta_address_reg0              ; 0.140             ;
; iteration_controller:ctrl_inst|cv_wr_addr[4]                ; edge_message_bank:cv_bank_inst|altsyncram:edge_memory_rtl_0|altsyncram_m6p1:auto_generated|ram_block1a4~porta_address_reg0  ; 0.139             ;
; iteration_controller:ctrl_inst|done                         ; iteration_controller:ctrl_inst|done                                                                                         ; 0.135             ;
; iteration_controller:ctrl_inst|init_addr[4]                 ; iteration_controller:ctrl_inst|init_addr_d1[4]                                                                              ; 0.128             ;
+-------------------------------------------------------------+-----------------------------------------------------------------------------------------------------------------------------+-------------------+
Note: This table only shows the top 100 path(s) that have the largest delay added for hold.


+-----------------+
; Fitter Messages ;
+-----------------+
Warning (18236): Number of processors has not been specified which may cause overloading on shared machines.  Set the global assignment NUM_PARALLEL_PROCESSORS in your QSF to an appropriate value for best performance.
Info (20030): Parallel compilation is enabled and will use 16 of the 16 processors detected
Info (119006): Selected device 5CGXFC7C7F23C8 for design "cnu_project"
Info (21077): Low junction temperature is 0 degrees C
Info (21077): High junction temperature is 85 degrees C
Info (171003): Fitter is performing an Auto Fit compilation, which may decrease Fitter effort to reduce compilation time
Warning (292013): Feature LogicLock is only available with a valid subscription license. You can purchase a software subscription to gain full access to this feature.
Warning (15714): Some pins have incomplete I/O assignments. Refer to the I/O Assignment Warnings report for details
Info (176045): Design uses memory blocks. Violating setup or hold times of memory block address registers for either read or write operations could cause memory contents to be corrupted. Make sure that all memory block address registers meet the setup and hold time requirements.
Critical Warning (169085): No exact pin location assignment(s) for 34 pins of 34 total pins. For the list of pins please refer to the I/O Assignment Warnings table in the fitter report.
Info (184020): Starting Fitter periphery placement operations
Info (11191): Automatically promoted 2 clocks (2 global)
    Info (11162): clk~inputCLKENA0 with 1210 fanout uses global clock CLKCTRL_G10
    Info (11162): rst_n~inputCLKENA0 with 873 fanout uses global clock CLKCTRL_G8
Info (184021): Fitter periphery placement operations ending: elapsed time is 00:00:00
Info (176233): Starting register packing
Info (332104): Reading SDC File: 'cnu_project.sdc'
Info (332143): No user constrained clock uncertainty found in the design. Calling "derive_clock_uncertainty"
Info (332123): Deriving Clock Uncertainty. Please refer to report_sdc in the Timing Analyzer to see clock uncertainties.
Info (332129): Detected timing requirements -- optimizing circuit to achieve only the specified requirements
Info (332111): Found 1 clocks
    Info (332111):   Period   Clock Name
    Info (332111): ======== ============
    Info (332111):   20.000          clk
Info (176235): Finished register packing
    Extra Info (176218): Packed 3 registers into blocks of type Block RAM
Info (11798): Fitter preparation operations ending: elapsed time is 00:00:07
Info (170189): Fitter placement preparation operations beginning
Info (14951): The Fitter is using Advanced Physical Optimization.
Info (170190): Fitter placement preparation operations ending: elapsed time is 00:03:54
Info (170191): Fitter placement operations beginning
Info (170137): Fitter placement was successful
Info (170192): Fitter placement operations ending: elapsed time is 00:00:03
Info (170193): Fitter routing operations beginning
Info (170195): Router estimated average interconnect usage is 1% of the available device resources
    Info (170196): Router estimated peak interconnect usage is 30% of the available device resources in the region that extends from location X67_Y35 to location X77_Y45
Info (170199): The Fitter performed an Auto Fit compilation.  Optimizations were skipped to reduce compilation time.
    Info (170201): Optimizations that may affect the design's routability were skipped
    Info (170200): Optimizations that may affect the design's timing were skipped
Info (170194): Fitter routing operations ending: elapsed time is 00:00:03
Info (11888): Total time spent on timing analysis during the Fitter is 3.37 seconds.
Info (334003): Started post-fitting delay annotation
Info (334004): Delay annotation completed successfully
Info (334003): Started post-fitting delay annotation
Info (334004): Delay annotation completed successfully
Info (11801): Fitter post-fit operations ending: elapsed time is 00:00:09
Info (144001): Generated suppressed messages file C:/Users/moahs/Workspace/LDPC-FPGA-Decoder/fpga/quartus/output_files/cnu_project.fit.smsg
Info: Quartus Prime Fitter was successful. 0 errors, 4 warnings
    Info: Peak virtual memory: 8158 megabytes
    Info: Processing ended: Fri Aug  7 12:48:32 2026
    Info: Elapsed time: 00:09:22
    Info: Total CPU time (on all processors): 00:58:17


+----------------------------+
; Fitter Suppressed Messages ;
+----------------------------+
The suppressed messages can be found in C:/Users/moahs/Workspace/LDPC-FPGA-Decoder/fpga/quartus/output_files/cnu_project.fit.smsg.


