Analysis & Synthesis report for cnu_project
Sun Aug 16 14:12:48 2026
Quartus Prime Version 22.1std.2 Build 922 07/20/2023 SC Lite Edition


---------------------
; Table of Contents ;
---------------------
  1. Legal Notice
  2. Analysis & Synthesis Summary
  3. Analysis & Synthesis Settings
  4. Parallel Compilation
  5. Analysis & Synthesis Source Files Read
  6. Analysis & Synthesis Resource Usage Summary
  7. Analysis & Synthesis Resource Utilization by Entity
  8. Analysis & Synthesis RAM Summary
  9. State Machine - |de1_soc_ccsds_top|top_state
 10. State Machine - |de1_soc_ccsds_top|ldpc_decoder_top:decoder|iteration_controller:ctrl_inst|state
 11. Registers Protected by Synthesis
 12. Registers Removed During Synthesis
 13. Removed Registers Triggering Further Register Optimizations
 14. General Register Statistics
 15. Registers Added for RAM Pass-Through Logic
 16. Registers Packed Into Inferred Megafunctions
 17. Multiplexer Restructuring Statistics (Restructuring Performed)
 18. Source assignments for Top-level Entity: |de1_soc_ccsds_top
 19. Source assignments for ldpc_decoder_top:decoder|iteration_controller:ctrl_inst|altsyncram:cn_edge_ids_rtl_0|altsyncram_qvm1:auto_generated
 20. Source assignments for ldpc_decoder_top:decoder|iteration_controller:ctrl_inst|altsyncram:vn_edge_ids_rtl_0|altsyncram_kvm1:auto_generated
 21. Source assignments for ldpc_decoder_top:decoder|vn_degree_rom:deg_rom_inst|altsyncram:mem_rtl_0|altsyncram_87g1:auto_generated
 22. Source assignments for ldpc_decoder_top:decoder|vn_rom:vn_rom_inst|altsyncram:mem_rtl_0|altsyncram_4kf1:auto_generated
 23. Source assignments for ldpc_decoder_top:decoder|cn_rom:cn_rom_inst|altsyncram:mem_rtl_0|altsyncram_6if1:auto_generated
 24. Source assignments for ldpc_decoder_top:decoder|edge_message_bank:cv_bank_inst|altsyncram:edge_memory_rtl_0|altsyncram_m6p1:auto_generated
 25. Source assignments for ldpc_decoder_top:decoder|edge_message_bank:vc_bank_inst|altsyncram:edge_memory_rtl_0|altsyncram_m6p1:auto_generated
 26. Source assignments for ldpc_decoder_top:decoder|llr_bank:llr_bank_inst|altsyncram:llr_mem_rtl_0|altsyncram_afm1:auto_generated
 27. Parameter Settings for User Entity Instance: ldpc_decoder_top:decoder
 28. Parameter Settings for User Entity Instance: ldpc_decoder_top:decoder|llr_bank:llr_bank_inst
 29. Parameter Settings for User Entity Instance: ldpc_decoder_top:decoder|edge_message_bank:vc_bank_inst
 30. Parameter Settings for User Entity Instance: ldpc_decoder_top:decoder|edge_message_bank:cv_bank_inst
 31. Parameter Settings for User Entity Instance: ldpc_decoder_top:decoder|cn_rom:cn_rom_inst
 32. Parameter Settings for User Entity Instance: ldpc_decoder_top:decoder|vn_rom:vn_rom_inst
 33. Parameter Settings for User Entity Instance: ldpc_decoder_top:decoder|vn_degree_rom:deg_rom_inst
 34. Parameter Settings for User Entity Instance: ldpc_decoder_top:decoder|cnu:cnu_inst
 35. Parameter Settings for User Entity Instance: ldpc_decoder_top:decoder|vnu:vnu_inst
 36. Parameter Settings for User Entity Instance: ldpc_decoder_top:decoder|syndrome_checker:syndrome_inst
 37. Parameter Settings for User Entity Instance: ldpc_decoder_top:decoder|iteration_controller:ctrl_inst
 38. Parameter Settings for Inferred Entity Instance: ldpc_decoder_top:decoder|iteration_controller:ctrl_inst|altsyncram:cn_edge_ids_rtl_0
 39. Parameter Settings for Inferred Entity Instance: ldpc_decoder_top:decoder|iteration_controller:ctrl_inst|altsyncram:vn_edge_ids_rtl_0
 40. Parameter Settings for Inferred Entity Instance: ldpc_decoder_top:decoder|vn_degree_rom:deg_rom_inst|altsyncram:mem_rtl_0
 41. Parameter Settings for Inferred Entity Instance: ldpc_decoder_top:decoder|vn_rom:vn_rom_inst|altsyncram:mem_rtl_0
 42. Parameter Settings for Inferred Entity Instance: ldpc_decoder_top:decoder|cn_rom:cn_rom_inst|altsyncram:mem_rtl_0
 43. Parameter Settings for Inferred Entity Instance: ldpc_decoder_top:decoder|edge_message_bank:cv_bank_inst|altsyncram:edge_memory_rtl_0
 44. Parameter Settings for Inferred Entity Instance: ldpc_decoder_top:decoder|edge_message_bank:vc_bank_inst|altsyncram:edge_memory_rtl_0
 45. Parameter Settings for Inferred Entity Instance: ldpc_decoder_top:decoder|llr_bank:llr_bank_inst|altsyncram:llr_mem_rtl_0
 46. altsyncram Parameter Settings by Entity Instance
 47. Port Connectivity Checks: "ldpc_decoder_top:decoder|edge_message_bank:cv_bank_inst"
 48. Port Connectivity Checks: "ldpc_decoder_top:decoder|edge_message_bank:vc_bank_inst"
 49. Port Connectivity Checks: "ldpc_decoder_top:decoder|llr_bank:llr_bank_inst"
 50. Port Connectivity Checks: "ldpc_decoder_top:decoder"
 51. Post-Synthesis Netlist Statistics for Top Partition
 52. Elapsed Time Per Partition
 53. Analysis & Synthesis Messages
 54. Analysis & Synthesis Suppressed Messages



----------------
; Legal Notice ;
----------------
Copyright (C) 2023  Intel Corporation. All rights reserved.
Your use of Intel Corporation's design tools, logic functions 
and other software and tools, and any partner logic 
functions, and any output files from any of the foregoing 
(including device programming or simulation files), and any 
associated documentation or information are expressly subject 
to the terms and conditions of the Intel Program License 
Subscription Agreement, the Intel Quartus Prime License Agreement,
the Intel FPGA IP License Agreement, or other applicable license
agreement, including, without limitation, that your use is for
the sole purpose of programming logic devices manufactured by
Intel and sold by Intel or its authorized distributors.  Please
refer to the applicable agreement for further details, at
https://fpgasoftware.intel.com/eula.



+----------------------------------------------------------------------------------+
; Analysis & Synthesis Summary                                                     ;
+---------------------------------+------------------------------------------------+
; Analysis & Synthesis Status     ; Successful - Sun Aug 16 14:12:48 2026          ;
; Quartus Prime Version           ; 22.1std.2 Build 922 07/20/2023 SC Lite Edition ;
; Revision Name                   ; cnu_project                                    ;
; Top-level Entity Name           ; de1_soc_ccsds_top                              ;
; Family                          ; Cyclone V                                      ;
; Logic utilization (in ALMs)     ; N/A                                            ;
; Total registers                 ; 1146                                           ;
; Total pins                      ; 15                                             ;
; Total virtual pins              ; 0                                              ;
; Total block memory bits         ; 80,015                                         ;
; Total DSP Blocks                ; 0                                              ;
; Total HSSI RX PCSs              ; 0                                              ;
; Total HSSI PMA RX Deserializers ; 0                                              ;
; Total HSSI TX PCSs              ; 0                                              ;
; Total HSSI PMA TX Serializers   ; 0                                              ;
; Total PLLs                      ; 0                                              ;
; Total DLLs                      ; 0                                              ;
+---------------------------------+------------------------------------------------+


+---------------------------------------------------------------------------------------------------------------------------+
; Analysis & Synthesis Settings                                                                                             ;
+---------------------------------------------------------------------------------+--------------------+--------------------+
; Option                                                                          ; Setting            ; Default Value      ;
+---------------------------------------------------------------------------------+--------------------+--------------------+
; Device                                                                          ; 5CGXFC7C7F23C8     ;                    ;
; Top-level entity name                                                           ; de1_soc_ccsds_top  ; cnu_project        ;
; Family name                                                                     ; Cyclone V          ; Cyclone V          ;
; Use smart compilation                                                           ; Off                ; Off                ;
; Enable parallel Assembler and Timing Analyzer during compilation                ; On                 ; On                 ;
; Enable compact report table                                                     ; Off                ; Off                ;
; Restructure Multiplexers                                                        ; Auto               ; Auto               ;
; MLAB Add Timing Constraints For Mixed-Port Feed-Through Mode Setting Don't Care ; Off                ; Off                ;
; Create Debugging Nodes for IP Cores                                             ; Off                ; Off                ;
; Preserve fewer node names                                                       ; On                 ; On                 ;
; Intel FPGA IP Evaluation Mode                                                   ; Enable             ; Enable             ;
; Verilog Version                                                                 ; Verilog_2001       ; Verilog_2001       ;
; VHDL Version                                                                    ; VHDL_1993          ; VHDL_1993          ;
; State Machine Processing                                                        ; Auto               ; Auto               ;
; Safe State Machine                                                              ; Off                ; Off                ;
; Extract Verilog State Machines                                                  ; On                 ; On                 ;
; Extract VHDL State Machines                                                     ; On                 ; On                 ;
; Ignore Verilog initial constructs                                               ; Off                ; Off                ;
; Iteration limit for constant Verilog loops                                      ; 5000               ; 5000               ;
; Iteration limit for non-constant Verilog loops                                  ; 250                ; 250                ;
; Add Pass-Through Logic to Inferred RAMs                                         ; On                 ; On                 ;
; Infer RAMs from Raw Logic                                                       ; On                 ; On                 ;
; Parallel Synthesis                                                              ; On                 ; On                 ;
; DSP Block Balancing                                                             ; Auto               ; Auto               ;
; NOT Gate Push-Back                                                              ; On                 ; On                 ;
; Power-Up Don't Care                                                             ; On                 ; On                 ;
; Remove Redundant Logic Cells                                                    ; Off                ; Off                ;
; Remove Duplicate Registers                                                      ; On                 ; On                 ;
; Ignore CARRY Buffers                                                            ; Off                ; Off                ;
; Ignore CASCADE Buffers                                                          ; Off                ; Off                ;
; Ignore GLOBAL Buffers                                                           ; Off                ; Off                ;
; Ignore ROW GLOBAL Buffers                                                       ; Off                ; Off                ;
; Ignore LCELL Buffers                                                            ; Off                ; Off                ;
; Ignore SOFT Buffers                                                             ; On                 ; On                 ;
; Limit AHDL Integers to 32 Bits                                                  ; Off                ; Off                ;
; Optimization Technique                                                          ; Balanced           ; Balanced           ;
; Carry Chain Length                                                              ; 70                 ; 70                 ;
; Auto Carry Chains                                                               ; On                 ; On                 ;
; Auto Open-Drain Pins                                                            ; On                 ; On                 ;
; Perform WYSIWYG Primitive Resynthesis                                           ; Off                ; Off                ;
; Auto ROM Replacement                                                            ; On                 ; On                 ;
; Auto RAM Replacement                                                            ; On                 ; On                 ;
; Auto DSP Block Replacement                                                      ; On                 ; On                 ;
; Auto Shift Register Replacement                                                 ; Auto               ; Auto               ;
; Allow Shift Register Merging across Hierarchies                                 ; Auto               ; Auto               ;
; Auto Clock Enable Replacement                                                   ; On                 ; On                 ;
; Strict RAM Replacement                                                          ; Off                ; Off                ;
; Allow Synchronous Control Signals                                               ; On                 ; On                 ;
; Force Use of Synchronous Clear Signals                                          ; Off                ; Off                ;
; Auto Resource Sharing                                                           ; Off                ; Off                ;
; Allow Any RAM Size For Recognition                                              ; Off                ; Off                ;
; Allow Any ROM Size For Recognition                                              ; Off                ; Off                ;
; Allow Any Shift Register Size For Recognition                                   ; Off                ; Off                ;
; Use LogicLock Constraints during Resource Balancing                             ; On                 ; On                 ;
; Ignore translate_off and synthesis_off directives                               ; Off                ; Off                ;
; Timing-Driven Synthesis                                                         ; On                 ; On                 ;
; Report Parameter Settings                                                       ; On                 ; On                 ;
; Report Source Assignments                                                       ; On                 ; On                 ;
; Report Connectivity Checks                                                      ; On                 ; On                 ;
; Ignore Maximum Fan-Out Assignments                                              ; Off                ; Off                ;
; Synchronization Register Chain Length                                           ; 3                  ; 3                  ;
; Power Optimization During Synthesis                                             ; Normal compilation ; Normal compilation ;
; HDL message level                                                               ; Level2             ; Level2             ;
; Suppress Register Optimization Related Messages                                 ; Off                ; Off                ;
; Number of Removed Registers Reported in Synthesis Report                        ; 5000               ; 5000               ;
; Number of Swept Nodes Reported in Synthesis Report                              ; 5000               ; 5000               ;
; Number of Inverted Registers Reported in Synthesis Report                       ; 100                ; 100                ;
; Clock MUX Protection                                                            ; On                 ; On                 ;
; Auto Gated Clock Conversion                                                     ; Off                ; Off                ;
; Block Design Naming                                                             ; Auto               ; Auto               ;
; SDC constraint protection                                                       ; Off                ; Off                ;
; Synthesis Effort                                                                ; Auto               ; Auto               ;
; Shift Register Replacement - Allow Asynchronous Clear Signal                    ; On                 ; On                 ;
; Pre-Mapping Resynthesis Optimization                                            ; Off                ; Off                ;
; Analysis & Synthesis Message Level                                              ; Medium             ; Medium             ;
; Disable Register Merging Across Hierarchies                                     ; Auto               ; Auto               ;
; Resource Aware Inference For Block RAM                                          ; On                 ; On                 ;
; Automatic Parallel Synthesis                                                    ; On                 ; On                 ;
; Partial Reconfiguration Bitstream ID                                            ; Off                ; Off                ;
+---------------------------------------------------------------------------------+--------------------+--------------------+


+------------------------------------------+
; Parallel Compilation                     ;
+----------------------------+-------------+
; Processors                 ; Number      ;
+----------------------------+-------------+
; Number detected on machine ; 22          ;
; Maximum allowed            ; 16          ;
;                            ;             ;
; Average used               ; 1.00        ;
; Maximum used               ; 16          ;
;                            ;             ;
; Usage by Processor         ; % Time Used ;
;     Processor 1            ; 100.0%      ;
;     Processor 2            ;   0.0%      ;
;     Processor 3            ;   0.0%      ;
;     Processor 4            ;   0.0%      ;
;     Processor 5            ;   0.0%      ;
;     Processors 6-16        ;   0.0%      ;
+----------------------------+-------------+


+-----------------------------------------------------------------------------------------------------------------------------------------------------------------------------------------------------------------------------------------------------+
; Analysis & Synthesis Source Files Read                                                                                                                                                                                                              ;
+----------------------------------------------------+-----------------+-------------------------------------------------------+------------------------------------------------------------------------------------------------------------+---------+
; File Name with User-Entered Path                   ; Used in Netlist ; File Type                                             ; File Name with Absolute Path                                                                               ; Library ;
+----------------------------------------------------+-----------------+-------------------------------------------------------+------------------------------------------------------------------------------------------------------------+---------+
; ../rtl/llr_bank.sv                                 ; yes             ; User SystemVerilog HDL File                           ; C:/Users/moahs/Workspace/LDPC-FPGA-Decoder/fpga/rtl/llr_bank.sv                                            ;         ;
; ../rtl/cnu.sv                                      ; yes             ; User SystemVerilog HDL File                           ; C:/Users/moahs/Workspace/LDPC-FPGA-Decoder/fpga/rtl/cnu.sv                                                 ;         ;
; ../rtl/vnu.sv                                      ; yes             ; User SystemVerilog HDL File                           ; C:/Users/moahs/Workspace/LDPC-FPGA-Decoder/fpga/rtl/vnu.sv                                                 ;         ;
; ../rtl/iteration_controller.sv                     ; yes             ; User SystemVerilog HDL File                           ; C:/Users/moahs/Workspace/LDPC-FPGA-Decoder/fpga/rtl/iteration_controller.sv                                ;         ;
; ../rtl/ldpc_decoder_top.sv                         ; yes             ; User SystemVerilog HDL File                           ; C:/Users/moahs/Workspace/LDPC-FPGA-Decoder/fpga/rtl/ldpc_decoder_top.sv                                    ;         ;
; ../rtl/syndrome_checker.sv                         ; yes             ; User SystemVerilog HDL File                           ; C:/Users/moahs/Workspace/LDPC-FPGA-Decoder/fpga/rtl/syndrome_checker.sv                                    ;         ;
; ../rtl/cn_rom.sv                                   ; yes             ; User SystemVerilog HDL File                           ; C:/Users/moahs/Workspace/LDPC-FPGA-Decoder/fpga/rtl/cn_rom.sv                                              ;         ;
; ../rtl/edge_message_bank.sv                        ; yes             ; User SystemVerilog HDL File                           ; C:/Users/moahs/Workspace/LDPC-FPGA-Decoder/fpga/rtl/edge_message_bank.sv                                   ;         ;
; ../rtl/vn_degree_rom.sv                            ; yes             ; User SystemVerilog HDL File                           ; C:/Users/moahs/Workspace/LDPC-FPGA-Decoder/fpga/rtl/vn_degree_rom.sv                                       ;         ;
; ../rtl/vn_rom.sv                                   ; yes             ; User SystemVerilog HDL File                           ; C:/Users/moahs/Workspace/LDPC-FPGA-Decoder/fpga/rtl/vn_rom.sv                                              ;         ;
; de1_soc_ccsds_top.sv                               ; yes             ; User SystemVerilog HDL File                           ; C:/Users/moahs/Workspace/LDPC-FPGA-Decoder/fpga/quartus/de1_soc_ccsds_top.sv                               ;         ;
; check_node_map.mem                                 ; yes             ; Auto-Found Unspecified File                           ; C:/Users/moahs/Workspace/LDPC-FPGA-Decoder/fpga/quartus/check_node_map.mem                                 ;         ;
; vn_degree_rom.mem                                  ; yes             ; Auto-Found Unspecified File                           ; C:/Users/moahs/Workspace/LDPC-FPGA-Decoder/fpga/quartus/vn_degree_rom.mem                                  ;         ;
; cn_rom.mem                                         ; yes             ; Auto-Found Unspecified File                           ; C:/Users/moahs/Workspace/LDPC-FPGA-Decoder/fpga/quartus/cn_rom.mem                                         ;         ;
; vn_rom.mem                                         ; yes             ; Auto-Found Unspecified File                           ; C:/Users/moahs/Workspace/LDPC-FPGA-Decoder/fpga/quartus/vn_rom.mem                                         ;         ;
; altsyncram.tdf                                     ; yes             ; Megafunction                                          ; c:/intelfpga_lite/22.1std/quartus/libraries/megafunctions/altsyncram.tdf                                   ;         ;
; stratix_ram_block.inc                              ; yes             ; Megafunction                                          ; c:/intelfpga_lite/22.1std/quartus/libraries/megafunctions/stratix_ram_block.inc                            ;         ;
; lpm_mux.inc                                        ; yes             ; Megafunction                                          ; c:/intelfpga_lite/22.1std/quartus/libraries/megafunctions/lpm_mux.inc                                      ;         ;
; lpm_decode.inc                                     ; yes             ; Megafunction                                          ; c:/intelfpga_lite/22.1std/quartus/libraries/megafunctions/lpm_decode.inc                                   ;         ;
; aglobal221.inc                                     ; yes             ; Megafunction                                          ; c:/intelfpga_lite/22.1std/quartus/libraries/megafunctions/aglobal221.inc                                   ;         ;
; a_rdenreg.inc                                      ; yes             ; Megafunction                                          ; c:/intelfpga_lite/22.1std/quartus/libraries/megafunctions/a_rdenreg.inc                                    ;         ;
; altrom.inc                                         ; yes             ; Megafunction                                          ; c:/intelfpga_lite/22.1std/quartus/libraries/megafunctions/altrom.inc                                       ;         ;
; altram.inc                                         ; yes             ; Megafunction                                          ; c:/intelfpga_lite/22.1std/quartus/libraries/megafunctions/altram.inc                                       ;         ;
; altdpram.inc                                       ; yes             ; Megafunction                                          ; c:/intelfpga_lite/22.1std/quartus/libraries/megafunctions/altdpram.inc                                     ;         ;
; db/altsyncram_qvm1.tdf                             ; yes             ; Auto-Generated Megafunction                           ; C:/Users/moahs/Workspace/LDPC-FPGA-Decoder/fpga/quartus/db/altsyncram_qvm1.tdf                             ;         ;
; db/altsyncram_kvm1.tdf                             ; yes             ; Auto-Generated Megafunction                           ; C:/Users/moahs/Workspace/LDPC-FPGA-Decoder/fpga/quartus/db/altsyncram_kvm1.tdf                             ;         ;
; db/altsyncram_87g1.tdf                             ; yes             ; Auto-Generated Megafunction                           ; C:/Users/moahs/Workspace/LDPC-FPGA-Decoder/fpga/quartus/db/altsyncram_87g1.tdf                             ;         ;
; db/cnu_project.ram0_vn_degree_rom_c5ce2bde.hdl.mif ; yes             ; Auto-Generated Auto-Found Memory Initialization File  ; C:/Users/moahs/Workspace/LDPC-FPGA-Decoder/fpga/quartus/db/cnu_project.ram0_vn_degree_rom_c5ce2bde.hdl.mif ;         ;
; db/altsyncram_4kf1.tdf                             ; yes             ; Auto-Generated Megafunction                           ; C:/Users/moahs/Workspace/LDPC-FPGA-Decoder/fpga/quartus/db/altsyncram_4kf1.tdf                             ;         ;
; db/cnu_project.ram0_vn_rom_9b35fefc.hdl.mif        ; yes             ; Auto-Generated Auto-Found Memory Initialization File  ; C:/Users/moahs/Workspace/LDPC-FPGA-Decoder/fpga/quartus/db/cnu_project.ram0_vn_rom_9b35fefc.hdl.mif        ;         ;
; db/altsyncram_6if1.tdf                             ; yes             ; Auto-Generated Megafunction                           ; C:/Users/moahs/Workspace/LDPC-FPGA-Decoder/fpga/quartus/db/altsyncram_6if1.tdf                             ;         ;
; db/cnu_project.ram0_cn_rom_e8dff636.hdl.mif        ; yes             ; Auto-Generated Auto-Found Memory Initialization File  ; C:/Users/moahs/Workspace/LDPC-FPGA-Decoder/fpga/quartus/db/cnu_project.ram0_cn_rom_e8dff636.hdl.mif        ;         ;
; db/altsyncram_m6p1.tdf                             ; yes             ; Auto-Generated Megafunction                           ; C:/Users/moahs/Workspace/LDPC-FPGA-Decoder/fpga/quartus/db/altsyncram_m6p1.tdf                             ;         ;
; db/altsyncram_afm1.tdf                             ; yes             ; Auto-Generated Megafunction                           ; C:/Users/moahs/Workspace/LDPC-FPGA-Decoder/fpga/quartus/db/altsyncram_afm1.tdf                             ;         ;
+----------------------------------------------------+-----------------+-------------------------------------------------------+------------------------------------------------------------------------------------------------------------+---------+


+--------------------------------------------------------------+
; Analysis & Synthesis Resource Usage Summary                  ;
+---------------------------------------------+----------------+
; Resource                                    ; Usage          ;
+---------------------------------------------+----------------+
; Estimate of Logic utilization (ALMs needed) ; 1449           ;
;                                             ;                ;
; Combinational ALUT usage for logic          ; 2151           ;
;     -- 7 input functions                    ; 8              ;
;     -- 6 input functions                    ; 687            ;
;     -- 5 input functions                    ; 152            ;
;     -- 4 input functions                    ; 635            ;
;     -- <=3 input functions                  ; 669            ;
;                                             ;                ;
; Dedicated logic registers                   ; 1146           ;
;                                             ;                ;
; I/O pins                                    ; 15             ;
; Total MLAB memory bits                      ; 0              ;
; Total block memory bits                     ; 80015          ;
;                                             ;                ;
; Total DSP Blocks                            ; 0              ;
;                                             ;                ;
; Maximum fan-out node                        ; CLOCK_50~input ;
; Maximum fan-out                             ; 1210           ;
; Total fan-out                               ; 14151          ;
; Average fan-out                             ; 4.17           ;
+---------------------------------------------+----------------+


+--------------------------------------------------------------------------------------------------------------------------------------------------------------------------------------------------------------------------------------------------------------------------------------------------------------------------------------+
; Analysis & Synthesis Resource Utilization by Entity                                                                                                                                                                                                                                                                                  ;
+----------------------------------------------+---------------------+---------------------------+-------------------+------------+------+--------------+----------------------------------------------------------------------------------------------------------------------------------------+----------------------+--------------+
; Compilation Hierarchy Node                   ; Combinational ALUTs ; Dedicated Logic Registers ; Block Memory Bits ; DSP Blocks ; Pins ; Virtual Pins ; Full Hierarchy Name                                                                                                                    ; Entity Name          ; Library Name ;
+----------------------------------------------+---------------------+---------------------------+-------------------+------------+------+--------------+----------------------------------------------------------------------------------------------------------------------------------------+----------------------+--------------+
; |de1_soc_ccsds_top                           ; 2151 (20)           ; 1146 (23)                 ; 80015             ; 0          ; 15   ; 0            ; |de1_soc_ccsds_top                                                                                                                     ; de1_soc_ccsds_top    ; work         ;
;    |ldpc_decoder_top:decoder|                ; 2131 (746)          ; 1123 (525)                ; 80015             ; 0          ; 0    ; 0            ; |de1_soc_ccsds_top|ldpc_decoder_top:decoder                                                                                            ; ldpc_decoder_top     ; work         ;
;       |cn_rom:cn_rom_inst|                   ; 0 (0)               ; 0 (0)                     ; 22528             ; 0          ; 0    ; 0            ; |de1_soc_ccsds_top|ldpc_decoder_top:decoder|cn_rom:cn_rom_inst                                                                         ; cn_rom               ; work         ;
;          |altsyncram:mem_rtl_0|              ; 0 (0)               ; 0 (0)                     ; 22528             ; 0          ; 0    ; 0            ; |de1_soc_ccsds_top|ldpc_decoder_top:decoder|cn_rom:cn_rom_inst|altsyncram:mem_rtl_0                                                    ; altsyncram           ; work         ;
;             |altsyncram_6if1:auto_generated| ; 0 (0)               ; 0 (0)                     ; 22528             ; 0          ; 0    ; 0            ; |de1_soc_ccsds_top|ldpc_decoder_top:decoder|cn_rom:cn_rom_inst|altsyncram:mem_rtl_0|altsyncram_6if1:auto_generated                     ; altsyncram_6if1      ; work         ;
;       |cnu:cnu_inst|                         ; 418 (418)           ; 214 (214)                 ; 0                 ; 0          ; 0    ; 0            ; |de1_soc_ccsds_top|ldpc_decoder_top:decoder|cnu:cnu_inst                                                                               ; cnu                  ; work         ;
;       |edge_message_bank:cv_bank_inst|       ; 0 (0)               ; 0 (0)                     ; 16384             ; 0          ; 0    ; 0            ; |de1_soc_ccsds_top|ldpc_decoder_top:decoder|edge_message_bank:cv_bank_inst                                                             ; edge_message_bank    ; work         ;
;          |altsyncram:edge_memory_rtl_0|      ; 0 (0)               ; 0 (0)                     ; 16384             ; 0          ; 0    ; 0            ; |de1_soc_ccsds_top|ldpc_decoder_top:decoder|edge_message_bank:cv_bank_inst|altsyncram:edge_memory_rtl_0                                ; altsyncram           ; work         ;
;             |altsyncram_m6p1:auto_generated| ; 0 (0)               ; 0 (0)                     ; 16384             ; 0          ; 0    ; 0            ; |de1_soc_ccsds_top|ldpc_decoder_top:decoder|edge_message_bank:cv_bank_inst|altsyncram:edge_memory_rtl_0|altsyncram_m6p1:auto_generated ; altsyncram_m6p1      ; work         ;
;       |edge_message_bank:vc_bank_inst|       ; 0 (0)               ; 0 (0)                     ; 16384             ; 0          ; 0    ; 0            ; |de1_soc_ccsds_top|ldpc_decoder_top:decoder|edge_message_bank:vc_bank_inst                                                             ; edge_message_bank    ; work         ;
;          |altsyncram:edge_memory_rtl_0|      ; 0 (0)               ; 0 (0)                     ; 16384             ; 0          ; 0    ; 0            ; |de1_soc_ccsds_top|ldpc_decoder_top:decoder|edge_message_bank:vc_bank_inst|altsyncram:edge_memory_rtl_0                                ; altsyncram           ; work         ;
;             |altsyncram_m6p1:auto_generated| ; 0 (0)               ; 0 (0)                     ; 16384             ; 0          ; 0    ; 0            ; |de1_soc_ccsds_top|ldpc_decoder_top:decoder|edge_message_bank:vc_bank_inst|altsyncram:edge_memory_rtl_0|altsyncram_m6p1:auto_generated ; altsyncram_m6p1      ; work         ;
;       |iteration_controller:ctrl_inst|       ; 259 (259)           ; 384 (384)                 ; 143               ; 0          ; 0    ; 0            ; |de1_soc_ccsds_top|ldpc_decoder_top:decoder|iteration_controller:ctrl_inst                                                             ; iteration_controller ; work         ;
;          |altsyncram:cn_edge_ids_rtl_0|      ; 0 (0)               ; 0 (0)                     ; 88                ; 0          ; 0    ; 0            ; |de1_soc_ccsds_top|ldpc_decoder_top:decoder|iteration_controller:ctrl_inst|altsyncram:cn_edge_ids_rtl_0                                ; altsyncram           ; work         ;
;             |altsyncram_qvm1:auto_generated| ; 0 (0)               ; 0 (0)                     ; 88                ; 0          ; 0    ; 0            ; |de1_soc_ccsds_top|ldpc_decoder_top:decoder|iteration_controller:ctrl_inst|altsyncram:cn_edge_ids_rtl_0|altsyncram_qvm1:auto_generated ; altsyncram_qvm1      ; work         ;
;          |altsyncram:vn_edge_ids_rtl_0|      ; 0 (0)               ; 0 (0)                     ; 55                ; 0          ; 0    ; 0            ; |de1_soc_ccsds_top|ldpc_decoder_top:decoder|iteration_controller:ctrl_inst|altsyncram:vn_edge_ids_rtl_0                                ; altsyncram           ; work         ;
;             |altsyncram_kvm1:auto_generated| ; 0 (0)               ; 0 (0)                     ; 55                ; 0          ; 0    ; 0            ; |de1_soc_ccsds_top|ldpc_decoder_top:decoder|iteration_controller:ctrl_inst|altsyncram:vn_edge_ids_rtl_0|altsyncram_kvm1:auto_generated ; altsyncram_kvm1      ; work         ;
;       |llr_bank:llr_bank_inst|               ; 0 (0)               ; 0 (0)                     ; 512               ; 0          ; 0    ; 0            ; |de1_soc_ccsds_top|ldpc_decoder_top:decoder|llr_bank:llr_bank_inst                                                                     ; llr_bank             ; work         ;
;          |altsyncram:llr_mem_rtl_0|          ; 0 (0)               ; 0 (0)                     ; 512               ; 0          ; 0    ; 0            ; |de1_soc_ccsds_top|ldpc_decoder_top:decoder|llr_bank:llr_bank_inst|altsyncram:llr_mem_rtl_0                                            ; altsyncram           ; work         ;
;             |altsyncram_afm1:auto_generated| ; 0 (0)               ; 0 (0)                     ; 512               ; 0          ; 0    ; 0            ; |de1_soc_ccsds_top|ldpc_decoder_top:decoder|llr_bank:llr_bank_inst|altsyncram:llr_mem_rtl_0|altsyncram_afm1:auto_generated             ; altsyncram_afm1      ; work         ;
;       |syndrome_checker:syndrome_inst|       ; 602 (602)           ; 0 (0)                     ; 0                 ; 0          ; 0    ; 0            ; |de1_soc_ccsds_top|ldpc_decoder_top:decoder|syndrome_checker:syndrome_inst                                                             ; syndrome_checker     ; work         ;
;       |vn_degree_rom:deg_rom_inst|           ; 0 (0)               ; 0 (0)                     ; 1536              ; 0          ; 0    ; 0            ; |de1_soc_ccsds_top|ldpc_decoder_top:decoder|vn_degree_rom:deg_rom_inst                                                                 ; vn_degree_rom        ; work         ;
;          |altsyncram:mem_rtl_0|              ; 0 (0)               ; 0 (0)                     ; 1536              ; 0          ; 0    ; 0            ; |de1_soc_ccsds_top|ldpc_decoder_top:decoder|vn_degree_rom:deg_rom_inst|altsyncram:mem_rtl_0                                            ; altsyncram           ; work         ;
;             |altsyncram_87g1:auto_generated| ; 0 (0)               ; 0 (0)                     ; 1536              ; 0          ; 0    ; 0            ; |de1_soc_ccsds_top|ldpc_decoder_top:decoder|vn_degree_rom:deg_rom_inst|altsyncram:mem_rtl_0|altsyncram_87g1:auto_generated             ; altsyncram_87g1      ; work         ;
;       |vn_rom:vn_rom_inst|                   ; 0 (0)               ; 0 (0)                     ; 22528             ; 0          ; 0    ; 0            ; |de1_soc_ccsds_top|ldpc_decoder_top:decoder|vn_rom:vn_rom_inst                                                                         ; vn_rom               ; work         ;
;          |altsyncram:mem_rtl_0|              ; 0 (0)               ; 0 (0)                     ; 22528             ; 0          ; 0    ; 0            ; |de1_soc_ccsds_top|ldpc_decoder_top:decoder|vn_rom:vn_rom_inst|altsyncram:mem_rtl_0                                                    ; altsyncram           ; work         ;
;             |altsyncram_4kf1:auto_generated| ; 0 (0)               ; 0 (0)                     ; 22528             ; 0          ; 0    ; 0            ; |de1_soc_ccsds_top|ldpc_decoder_top:decoder|vn_rom:vn_rom_inst|altsyncram:mem_rtl_0|altsyncram_4kf1:auto_generated                     ; altsyncram_4kf1      ; work         ;
;       |vnu:vnu_inst|                         ; 106 (106)           ; 0 (0)                     ; 0                 ; 0          ; 0    ; 0            ; |de1_soc_ccsds_top|ldpc_decoder_top:decoder|vnu:vnu_inst                                                                               ; vnu                  ; work         ;
+----------------------------------------------+---------------------+---------------------------+-------------------+------------+------+--------------+----------------------------------------------------------------------------------------------------------------------------------------+----------------------+--------------+
Note: For table entries with two numbers listed, the numbers in parentheses indicate the number of resources of the given type used by the specific entity alone. The numbers listed outside of parentheses indicate the total resources of the given type used by the specific entity and all of its sub-entities in the hierarchy.


+-----------------------------------------------------------------------------------------------------------------------------------------------------------------------------------------------------------------------------------------------------------------------------------------+
; Analysis & Synthesis RAM Summary                                                                                                                                                                                                                                                        ;
+--------------------------------------------------------------------------------------------------------------------------------+------------+------------------+--------------+--------------+--------------+--------------+-------+----------------------------------------------------+
; Name                                                                                                                           ; Type       ; Mode             ; Port A Depth ; Port A Width ; Port B Depth ; Port B Width ; Size  ; MIF                                                ;
+--------------------------------------------------------------------------------------------------------------------------------+------------+------------------+--------------+--------------+--------------+--------------+-------+----------------------------------------------------+
; ldpc_decoder_top:decoder|cn_rom:cn_rom_inst|altsyncram:mem_rtl_0|altsyncram_6if1:auto_generated|ALTSYNCRAM                     ; M10K block ; ROM              ; 2048         ; 20           ; --           ; --           ; 40960 ; db/cnu_project.ram0_cn_rom_e8dff636.hdl.mif        ;
; ldpc_decoder_top:decoder|edge_message_bank:cv_bank_inst|altsyncram:edge_memory_rtl_0|altsyncram_m6p1:auto_generated|ALTSYNCRAM ; AUTO       ; Simple Dual Port ; 2048         ; 8            ; 2048         ; 8            ; 16384 ; None                                               ;
; ldpc_decoder_top:decoder|edge_message_bank:vc_bank_inst|altsyncram:edge_memory_rtl_0|altsyncram_m6p1:auto_generated|ALTSYNCRAM ; AUTO       ; Simple Dual Port ; 2048         ; 8            ; 2048         ; 8            ; 16384 ; None                                               ;
; ldpc_decoder_top:decoder|iteration_controller:ctrl_inst|altsyncram:cn_edge_ids_rtl_0|altsyncram_qvm1:auto_generated|ALTSYNCRAM ; AUTO       ; Simple Dual Port ; 8            ; 11           ; 8            ; 11           ; 88    ; None                                               ;
; ldpc_decoder_top:decoder|iteration_controller:ctrl_inst|altsyncram:vn_edge_ids_rtl_0|altsyncram_kvm1:auto_generated|ALTSYNCRAM ; AUTO       ; Simple Dual Port ; 5            ; 11           ; 5            ; 11           ; 55    ; None                                               ;
; ldpc_decoder_top:decoder|llr_bank:llr_bank_inst|altsyncram:llr_mem_rtl_0|altsyncram_afm1:auto_generated|ALTSYNCRAM             ; AUTO       ; Simple Dual Port ; 512          ; 1            ; 512          ; 1            ; 512   ; None                                               ;
; ldpc_decoder_top:decoder|vn_degree_rom:deg_rom_inst|altsyncram:mem_rtl_0|altsyncram_87g1:auto_generated|ALTSYNCRAM             ; M10K block ; ROM              ; 512          ; 4            ; --           ; --           ; 2048  ; db/cnu_project.ram0_vn_degree_rom_c5ce2bde.hdl.mif ;
; ldpc_decoder_top:decoder|vn_rom:vn_rom_inst|altsyncram:mem_rtl_0|altsyncram_4kf1:auto_generated|ALTSYNCRAM                     ; M10K block ; ROM              ; 2048         ; 20           ; --           ; --           ; 40960 ; db/cnu_project.ram0_vn_rom_9b35fefc.hdl.mif        ;
+--------------------------------------------------------------------------------------------------------------------------------+------------+------------------+--------------+--------------+--------------+--------------+-------+----------------------------------------------------+


Encoding Type:  One-Hot
+----------------------------------------------------------------------------+
; State Machine - |de1_soc_ccsds_top|top_state                               ;
+-------------------+------------------+-----------------+-------------------+
; Name              ; top_state.S_LOAD ; top_state.S_RUN ; top_state.S_START ;
+-------------------+------------------+-----------------+-------------------+
; top_state.S_LOAD  ; 0                ; 0               ; 0                 ;
; top_state.S_START ; 1                ; 0               ; 1                 ;
; top_state.S_RUN   ; 1                ; 1               ; 0                 ;
+-------------------+------------------+-----------------+-------------------+


Encoding Type:  One-Hot
+-----------------------------------------------------------------------------------------------------------------------------------------------------------------------------------------------------------------------------------------------------------------------------------------------------------------------------------------------------------------------------------------------------------------------------------------------------------------------------------------------------------------------------+
; State Machine - |de1_soc_ccsds_top|ldpc_decoder_top:decoder|iteration_controller:ctrl_inst|state                                                                                                                                                                                                                                                                                                                                                                                                                            ;
+-----------------------+--------------+------------------+----------------------+--------------------+-------------------+--------------------+---------------------+--------------------+---------------------+--------------------+----------------------+------------------+------------------+------------------+------------------+--------------------+-------------------+--------------------+---------------------+--------------------+-----------------------+----------------------+--------------+--------------+
; Name                  ; state.S_DONE ; state.S_SYNDROME ; state.S_VN_WRITEBACK ; state.S_VN_COMPUTE ; state.S_VN_GATHER ; state.S_VN_CV_WAIT ; state.S_VN_ROM_WAIT ; state.S_VN_ROM_REQ ; state.S_VN_DEG_WAIT ; state.S_VN_DEG_REQ ; state.S_CN_WRITEBACK ; state.S_CN_PIPE4 ; state.S_CN_PIPE3 ; state.S_CN_PIPE2 ; state.S_CN_PIPE1 ; state.S_CN_COMPUTE ; state.S_CN_GATHER ; state.S_CN_VC_WAIT ; state.S_CN_ROM_WAIT ; state.S_CN_ROM_REQ ; state.S_INIT_LLR_WAIT ; state.S_INIT_VN_WAIT ; state.S_INIT ; state.S_IDLE ;
+-----------------------+--------------+------------------+----------------------+--------------------+-------------------+--------------------+---------------------+--------------------+---------------------+--------------------+----------------------+------------------+------------------+------------------+------------------+--------------------+-------------------+--------------------+---------------------+--------------------+-----------------------+----------------------+--------------+--------------+
; state.S_IDLE          ; 0            ; 0                ; 0                    ; 0                  ; 0                 ; 0                  ; 0                   ; 0                  ; 0                   ; 0                  ; 0                    ; 0                ; 0                ; 0                ; 0                ; 0                  ; 0                 ; 0                  ; 0                   ; 0                  ; 0                     ; 0                    ; 0            ; 0            ;
; state.S_INIT          ; 0            ; 0                ; 0                    ; 0                  ; 0                 ; 0                  ; 0                   ; 0                  ; 0                   ; 0                  ; 0                    ; 0                ; 0                ; 0                ; 0                ; 0                  ; 0                 ; 0                  ; 0                   ; 0                  ; 0                     ; 0                    ; 1            ; 1            ;
; state.S_INIT_VN_WAIT  ; 0            ; 0                ; 0                    ; 0                  ; 0                 ; 0                  ; 0                   ; 0                  ; 0                   ; 0                  ; 0                    ; 0                ; 0                ; 0                ; 0                ; 0                  ; 0                 ; 0                  ; 0                   ; 0                  ; 0                     ; 1                    ; 0            ; 1            ;
; state.S_INIT_LLR_WAIT ; 0            ; 0                ; 0                    ; 0                  ; 0                 ; 0                  ; 0                   ; 0                  ; 0                   ; 0                  ; 0                    ; 0                ; 0                ; 0                ; 0                ; 0                  ; 0                 ; 0                  ; 0                   ; 0                  ; 1                     ; 0                    ; 0            ; 1            ;
; state.S_CN_ROM_REQ    ; 0            ; 0                ; 0                    ; 0                  ; 0                 ; 0                  ; 0                   ; 0                  ; 0                   ; 0                  ; 0                    ; 0                ; 0                ; 0                ; 0                ; 0                  ; 0                 ; 0                  ; 0                   ; 1                  ; 0                     ; 0                    ; 0            ; 1            ;
; state.S_CN_ROM_WAIT   ; 0            ; 0                ; 0                    ; 0                  ; 0                 ; 0                  ; 0                   ; 0                  ; 0                   ; 0                  ; 0                    ; 0                ; 0                ; 0                ; 0                ; 0                  ; 0                 ; 0                  ; 1                   ; 0                  ; 0                     ; 0                    ; 0            ; 1            ;
; state.S_CN_VC_WAIT    ; 0            ; 0                ; 0                    ; 0                  ; 0                 ; 0                  ; 0                   ; 0                  ; 0                   ; 0                  ; 0                    ; 0                ; 0                ; 0                ; 0                ; 0                  ; 0                 ; 1                  ; 0                   ; 0                  ; 0                     ; 0                    ; 0            ; 1            ;
; state.S_CN_GATHER     ; 0            ; 0                ; 0                    ; 0                  ; 0                 ; 0                  ; 0                   ; 0                  ; 0                   ; 0                  ; 0                    ; 0                ; 0                ; 0                ; 0                ; 0                  ; 1                 ; 0                  ; 0                   ; 0                  ; 0                     ; 0                    ; 0            ; 1            ;
; state.S_CN_COMPUTE    ; 0            ; 0                ; 0                    ; 0                  ; 0                 ; 0                  ; 0                   ; 0                  ; 0                   ; 0                  ; 0                    ; 0                ; 0                ; 0                ; 0                ; 1                  ; 0                 ; 0                  ; 0                   ; 0                  ; 0                     ; 0                    ; 0            ; 1            ;
; state.S_CN_PIPE1      ; 0            ; 0                ; 0                    ; 0                  ; 0                 ; 0                  ; 0                   ; 0                  ; 0                   ; 0                  ; 0                    ; 0                ; 0                ; 0                ; 1                ; 0                  ; 0                 ; 0                  ; 0                   ; 0                  ; 0                     ; 0                    ; 0            ; 1            ;
; state.S_CN_PIPE2      ; 0            ; 0                ; 0                    ; 0                  ; 0                 ; 0                  ; 0                   ; 0                  ; 0                   ; 0                  ; 0                    ; 0                ; 0                ; 1                ; 0                ; 0                  ; 0                 ; 0                  ; 0                   ; 0                  ; 0                     ; 0                    ; 0            ; 1            ;
; state.S_CN_PIPE3      ; 0            ; 0                ; 0                    ; 0                  ; 0                 ; 0                  ; 0                   ; 0                  ; 0                   ; 0                  ; 0                    ; 0                ; 1                ; 0                ; 0                ; 0                  ; 0                 ; 0                  ; 0                   ; 0                  ; 0                     ; 0                    ; 0            ; 1            ;
; state.S_CN_PIPE4      ; 0            ; 0                ; 0                    ; 0                  ; 0                 ; 0                  ; 0                   ; 0                  ; 0                   ; 0                  ; 0                    ; 1                ; 0                ; 0                ; 0                ; 0                  ; 0                 ; 0                  ; 0                   ; 0                  ; 0                     ; 0                    ; 0            ; 1            ;
; state.S_CN_WRITEBACK  ; 0            ; 0                ; 0                    ; 0                  ; 0                 ; 0                  ; 0                   ; 0                  ; 0                   ; 0                  ; 1                    ; 0                ; 0                ; 0                ; 0                ; 0                  ; 0                 ; 0                  ; 0                   ; 0                  ; 0                     ; 0                    ; 0            ; 1            ;
; state.S_VN_DEG_REQ    ; 0            ; 0                ; 0                    ; 0                  ; 0                 ; 0                  ; 0                   ; 0                  ; 0                   ; 1                  ; 0                    ; 0                ; 0                ; 0                ; 0                ; 0                  ; 0                 ; 0                  ; 0                   ; 0                  ; 0                     ; 0                    ; 0            ; 1            ;
; state.S_VN_DEG_WAIT   ; 0            ; 0                ; 0                    ; 0                  ; 0                 ; 0                  ; 0                   ; 0                  ; 1                   ; 0                  ; 0                    ; 0                ; 0                ; 0                ; 0                ; 0                  ; 0                 ; 0                  ; 0                   ; 0                  ; 0                     ; 0                    ; 0            ; 1            ;
; state.S_VN_ROM_REQ    ; 0            ; 0                ; 0                    ; 0                  ; 0                 ; 0                  ; 0                   ; 1                  ; 0                   ; 0                  ; 0                    ; 0                ; 0                ; 0                ; 0                ; 0                  ; 0                 ; 0                  ; 0                   ; 0                  ; 0                     ; 0                    ; 0            ; 1            ;
; state.S_VN_ROM_WAIT   ; 0            ; 0                ; 0                    ; 0                  ; 0                 ; 0                  ; 1                   ; 0                  ; 0                   ; 0                  ; 0                    ; 0                ; 0                ; 0                ; 0                ; 0                  ; 0                 ; 0                  ; 0                   ; 0                  ; 0                     ; 0                    ; 0            ; 1            ;
; state.S_VN_CV_WAIT    ; 0            ; 0                ; 0                    ; 0                  ; 0                 ; 1                  ; 0                   ; 0                  ; 0                   ; 0                  ; 0                    ; 0                ; 0                ; 0                ; 0                ; 0                  ; 0                 ; 0                  ; 0                   ; 0                  ; 0                     ; 0                    ; 0            ; 1            ;
; state.S_VN_GATHER     ; 0            ; 0                ; 0                    ; 0                  ; 1                 ; 0                  ; 0                   ; 0                  ; 0                   ; 0                  ; 0                    ; 0                ; 0                ; 0                ; 0                ; 0                  ; 0                 ; 0                  ; 0                   ; 0                  ; 0                     ; 0                    ; 0            ; 1            ;
; state.S_VN_COMPUTE    ; 0            ; 0                ; 0                    ; 1                  ; 0                 ; 0                  ; 0                   ; 0                  ; 0                   ; 0                  ; 0                    ; 0                ; 0                ; 0                ; 0                ; 0                  ; 0                 ; 0                  ; 0                   ; 0                  ; 0                     ; 0                    ; 0            ; 1            ;
; state.S_VN_WRITEBACK  ; 0            ; 0                ; 1                    ; 0                  ; 0                 ; 0                  ; 0                   ; 0                  ; 0                   ; 0                  ; 0                    ; 0                ; 0                ; 0                ; 0                ; 0                  ; 0                 ; 0                  ; 0                   ; 0                  ; 0                     ; 0                    ; 0            ; 1            ;
; state.S_SYNDROME      ; 0            ; 1                ; 0                    ; 0                  ; 0                 ; 0                  ; 0                   ; 0                  ; 0                   ; 0                  ; 0                    ; 0                ; 0                ; 0                ; 0                ; 0                  ; 0                 ; 0                  ; 0                   ; 0                  ; 0                     ; 0                    ; 0            ; 1            ;
; state.S_DONE          ; 1            ; 0                ; 0                    ; 0                  ; 0                 ; 0                  ; 0                   ; 0                  ; 0                   ; 0                  ; 0                    ; 0                ; 0                ; 0                ; 0                ; 0                  ; 0                 ; 0                  ; 0                   ; 0                  ; 0                     ; 0                    ; 0            ; 1            ;
+-----------------------+--------------+------------------+----------------------+--------------------+-------------------+--------------------+---------------------+--------------------+---------------------+--------------------+----------------------+------------------+------------------+------------------+------------------+--------------------+-------------------+--------------------+---------------------+--------------------+-----------------------+----------------------+--------------+--------------+


+----------------------------------------------------------------------------------------------------------------------------------------------------------+
; Registers Protected by Synthesis                                                                                                                         ;
+------------------------------------------+------------------------------------------------------------------+--------------------------------------------+
; Register Name                            ; Protected by Synthesis Attribute or Preserve Register Assignment ; Not to be Touched by Netlist Optimizations ;
+------------------------------------------+------------------------------------------------------------------+--------------------------------------------+
; dec_anchor                               ; yes                                                              ; yes                                        ;
; dec_shift[7]                             ; yes                                                              ; yes                                        ;
; dec_shift[6]                             ; yes                                                              ; yes                                        ;
; dec_shift[5]                             ; yes                                                              ; yes                                        ;
; dec_shift[4]                             ; yes                                                              ; yes                                        ;
; dec_shift[3]                             ; yes                                                              ; yes                                        ;
; dec_shift[2]                             ; yes                                                              ; yes                                        ;
; dec_shift[1]                             ; yes                                                              ; yes                                        ;
; dec_shift[0]                             ; yes                                                              ; yes                                        ;
; Total number of protected registers is 9 ;                                                                  ;                                            ;
+------------------------------------------+------------------------------------------------------------------+--------------------------------------------+


+--------------------------------------------------------------------------------------------------------------------------------------------------------------+
; Registers Removed During Synthesis                                                                                                                           ;
+---------------------------------------------------------------------------+----------------------------------------------------------------------------------+
; Register name                                                             ; Reason for Removal                                                               ;
+---------------------------------------------------------------------------+----------------------------------------------------------------------------------+
; ldpc_decoder_top:decoder|cnu:cnu_inst|lmin1_idx_s2[2]                     ; Stuck at GND due to stuck port data_in                                           ;
; ldpc_decoder_top:decoder|llr_bank:llr_bank_inst|read_data[0..4,6,7]       ; Stuck at GND due to stuck port data_in                                           ;
; ldpc_decoder_top:decoder|iteration_controller:ctrl_inst|llr_lat[0..4,6,7] ; Stuck at GND due to stuck port data_in                                           ;
; ldpc_decoder_top:decoder|iteration_controller:ctrl_inst|state~28          ; Lost fanout                                                                      ;
; ldpc_decoder_top:decoder|iteration_controller:ctrl_inst|state~29          ; Lost fanout                                                                      ;
; ldpc_decoder_top:decoder|iteration_controller:ctrl_inst|state~30          ; Lost fanout                                                                      ;
; ldpc_decoder_top:decoder|iteration_controller:ctrl_inst|state~31          ; Lost fanout                                                                      ;
; ldpc_decoder_top:decoder|iteration_controller:ctrl_inst|state~32          ; Lost fanout                                                                      ;
; ldpc_decoder_top:decoder|iteration_controller:ctrl_inst|state.S_CN_PIPE4  ; Merged with ldpc_decoder_top:decoder|cnu:cnu_inst|valid_s3                       ;
; ldpc_decoder_top:decoder|iteration_controller:ctrl_inst|state.S_CN_PIPE3  ; Merged with ldpc_decoder_top:decoder|cnu:cnu_inst|valid_s2                       ;
; ldpc_decoder_top:decoder|iteration_controller:ctrl_inst|state.S_CN_PIPE2  ; Merged with ldpc_decoder_top:decoder|cnu:cnu_inst|valid_s1                       ;
; ldpc_decoder_top:decoder|iteration_controller:ctrl_inst|state.S_CN_PIPE1  ; Merged with ldpc_decoder_top:decoder|iteration_controller:ctrl_inst|cnu_valid_in ;
; Total Number of Removed Registers = 24                                    ;                                                                                  ;
+---------------------------------------------------------------------------+----------------------------------------------------------------------------------+


+---------------------------------------------------------------------------------------------------------------------------------------------------------------+
; Removed Registers Triggering Further Register Optimizations                                                                                                   ;
+--------------------------------------------------------------+---------------------------+--------------------------------------------------------------------+
; Register name                                                ; Reason for Removal        ; Registers Removed due to This Register                             ;
+--------------------------------------------------------------+---------------------------+--------------------------------------------------------------------+
; ldpc_decoder_top:decoder|llr_bank:llr_bank_inst|read_data[0] ; Stuck at GND              ; ldpc_decoder_top:decoder|iteration_controller:ctrl_inst|llr_lat[0] ;
;                                                              ; due to stuck port data_in ;                                                                    ;
; ldpc_decoder_top:decoder|llr_bank:llr_bank_inst|read_data[1] ; Stuck at GND              ; ldpc_decoder_top:decoder|iteration_controller:ctrl_inst|llr_lat[1] ;
;                                                              ; due to stuck port data_in ;                                                                    ;
; ldpc_decoder_top:decoder|llr_bank:llr_bank_inst|read_data[2] ; Stuck at GND              ; ldpc_decoder_top:decoder|iteration_controller:ctrl_inst|llr_lat[2] ;
;                                                              ; due to stuck port data_in ;                                                                    ;
; ldpc_decoder_top:decoder|llr_bank:llr_bank_inst|read_data[3] ; Stuck at GND              ; ldpc_decoder_top:decoder|iteration_controller:ctrl_inst|llr_lat[3] ;
;                                                              ; due to stuck port data_in ;                                                                    ;
; ldpc_decoder_top:decoder|llr_bank:llr_bank_inst|read_data[4] ; Stuck at GND              ; ldpc_decoder_top:decoder|iteration_controller:ctrl_inst|llr_lat[4] ;
;                                                              ; due to stuck port data_in ;                                                                    ;
; ldpc_decoder_top:decoder|llr_bank:llr_bank_inst|read_data[6] ; Stuck at GND              ; ldpc_decoder_top:decoder|iteration_controller:ctrl_inst|llr_lat[6] ;
;                                                              ; due to stuck port data_in ;                                                                    ;
; ldpc_decoder_top:decoder|llr_bank:llr_bank_inst|read_data[7] ; Stuck at GND              ; ldpc_decoder_top:decoder|iteration_controller:ctrl_inst|llr_lat[7] ;
;                                                              ; due to stuck port data_in ;                                                                    ;
+--------------------------------------------------------------+---------------------------+--------------------------------------------------------------------+


+------------------------------------------------------+
; General Register Statistics                          ;
+----------------------------------------------+-------+
; Statistic                                    ; Value ;
+----------------------------------------------+-------+
; Total registers                              ; 1146  ;
; Number of registers using Synchronous Clear  ; 102   ;
; Number of registers using Synchronous Load   ; 110   ;
; Number of registers using Asynchronous Clear ; 880   ;
; Number of registers using Asynchronous Load  ; 0     ;
; Number of registers using Clock Enable       ; 548   ;
; Number of registers using Preset             ; 0     ;
+----------------------------------------------+-------+


+------------------------------------------------------------------------------------------------------------------------------------------------------------------+
; Registers Added for RAM Pass-Through Logic                                                                                                                       ;
+--------------------------------------------------------------------------------------+---------------------------------------------------------------------------+
; Register Name                                                                        ; RAM Name                                                                  ;
+--------------------------------------------------------------------------------------+---------------------------------------------------------------------------+
; ldpc_decoder_top:decoder|iteration_controller:ctrl_inst|cn_edge_ids_rtl_0_bypass[0]  ; ldpc_decoder_top:decoder|iteration_controller:ctrl_inst|cn_edge_ids_rtl_0 ;
; ldpc_decoder_top:decoder|iteration_controller:ctrl_inst|cn_edge_ids_rtl_0_bypass[1]  ; ldpc_decoder_top:decoder|iteration_controller:ctrl_inst|cn_edge_ids_rtl_0 ;
; ldpc_decoder_top:decoder|iteration_controller:ctrl_inst|cn_edge_ids_rtl_0_bypass[2]  ; ldpc_decoder_top:decoder|iteration_controller:ctrl_inst|cn_edge_ids_rtl_0 ;
; ldpc_decoder_top:decoder|iteration_controller:ctrl_inst|cn_edge_ids_rtl_0_bypass[3]  ; ldpc_decoder_top:decoder|iteration_controller:ctrl_inst|cn_edge_ids_rtl_0 ;
; ldpc_decoder_top:decoder|iteration_controller:ctrl_inst|cn_edge_ids_rtl_0_bypass[4]  ; ldpc_decoder_top:decoder|iteration_controller:ctrl_inst|cn_edge_ids_rtl_0 ;
; ldpc_decoder_top:decoder|iteration_controller:ctrl_inst|cn_edge_ids_rtl_0_bypass[5]  ; ldpc_decoder_top:decoder|iteration_controller:ctrl_inst|cn_edge_ids_rtl_0 ;
; ldpc_decoder_top:decoder|iteration_controller:ctrl_inst|cn_edge_ids_rtl_0_bypass[6]  ; ldpc_decoder_top:decoder|iteration_controller:ctrl_inst|cn_edge_ids_rtl_0 ;
; ldpc_decoder_top:decoder|iteration_controller:ctrl_inst|cn_edge_ids_rtl_0_bypass[7]  ; ldpc_decoder_top:decoder|iteration_controller:ctrl_inst|cn_edge_ids_rtl_0 ;
; ldpc_decoder_top:decoder|iteration_controller:ctrl_inst|cn_edge_ids_rtl_0_bypass[8]  ; ldpc_decoder_top:decoder|iteration_controller:ctrl_inst|cn_edge_ids_rtl_0 ;
; ldpc_decoder_top:decoder|iteration_controller:ctrl_inst|cn_edge_ids_rtl_0_bypass[9]  ; ldpc_decoder_top:decoder|iteration_controller:ctrl_inst|cn_edge_ids_rtl_0 ;
; ldpc_decoder_top:decoder|iteration_controller:ctrl_inst|cn_edge_ids_rtl_0_bypass[10] ; ldpc_decoder_top:decoder|iteration_controller:ctrl_inst|cn_edge_ids_rtl_0 ;
; ldpc_decoder_top:decoder|iteration_controller:ctrl_inst|cn_edge_ids_rtl_0_bypass[11] ; ldpc_decoder_top:decoder|iteration_controller:ctrl_inst|cn_edge_ids_rtl_0 ;
; ldpc_decoder_top:decoder|iteration_controller:ctrl_inst|cn_edge_ids_rtl_0_bypass[12] ; ldpc_decoder_top:decoder|iteration_controller:ctrl_inst|cn_edge_ids_rtl_0 ;
; ldpc_decoder_top:decoder|iteration_controller:ctrl_inst|cn_edge_ids_rtl_0_bypass[13] ; ldpc_decoder_top:decoder|iteration_controller:ctrl_inst|cn_edge_ids_rtl_0 ;
; ldpc_decoder_top:decoder|iteration_controller:ctrl_inst|cn_edge_ids_rtl_0_bypass[14] ; ldpc_decoder_top:decoder|iteration_controller:ctrl_inst|cn_edge_ids_rtl_0 ;
; ldpc_decoder_top:decoder|iteration_controller:ctrl_inst|cn_edge_ids_rtl_0_bypass[15] ; ldpc_decoder_top:decoder|iteration_controller:ctrl_inst|cn_edge_ids_rtl_0 ;
; ldpc_decoder_top:decoder|iteration_controller:ctrl_inst|cn_edge_ids_rtl_0_bypass[16] ; ldpc_decoder_top:decoder|iteration_controller:ctrl_inst|cn_edge_ids_rtl_0 ;
; ldpc_decoder_top:decoder|iteration_controller:ctrl_inst|cn_edge_ids_rtl_0_bypass[17] ; ldpc_decoder_top:decoder|iteration_controller:ctrl_inst|cn_edge_ids_rtl_0 ;
; ldpc_decoder_top:decoder|iteration_controller:ctrl_inst|vn_edge_ids_rtl_0_bypass[0]  ; ldpc_decoder_top:decoder|iteration_controller:ctrl_inst|vn_edge_ids_rtl_0 ;
; ldpc_decoder_top:decoder|iteration_controller:ctrl_inst|vn_edge_ids_rtl_0_bypass[1]  ; ldpc_decoder_top:decoder|iteration_controller:ctrl_inst|vn_edge_ids_rtl_0 ;
; ldpc_decoder_top:decoder|iteration_controller:ctrl_inst|vn_edge_ids_rtl_0_bypass[2]  ; ldpc_decoder_top:decoder|iteration_controller:ctrl_inst|vn_edge_ids_rtl_0 ;
; ldpc_decoder_top:decoder|iteration_controller:ctrl_inst|vn_edge_ids_rtl_0_bypass[3]  ; ldpc_decoder_top:decoder|iteration_controller:ctrl_inst|vn_edge_ids_rtl_0 ;
; ldpc_decoder_top:decoder|iteration_controller:ctrl_inst|vn_edge_ids_rtl_0_bypass[4]  ; ldpc_decoder_top:decoder|iteration_controller:ctrl_inst|vn_edge_ids_rtl_0 ;
; ldpc_decoder_top:decoder|iteration_controller:ctrl_inst|vn_edge_ids_rtl_0_bypass[5]  ; ldpc_decoder_top:decoder|iteration_controller:ctrl_inst|vn_edge_ids_rtl_0 ;
; ldpc_decoder_top:decoder|iteration_controller:ctrl_inst|vn_edge_ids_rtl_0_bypass[6]  ; ldpc_decoder_top:decoder|iteration_controller:ctrl_inst|vn_edge_ids_rtl_0 ;
; ldpc_decoder_top:decoder|iteration_controller:ctrl_inst|vn_edge_ids_rtl_0_bypass[7]  ; ldpc_decoder_top:decoder|iteration_controller:ctrl_inst|vn_edge_ids_rtl_0 ;
; ldpc_decoder_top:decoder|iteration_controller:ctrl_inst|vn_edge_ids_rtl_0_bypass[8]  ; ldpc_decoder_top:decoder|iteration_controller:ctrl_inst|vn_edge_ids_rtl_0 ;
; ldpc_decoder_top:decoder|iteration_controller:ctrl_inst|vn_edge_ids_rtl_0_bypass[9]  ; ldpc_decoder_top:decoder|iteration_controller:ctrl_inst|vn_edge_ids_rtl_0 ;
; ldpc_decoder_top:decoder|iteration_controller:ctrl_inst|vn_edge_ids_rtl_0_bypass[10] ; ldpc_decoder_top:decoder|iteration_controller:ctrl_inst|vn_edge_ids_rtl_0 ;
; ldpc_decoder_top:decoder|iteration_controller:ctrl_inst|vn_edge_ids_rtl_0_bypass[11] ; ldpc_decoder_top:decoder|iteration_controller:ctrl_inst|vn_edge_ids_rtl_0 ;
; ldpc_decoder_top:decoder|iteration_controller:ctrl_inst|vn_edge_ids_rtl_0_bypass[12] ; ldpc_decoder_top:decoder|iteration_controller:ctrl_inst|vn_edge_ids_rtl_0 ;
; ldpc_decoder_top:decoder|iteration_controller:ctrl_inst|vn_edge_ids_rtl_0_bypass[13] ; ldpc_decoder_top:decoder|iteration_controller:ctrl_inst|vn_edge_ids_rtl_0 ;
; ldpc_decoder_top:decoder|iteration_controller:ctrl_inst|vn_edge_ids_rtl_0_bypass[14] ; ldpc_decoder_top:decoder|iteration_controller:ctrl_inst|vn_edge_ids_rtl_0 ;
; ldpc_decoder_top:decoder|iteration_controller:ctrl_inst|vn_edge_ids_rtl_0_bypass[15] ; ldpc_decoder_top:decoder|iteration_controller:ctrl_inst|vn_edge_ids_rtl_0 ;
; ldpc_decoder_top:decoder|iteration_controller:ctrl_inst|vn_edge_ids_rtl_0_bypass[16] ; ldpc_decoder_top:decoder|iteration_controller:ctrl_inst|vn_edge_ids_rtl_0 ;
; ldpc_decoder_top:decoder|iteration_controller:ctrl_inst|vn_edge_ids_rtl_0_bypass[17] ; ldpc_decoder_top:decoder|iteration_controller:ctrl_inst|vn_edge_ids_rtl_0 ;
+--------------------------------------------------------------------------------------+---------------------------------------------------------------------------+


+------------------------------------------------------------------------------------------------------------------------------------------------------------+
; Registers Packed Into Inferred Megafunctions                                                                                                               ;
+-------------------------------------------------------------------------+---------------------------------------------------------------------------+------+
; Register Name                                                           ; Megafunction                                                              ; Type ;
+-------------------------------------------------------------------------+---------------------------------------------------------------------------+------+
; ldpc_decoder_top:decoder|vn_degree_rom:deg_rom_inst|data[0..2]          ; ldpc_decoder_top:decoder|vn_degree_rom:deg_rom_inst|mem_rtl_0             ; RAM  ;
; ldpc_decoder_top:decoder|vn_rom:vn_rom_inst|data[0..10]                 ; ldpc_decoder_top:decoder|vn_rom:vn_rom_inst|mem_rtl_0                     ; RAM  ;
; ldpc_decoder_top:decoder|cn_rom:cn_rom_inst|data[9..19]                 ; ldpc_decoder_top:decoder|cn_rom:cn_rom_inst|mem_rtl_0                     ; RAM  ;
; ldpc_decoder_top:decoder|edge_message_bank:cv_bank_inst|read_data[0..7] ; ldpc_decoder_top:decoder|edge_message_bank:cv_bank_inst|edge_memory_rtl_0 ; RAM  ;
; ldpc_decoder_top:decoder|edge_message_bank:vc_bank_inst|read_data[0..7] ; ldpc_decoder_top:decoder|edge_message_bank:vc_bank_inst|edge_memory_rtl_0 ; RAM  ;
; ldpc_decoder_top:decoder|llr_bank:llr_bank_inst|read_data[5]            ; ldpc_decoder_top:decoder|llr_bank:llr_bank_inst|llr_mem_rtl_0             ; RAM  ;
+-------------------------------------------------------------------------+---------------------------------------------------------------------------+------+


+----------------------------------------------------------------------------------------------------------------------------------------------------------------------------------------------------------+
; Multiplexer Restructuring Statistics (Restructuring Performed)                                                                                                                                           ;
+--------------------+-----------+---------------+----------------------+------------------------+------------+--------------------------------------------------------------------------------------------+
; Multiplexer Inputs ; Bus Width ; Baseline Area ; Area if Restructured ; Saving if Restructured ; Registered ; Example Multiplexer Output                                                                 ;
+--------------------+-----------+---------------+----------------------+------------------------+------------+--------------------------------------------------------------------------------------------+
; 3:1                ; 7 bits    ; 14 LEs        ; 14 LEs               ; 0 LEs                  ; Yes        ; |de1_soc_ccsds_top|ldpc_decoder_top:decoder|cnu:cnu_inst|rmin2_s2[1]                       ;
; 3:1                ; 7 bits    ; 14 LEs        ; 14 LEs               ; 0 LEs                  ; Yes        ; |de1_soc_ccsds_top|ldpc_decoder_top:decoder|cnu:cnu_inst|lmin2_s2[5]                       ;
; 4:1                ; 9 bits    ; 18 LEs        ; 0 LEs                ; 18 LEs                 ; Yes        ; |de1_soc_ccsds_top|ldpc_decoder_top:decoder|readout_addr[8]                                ;
; 4:1                ; 8 bits    ; 16 LEs        ; 16 LEs               ; 0 LEs                  ; Yes        ; |de1_soc_ccsds_top|ldpc_decoder_top:decoder|cnu:cnu_inst|min2_s3[2]                        ;
; 5:1                ; 6 bits    ; 18 LEs        ; 6 LEs                ; 12 LEs                 ; Yes        ; |de1_soc_ccsds_top|ldpc_decoder_top:decoder|iteration_controller:ctrl_inst|iter_count[1]   ;
; 5:1                ; 11 bits   ; 33 LEs        ; 22 LEs               ; 11 LEs                 ; Yes        ; |de1_soc_ccsds_top|ldpc_decoder_top:decoder|iteration_controller:ctrl_inst|vc_wr_addr[8]   ;
; 6:1                ; 22 bits   ; 88 LEs        ; 0 LEs                ; 88 LEs                 ; Yes        ; |de1_soc_ccsds_top|ldpc_decoder_top:decoder|iteration_controller:ctrl_inst|init_addr_d1[2] ;
; 6:1                ; 11 bits   ; 44 LEs        ; 0 LEs                ; 44 LEs                 ; Yes        ; |de1_soc_ccsds_top|ldpc_decoder_top:decoder|iteration_controller:ctrl_inst|vn_edge_base[8] ;
; 6:1                ; 9 bits    ; 36 LEs        ; 0 LEs                ; 36 LEs                 ; Yes        ; |de1_soc_ccsds_top|ldpc_decoder_top:decoder|iteration_controller:ctrl_inst|vn_index[7]     ;
; 6:1                ; 3 bits    ; 12 LEs        ; 6 LEs                ; 6 LEs                  ; Yes        ; |de1_soc_ccsds_top|ldpc_decoder_top:decoder|iteration_controller:ctrl_inst|vn_slot[0]      ;
; 6:1                ; 9 bits    ; 36 LEs        ; 0 LEs                ; 36 LEs                 ; Yes        ; |de1_soc_ccsds_top|ldpc_decoder_top:decoder|iteration_controller:ctrl_inst|llr_rd_addr[0]  ;
; 6:1                ; 11 bits   ; 44 LEs        ; 0 LEs                ; 44 LEs                 ; Yes        ; |de1_soc_ccsds_top|ldpc_decoder_top:decoder|iteration_controller:ctrl_inst|init_addr_d2[7] ;
; 7:1                ; 11 bits   ; 44 LEs        ; 0 LEs                ; 44 LEs                 ; Yes        ; |de1_soc_ccsds_top|ldpc_decoder_top:decoder|iteration_controller:ctrl_inst|vn_rom_addr[2]  ;
; 7:1                ; 11 bits   ; 44 LEs        ; 22 LEs               ; 22 LEs                 ; Yes        ; |de1_soc_ccsds_top|ldpc_decoder_top:decoder|iteration_controller:ctrl_inst|cv_wr_addr[9]   ;
; 12:1               ; 8 bits    ; 64 LEs        ; 40 LEs               ; 24 LEs                 ; Yes        ; |de1_soc_ccsds_top|ldpc_decoder_top:decoder|iteration_controller:ctrl_inst|cv_wr_data[0]   ;
; 9:1                ; 8 bits    ; 48 LEs        ; 0 LEs                ; 48 LEs                 ; Yes        ; |de1_soc_ccsds_top|ldpc_decoder_top:decoder|iteration_controller:ctrl_inst|cn_index[0]     ;
; 10:1               ; 3 bits    ; 18 LEs        ; 9 LEs                ; 9 LEs                  ; Yes        ; |de1_soc_ccsds_top|ldpc_decoder_top:decoder|iteration_controller:ctrl_inst|cn_slot[2]      ;
; 3:1                ; 3 bits    ; 6 LEs         ; 6 LEs                ; 0 LEs                  ; No         ; |de1_soc_ccsds_top|top_state                                                               ;
; 3:1                ; 8 bits    ; 16 LEs        ; 16 LEs               ; 0 LEs                  ; No         ; |de1_soc_ccsds_top|ldpc_decoder_top:decoder|cnu:cnu_inst|c2_rmin2                          ;
; 3:1                ; 8 bits    ; 16 LEs        ; 16 LEs               ; 0 LEs                  ; No         ; |de1_soc_ccsds_top|ldpc_decoder_top:decoder|cnu:cnu_inst|c2_rmin2                          ;
; 3:1                ; 8 bits    ; 16 LEs        ; 16 LEs               ; 0 LEs                  ; No         ; |de1_soc_ccsds_top|ldpc_decoder_top:decoder|cnu:cnu_inst|c2_lmin2                          ;
; 3:1                ; 8 bits    ; 16 LEs        ; 16 LEs               ; 0 LEs                  ; No         ; |de1_soc_ccsds_top|ldpc_decoder_top:decoder|cnu:cnu_inst|c2_lmin2                          ;
; 5:1                ; 3 bits    ; 9 LEs         ; 6 LEs                ; 3 LEs                  ; No         ; |de1_soc_ccsds_top|ldpc_decoder_top:decoder|iteration_controller:ctrl_inst|Selector165     ;
; 5:1                ; 3 bits    ; 9 LEs         ; 6 LEs                ; 3 LEs                  ; No         ; |de1_soc_ccsds_top|ldpc_decoder_top:decoder|iteration_controller:ctrl_inst|Selector196     ;
; 14:1               ; 2 bits    ; 18 LEs        ; 8 LEs                ; 10 LEs                 ; No         ; |de1_soc_ccsds_top|ldpc_decoder_top:decoder|iteration_controller:ctrl_inst|Selector63      ;
; 23:1               ; 7 bits    ; 105 LEs       ; 98 LEs               ; 7 LEs                  ; No         ; |de1_soc_ccsds_top|ldpc_decoder_top:decoder|iteration_controller:ctrl_inst|Mux9            ;
+--------------------+-----------+---------------+----------------------+------------------------+------------+--------------------------------------------------------------------------------------------+


+-------------------------------------------------------------+
; Source assignments for Top-level Entity: |de1_soc_ccsds_top ;
+-------------------+-------+------+--------------------------+
; Assignment        ; Value ; From ; To                       ;
+-------------------+-------+------+--------------------------+
; PRESERVE_REGISTER ; on    ; -    ; dec_shift[7]             ;
; PRESERVE_REGISTER ; on    ; -    ; dec_shift[6]             ;
; PRESERVE_REGISTER ; on    ; -    ; dec_shift[5]             ;
; PRESERVE_REGISTER ; on    ; -    ; dec_shift[4]             ;
; PRESERVE_REGISTER ; on    ; -    ; dec_shift[3]             ;
; PRESERVE_REGISTER ; on    ; -    ; dec_shift[2]             ;
; PRESERVE_REGISTER ; on    ; -    ; dec_shift[1]             ;
; PRESERVE_REGISTER ; on    ; -    ; dec_shift[0]             ;
; PRESERVE_REGISTER ; on    ; -    ; dec_anchor               ;
+-------------------+-------+------+--------------------------+


+--------------------------------------------------------------------------------------------------------------------------------------------+
; Source assignments for ldpc_decoder_top:decoder|iteration_controller:ctrl_inst|altsyncram:cn_edge_ids_rtl_0|altsyncram_qvm1:auto_generated ;
+---------------------------------+--------------------+------+------------------------------------------------------------------------------+
; Assignment                      ; Value              ; From ; To                                                                           ;
+---------------------------------+--------------------+------+------------------------------------------------------------------------------+
; OPTIMIZE_POWER_DURING_SYNTHESIS ; NORMAL_COMPILATION ; -    ; -                                                                            ;
+---------------------------------+--------------------+------+------------------------------------------------------------------------------+


+--------------------------------------------------------------------------------------------------------------------------------------------+
; Source assignments for ldpc_decoder_top:decoder|iteration_controller:ctrl_inst|altsyncram:vn_edge_ids_rtl_0|altsyncram_kvm1:auto_generated ;
+---------------------------------+--------------------+------+------------------------------------------------------------------------------+
; Assignment                      ; Value              ; From ; To                                                                           ;
+---------------------------------+--------------------+------+------------------------------------------------------------------------------+
; OPTIMIZE_POWER_DURING_SYNTHESIS ; NORMAL_COMPILATION ; -    ; -                                                                            ;
+---------------------------------+--------------------+------+------------------------------------------------------------------------------+


+--------------------------------------------------------------------------------------------------------------------------------+
; Source assignments for ldpc_decoder_top:decoder|vn_degree_rom:deg_rom_inst|altsyncram:mem_rtl_0|altsyncram_87g1:auto_generated ;
+---------------------------------+--------------------+------+------------------------------------------------------------------+
; Assignment                      ; Value              ; From ; To                                                               ;
+---------------------------------+--------------------+------+------------------------------------------------------------------+
; OPTIMIZE_POWER_DURING_SYNTHESIS ; NORMAL_COMPILATION ; -    ; -                                                                ;
+---------------------------------+--------------------+------+------------------------------------------------------------------+


+------------------------------------------------------------------------------------------------------------------------+
; Source assignments for ldpc_decoder_top:decoder|vn_rom:vn_rom_inst|altsyncram:mem_rtl_0|altsyncram_4kf1:auto_generated ;
+---------------------------------+--------------------+------+----------------------------------------------------------+
; Assignment                      ; Value              ; From ; To                                                       ;
+---------------------------------+--------------------+------+----------------------------------------------------------+
; OPTIMIZE_POWER_DURING_SYNTHESIS ; NORMAL_COMPILATION ; -    ; -                                                        ;
+---------------------------------+--------------------+------+----------------------------------------------------------+


+------------------------------------------------------------------------------------------------------------------------+
; Source assignments for ldpc_decoder_top:decoder|cn_rom:cn_rom_inst|altsyncram:mem_rtl_0|altsyncram_6if1:auto_generated ;
+---------------------------------+--------------------+------+----------------------------------------------------------+
; Assignment                      ; Value              ; From ; To                                                       ;
+---------------------------------+--------------------+------+----------------------------------------------------------+
; OPTIMIZE_POWER_DURING_SYNTHESIS ; NORMAL_COMPILATION ; -    ; -                                                        ;
+---------------------------------+--------------------+------+----------------------------------------------------------+


+--------------------------------------------------------------------------------------------------------------------------------------------+
; Source assignments for ldpc_decoder_top:decoder|edge_message_bank:cv_bank_inst|altsyncram:edge_memory_rtl_0|altsyncram_m6p1:auto_generated ;
+---------------------------------+--------------------+------+------------------------------------------------------------------------------+
; Assignment                      ; Value              ; From ; To                                                                           ;
+---------------------------------+--------------------+------+------------------------------------------------------------------------------+
; OPTIMIZE_POWER_DURING_SYNTHESIS ; NORMAL_COMPILATION ; -    ; -                                                                            ;
+---------------------------------+--------------------+------+------------------------------------------------------------------------------+


+--------------------------------------------------------------------------------------------------------------------------------------------+
; Source assignments for ldpc_decoder_top:decoder|edge_message_bank:vc_bank_inst|altsyncram:edge_memory_rtl_0|altsyncram_m6p1:auto_generated ;
+---------------------------------+--------------------+------+------------------------------------------------------------------------------+
; Assignment                      ; Value              ; From ; To                                                                           ;
+---------------------------------+--------------------+------+------------------------------------------------------------------------------+
; OPTIMIZE_POWER_DURING_SYNTHESIS ; NORMAL_COMPILATION ; -    ; -                                                                            ;
+---------------------------------+--------------------+------+------------------------------------------------------------------------------+


+--------------------------------------------------------------------------------------------------------------------------------+
; Source assignments for ldpc_decoder_top:decoder|llr_bank:llr_bank_inst|altsyncram:llr_mem_rtl_0|altsyncram_afm1:auto_generated ;
+---------------------------------+--------------------+------+------------------------------------------------------------------+
; Assignment                      ; Value              ; From ; To                                                               ;
+---------------------------------+--------------------+------+------------------------------------------------------------------+
; OPTIMIZE_POWER_DURING_SYNTHESIS ; NORMAL_COMPILATION ; -    ; -                                                                ;
+---------------------------------+--------------------+------+------------------------------------------------------------------+


+-----------------------------------------------------------------------+
; Parameter Settings for User Entity Instance: ldpc_decoder_top:decoder ;
+----------------+-------+----------------------------------------------+
; Parameter Name ; Value ; Type                                         ;
+----------------+-------+----------------------------------------------+
; WIDTH          ; 8     ; Signed Integer                               ;
; NUM_VN         ; 512   ; Signed Integer                               ;
; NUM_CN         ; 256   ; Signed Integer                               ;
; NUM_EDGES      ; 2048  ; Signed Integer                               ;
; ROW_WEIGHT     ; 8     ; Signed Integer                               ;
; MAX_VN_DEG     ; 5     ; Signed Integer                               ;
; MAX_ITER       ; 50    ; Signed Integer                               ;
+----------------+-------+----------------------------------------------+
Note: In order to hide this table in the UI and the text report file, please set the "Show Parameter Settings in Synthesis Report" option in "Analysis and Synthesis Settings -> More Settings" to "Off".


+----------------------------------------------------------------------------------------------+
; Parameter Settings for User Entity Instance: ldpc_decoder_top:decoder|llr_bank:llr_bank_inst ;
+----------------+-------+---------------------------------------------------------------------+
; Parameter Name ; Value ; Type                                                                ;
+----------------+-------+---------------------------------------------------------------------+
; WIDTH          ; 8     ; Signed Integer                                                      ;
; NUM_VARIABLES  ; 512   ; Signed Integer                                                      ;
; ADDR_WIDTH     ; 9     ; Signed Integer                                                      ;
+----------------+-------+---------------------------------------------------------------------+
Note: In order to hide this table in the UI and the text report file, please set the "Show Parameter Settings in Synthesis Report" option in "Analysis and Synthesis Settings -> More Settings" to "Off".


+------------------------------------------------------------------------------------------------------+
; Parameter Settings for User Entity Instance: ldpc_decoder_top:decoder|edge_message_bank:vc_bank_inst ;
+----------------+-------+-----------------------------------------------------------------------------+
; Parameter Name ; Value ; Type                                                                        ;
+----------------+-------+-----------------------------------------------------------------------------+
; WIDTH          ; 8     ; Signed Integer                                                              ;
; NUM_EDGES      ; 2048  ; Signed Integer                                                              ;
; ADDR_WIDTH     ; 11    ; Signed Integer                                                              ;
+----------------+-------+-----------------------------------------------------------------------------+
Note: In order to hide this table in the UI and the text report file, please set the "Show Parameter Settings in Synthesis Report" option in "Analysis and Synthesis Settings -> More Settings" to "Off".


+------------------------------------------------------------------------------------------------------+
; Parameter Settings for User Entity Instance: ldpc_decoder_top:decoder|edge_message_bank:cv_bank_inst ;
+----------------+-------+-----------------------------------------------------------------------------+
; Parameter Name ; Value ; Type                                                                        ;
+----------------+-------+-----------------------------------------------------------------------------+
; WIDTH          ; 8     ; Signed Integer                                                              ;
; NUM_EDGES      ; 2048  ; Signed Integer                                                              ;
; ADDR_WIDTH     ; 11    ; Signed Integer                                                              ;
+----------------+-------+-----------------------------------------------------------------------------+
Note: In order to hide this table in the UI and the text report file, please set the "Show Parameter Settings in Synthesis Report" option in "Analysis and Synthesis Settings -> More Settings" to "Off".


+------------------------------------------------------------------------------------------+
; Parameter Settings for User Entity Instance: ldpc_decoder_top:decoder|cn_rom:cn_rom_inst ;
+----------------+-------+-----------------------------------------------------------------+
; Parameter Name ; Value ; Type                                                            ;
+----------------+-------+-----------------------------------------------------------------+
; DEPTH          ; 2048  ; Signed Integer                                                  ;
; ADDR_WIDTH     ; 11    ; Signed Integer                                                  ;
; WIDTH          ; 20    ; Signed Integer                                                  ;
+----------------+-------+-----------------------------------------------------------------+
Note: In order to hide this table in the UI and the text report file, please set the "Show Parameter Settings in Synthesis Report" option in "Analysis and Synthesis Settings -> More Settings" to "Off".


+------------------------------------------------------------------------------------------+
; Parameter Settings for User Entity Instance: ldpc_decoder_top:decoder|vn_rom:vn_rom_inst ;
+----------------+-------+-----------------------------------------------------------------+
; Parameter Name ; Value ; Type                                                            ;
+----------------+-------+-----------------------------------------------------------------+
; DEPTH          ; 2048  ; Signed Integer                                                  ;
; ADDR_WIDTH     ; 11    ; Signed Integer                                                  ;
; WIDTH          ; 20    ; Signed Integer                                                  ;
+----------------+-------+-----------------------------------------------------------------+
Note: In order to hide this table in the UI and the text report file, please set the "Show Parameter Settings in Synthesis Report" option in "Analysis and Synthesis Settings -> More Settings" to "Off".


+--------------------------------------------------------------------------------------------------+
; Parameter Settings for User Entity Instance: ldpc_decoder_top:decoder|vn_degree_rom:deg_rom_inst ;
+----------------+-------+-------------------------------------------------------------------------+
; Parameter Name ; Value ; Type                                                                    ;
+----------------+-------+-------------------------------------------------------------------------+
; DEPTH          ; 512   ; Signed Integer                                                          ;
; ADDR_WIDTH     ; 9     ; Signed Integer                                                          ;
; WIDTH          ; 4     ; Signed Integer                                                          ;
+----------------+-------+-------------------------------------------------------------------------+
Note: In order to hide this table in the UI and the text report file, please set the "Show Parameter Settings in Synthesis Report" option in "Analysis and Synthesis Settings -> More Settings" to "Off".


+------------------------------------------------------------------------------------+
; Parameter Settings for User Entity Instance: ldpc_decoder_top:decoder|cnu:cnu_inst ;
+----------------+-------+-----------------------------------------------------------+
; Parameter Name ; Value ; Type                                                      ;
+----------------+-------+-----------------------------------------------------------+
; DEGREE         ; 8     ; Signed Integer                                            ;
; WIDTH          ; 8     ; Signed Integer                                            ;
+----------------+-------+-----------------------------------------------------------+
Note: In order to hide this table in the UI and the text report file, please set the "Show Parameter Settings in Synthesis Report" option in "Analysis and Synthesis Settings -> More Settings" to "Off".


+------------------------------------------------------------------------------------+
; Parameter Settings for User Entity Instance: ldpc_decoder_top:decoder|vnu:vnu_inst ;
+----------------+-------+-----------------------------------------------------------+
; Parameter Name ; Value ; Type                                                      ;
+----------------+-------+-----------------------------------------------------------+
; DEGREE         ; 5     ; Signed Integer                                            ;
; WIDTH          ; 8     ; Signed Integer                                            ;
+----------------+-------+-----------------------------------------------------------+
Note: In order to hide this table in the UI and the text report file, please set the "Show Parameter Settings in Synthesis Report" option in "Analysis and Synthesis Settings -> More Settings" to "Off".


+------------------------------------------------------------------------------------------------------+
; Parameter Settings for User Entity Instance: ldpc_decoder_top:decoder|syndrome_checker:syndrome_inst ;
+-----------------+-------+----------------------------------------------------------------------------+
; Parameter Name  ; Value ; Type                                                                       ;
+-----------------+-------+----------------------------------------------------------------------------+
; NUM_CHECK_NODES ; 256   ; Signed Integer                                                             ;
; MAX_ROW_WEIGHT  ; 8     ; Signed Integer                                                             ;
; VN_WIDTH        ; 10    ; Signed Integer                                                             ;
+-----------------+-------+----------------------------------------------------------------------------+
Note: In order to hide this table in the UI and the text report file, please set the "Show Parameter Settings in Synthesis Report" option in "Analysis and Synthesis Settings -> More Settings" to "Off".


+------------------------------------------------------------------------------------------------------+
; Parameter Settings for User Entity Instance: ldpc_decoder_top:decoder|iteration_controller:ctrl_inst ;
+----------------+-------+-----------------------------------------------------------------------------+
; Parameter Name ; Value ; Type                                                                        ;
+----------------+-------+-----------------------------------------------------------------------------+
; NUM_VN         ; 512   ; Signed Integer                                                              ;
; NUM_CN         ; 256   ; Signed Integer                                                              ;
; NUM_EDGES      ; 2048  ; Signed Integer                                                              ;
; ROW_WEIGHT     ; 8     ; Signed Integer                                                              ;
; MAX_VN_DEG     ; 5     ; Signed Integer                                                              ;
; MSG_WIDTH      ; 8     ; Signed Integer                                                              ;
; MAX_ITER       ; 50    ; Signed Integer                                                              ;
+----------------+-------+-----------------------------------------------------------------------------+
Note: In order to hide this table in the UI and the text report file, please set the "Show Parameter Settings in Synthesis Report" option in "Analysis and Synthesis Settings -> More Settings" to "Off".


+---------------------------------------------------------------------------------------------------------------------------------------+
; Parameter Settings for Inferred Entity Instance: ldpc_decoder_top:decoder|iteration_controller:ctrl_inst|altsyncram:cn_edge_ids_rtl_0 ;
+------------------------------------+----------------------+---------------------------------------------------------------------------+
; Parameter Name                     ; Value                ; Type                                                                      ;
+------------------------------------+----------------------+---------------------------------------------------------------------------+
; BYTE_SIZE_BLOCK                    ; 8                    ; Untyped                                                                   ;
; AUTO_CARRY_CHAINS                  ; ON                   ; AUTO_CARRY                                                                ;
; IGNORE_CARRY_BUFFERS               ; OFF                  ; IGNORE_CARRY                                                              ;
; AUTO_CASCADE_CHAINS                ; ON                   ; AUTO_CASCADE                                                              ;
; IGNORE_CASCADE_BUFFERS             ; OFF                  ; IGNORE_CASCADE                                                            ;
; WIDTH_BYTEENA                      ; 1                    ; Untyped                                                                   ;
; OPERATION_MODE                     ; DUAL_PORT            ; Untyped                                                                   ;
; WIDTH_A                            ; 11                   ; Untyped                                                                   ;
; WIDTHAD_A                          ; 3                    ; Untyped                                                                   ;
; NUMWORDS_A                         ; 8                    ; Untyped                                                                   ;
; OUTDATA_REG_A                      ; UNREGISTERED         ; Untyped                                                                   ;
; ADDRESS_ACLR_A                     ; NONE                 ; Untyped                                                                   ;
; OUTDATA_ACLR_A                     ; NONE                 ; Untyped                                                                   ;
; WRCONTROL_ACLR_A                   ; NONE                 ; Untyped                                                                   ;
; INDATA_ACLR_A                      ; NONE                 ; Untyped                                                                   ;
; BYTEENA_ACLR_A                     ; NONE                 ; Untyped                                                                   ;
; WIDTH_B                            ; 11                   ; Untyped                                                                   ;
; WIDTHAD_B                          ; 3                    ; Untyped                                                                   ;
; NUMWORDS_B                         ; 8                    ; Untyped                                                                   ;
; INDATA_REG_B                       ; CLOCK1               ; Untyped                                                                   ;
; WRCONTROL_WRADDRESS_REG_B          ; CLOCK1               ; Untyped                                                                   ;
; RDCONTROL_REG_B                    ; CLOCK1               ; Untyped                                                                   ;
; ADDRESS_REG_B                      ; CLOCK0               ; Untyped                                                                   ;
; OUTDATA_REG_B                      ; UNREGISTERED         ; Untyped                                                                   ;
; BYTEENA_REG_B                      ; CLOCK1               ; Untyped                                                                   ;
; INDATA_ACLR_B                      ; NONE                 ; Untyped                                                                   ;
; WRCONTROL_ACLR_B                   ; NONE                 ; Untyped                                                                   ;
; ADDRESS_ACLR_B                     ; NONE                 ; Untyped                                                                   ;
; OUTDATA_ACLR_B                     ; NONE                 ; Untyped                                                                   ;
; RDCONTROL_ACLR_B                   ; NONE                 ; Untyped                                                                   ;
; BYTEENA_ACLR_B                     ; NONE                 ; Untyped                                                                   ;
; WIDTH_BYTEENA_A                    ; 1                    ; Untyped                                                                   ;
; WIDTH_BYTEENA_B                    ; 1                    ; Untyped                                                                   ;
; RAM_BLOCK_TYPE                     ; AUTO                 ; Untyped                                                                   ;
; BYTE_SIZE                          ; 8                    ; Untyped                                                                   ;
; READ_DURING_WRITE_MODE_MIXED_PORTS ; OLD_DATA             ; Untyped                                                                   ;
; READ_DURING_WRITE_MODE_PORT_A      ; NEW_DATA_NO_NBE_READ ; Untyped                                                                   ;
; READ_DURING_WRITE_MODE_PORT_B      ; NEW_DATA_NO_NBE_READ ; Untyped                                                                   ;
; INIT_FILE                          ; UNUSED               ; Untyped                                                                   ;
; INIT_FILE_LAYOUT                   ; PORT_A               ; Untyped                                                                   ;
; MAXIMUM_DEPTH                      ; 0                    ; Untyped                                                                   ;
; CLOCK_ENABLE_INPUT_A               ; NORMAL               ; Untyped                                                                   ;
; CLOCK_ENABLE_INPUT_B               ; NORMAL               ; Untyped                                                                   ;
; CLOCK_ENABLE_OUTPUT_A              ; NORMAL               ; Untyped                                                                   ;
; CLOCK_ENABLE_OUTPUT_B              ; NORMAL               ; Untyped                                                                   ;
; CLOCK_ENABLE_CORE_A                ; USE_INPUT_CLKEN      ; Untyped                                                                   ;
; CLOCK_ENABLE_CORE_B                ; USE_INPUT_CLKEN      ; Untyped                                                                   ;
; ENABLE_ECC                         ; FALSE                ; Untyped                                                                   ;
; ECC_PIPELINE_STAGE_ENABLED         ; FALSE                ; Untyped                                                                   ;
; WIDTH_ECCSTATUS                    ; 3                    ; Untyped                                                                   ;
; DEVICE_FAMILY                      ; Cyclone V            ; Untyped                                                                   ;
; CBXI_PARAMETER                     ; altsyncram_qvm1      ; Untyped                                                                   ;
+------------------------------------+----------------------+---------------------------------------------------------------------------+
Note: In order to hide this table in the UI and the text report file, please set the "Show Parameter Settings in Synthesis Report" option in "Analysis and Synthesis Settings -> More Settings" to "Off".


+---------------------------------------------------------------------------------------------------------------------------------------+
; Parameter Settings for Inferred Entity Instance: ldpc_decoder_top:decoder|iteration_controller:ctrl_inst|altsyncram:vn_edge_ids_rtl_0 ;
+------------------------------------+----------------------+---------------------------------------------------------------------------+
; Parameter Name                     ; Value                ; Type                                                                      ;
+------------------------------------+----------------------+---------------------------------------------------------------------------+
; BYTE_SIZE_BLOCK                    ; 8                    ; Untyped                                                                   ;
; AUTO_CARRY_CHAINS                  ; ON                   ; AUTO_CARRY                                                                ;
; IGNORE_CARRY_BUFFERS               ; OFF                  ; IGNORE_CARRY                                                              ;
; AUTO_CASCADE_CHAINS                ; ON                   ; AUTO_CASCADE                                                              ;
; IGNORE_CASCADE_BUFFERS             ; OFF                  ; IGNORE_CASCADE                                                            ;
; WIDTH_BYTEENA                      ; 1                    ; Untyped                                                                   ;
; OPERATION_MODE                     ; DUAL_PORT            ; Untyped                                                                   ;
; WIDTH_A                            ; 11                   ; Untyped                                                                   ;
; WIDTHAD_A                          ; 3                    ; Untyped                                                                   ;
; NUMWORDS_A                         ; 5                    ; Untyped                                                                   ;
; OUTDATA_REG_A                      ; UNREGISTERED         ; Untyped                                                                   ;
; ADDRESS_ACLR_A                     ; NONE                 ; Untyped                                                                   ;
; OUTDATA_ACLR_A                     ; NONE                 ; Untyped                                                                   ;
; WRCONTROL_ACLR_A                   ; NONE                 ; Untyped                                                                   ;
; INDATA_ACLR_A                      ; NONE                 ; Untyped                                                                   ;
; BYTEENA_ACLR_A                     ; NONE                 ; Untyped                                                                   ;
; WIDTH_B                            ; 11                   ; Untyped                                                                   ;
; WIDTHAD_B                          ; 3                    ; Untyped                                                                   ;
; NUMWORDS_B                         ; 5                    ; Untyped                                                                   ;
; INDATA_REG_B                       ; CLOCK1               ; Untyped                                                                   ;
; WRCONTROL_WRADDRESS_REG_B          ; CLOCK1               ; Untyped                                                                   ;
; RDCONTROL_REG_B                    ; CLOCK1               ; Untyped                                                                   ;
; ADDRESS_REG_B                      ; CLOCK0               ; Untyped                                                                   ;
; OUTDATA_REG_B                      ; UNREGISTERED         ; Untyped                                                                   ;
; BYTEENA_REG_B                      ; CLOCK1               ; Untyped                                                                   ;
; INDATA_ACLR_B                      ; NONE                 ; Untyped                                                                   ;
; WRCONTROL_ACLR_B                   ; NONE                 ; Untyped                                                                   ;
; ADDRESS_ACLR_B                     ; NONE                 ; Untyped                                                                   ;
; OUTDATA_ACLR_B                     ; NONE                 ; Untyped                                                                   ;
; RDCONTROL_ACLR_B                   ; NONE                 ; Untyped                                                                   ;
; BYTEENA_ACLR_B                     ; NONE                 ; Untyped                                                                   ;
; WIDTH_BYTEENA_A                    ; 1                    ; Untyped                                                                   ;
; WIDTH_BYTEENA_B                    ; 1                    ; Untyped                                                                   ;
; RAM_BLOCK_TYPE                     ; AUTO                 ; Untyped                                                                   ;
; BYTE_SIZE                          ; 8                    ; Untyped                                                                   ;
; READ_DURING_WRITE_MODE_MIXED_PORTS ; OLD_DATA             ; Untyped                                                                   ;
; READ_DURING_WRITE_MODE_PORT_A      ; NEW_DATA_NO_NBE_READ ; Untyped                                                                   ;
; READ_DURING_WRITE_MODE_PORT_B      ; NEW_DATA_NO_NBE_READ ; Untyped                                                                   ;
; INIT_FILE                          ; UNUSED               ; Untyped                                                                   ;
; INIT_FILE_LAYOUT                   ; PORT_A               ; Untyped                                                                   ;
; MAXIMUM_DEPTH                      ; 0                    ; Untyped                                                                   ;
; CLOCK_ENABLE_INPUT_A               ; NORMAL               ; Untyped                                                                   ;
; CLOCK_ENABLE_INPUT_B               ; NORMAL               ; Untyped                                                                   ;
; CLOCK_ENABLE_OUTPUT_A              ; NORMAL               ; Untyped                                                                   ;
; CLOCK_ENABLE_OUTPUT_B              ; NORMAL               ; Untyped                                                                   ;
; CLOCK_ENABLE_CORE_A                ; USE_INPUT_CLKEN      ; Untyped                                                                   ;
; CLOCK_ENABLE_CORE_B                ; USE_INPUT_CLKEN      ; Untyped                                                                   ;
; ENABLE_ECC                         ; FALSE                ; Untyped                                                                   ;
; ECC_PIPELINE_STAGE_ENABLED         ; FALSE                ; Untyped                                                                   ;
; WIDTH_ECCSTATUS                    ; 3                    ; Untyped                                                                   ;
; DEVICE_FAMILY                      ; Cyclone V            ; Untyped                                                                   ;
; CBXI_PARAMETER                     ; altsyncram_kvm1      ; Untyped                                                                   ;
+------------------------------------+----------------------+---------------------------------------------------------------------------+
Note: In order to hide this table in the UI and the text report file, please set the "Show Parameter Settings in Synthesis Report" option in "Analysis and Synthesis Settings -> More Settings" to "Off".


+---------------------------------------------------------------------------------------------------------------------------+
; Parameter Settings for Inferred Entity Instance: ldpc_decoder_top:decoder|vn_degree_rom:deg_rom_inst|altsyncram:mem_rtl_0 ;
+------------------------------------+----------------------------------------------------+---------------------------------+
; Parameter Name                     ; Value                                              ; Type                            ;
+------------------------------------+----------------------------------------------------+---------------------------------+
; BYTE_SIZE_BLOCK                    ; 8                                                  ; Untyped                         ;
; AUTO_CARRY_CHAINS                  ; ON                                                 ; AUTO_CARRY                      ;
; IGNORE_CARRY_BUFFERS               ; OFF                                                ; IGNORE_CARRY                    ;
; AUTO_CASCADE_CHAINS                ; ON                                                 ; AUTO_CASCADE                    ;
; IGNORE_CASCADE_BUFFERS             ; OFF                                                ; IGNORE_CASCADE                  ;
; WIDTH_BYTEENA                      ; 1                                                  ; Untyped                         ;
; OPERATION_MODE                     ; ROM                                                ; Untyped                         ;
; WIDTH_A                            ; 4                                                  ; Untyped                         ;
; WIDTHAD_A                          ; 9                                                  ; Untyped                         ;
; NUMWORDS_A                         ; 512                                                ; Untyped                         ;
; OUTDATA_REG_A                      ; UNREGISTERED                                       ; Untyped                         ;
; ADDRESS_ACLR_A                     ; NONE                                               ; Untyped                         ;
; OUTDATA_ACLR_A                     ; NONE                                               ; Untyped                         ;
; WRCONTROL_ACLR_A                   ; NONE                                               ; Untyped                         ;
; INDATA_ACLR_A                      ; NONE                                               ; Untyped                         ;
; BYTEENA_ACLR_A                     ; NONE                                               ; Untyped                         ;
; WIDTH_B                            ; 1                                                  ; Untyped                         ;
; WIDTHAD_B                          ; 1                                                  ; Untyped                         ;
; NUMWORDS_B                         ; 1                                                  ; Untyped                         ;
; INDATA_REG_B                       ; CLOCK1                                             ; Untyped                         ;
; WRCONTROL_WRADDRESS_REG_B          ; CLOCK1                                             ; Untyped                         ;
; RDCONTROL_REG_B                    ; CLOCK1                                             ; Untyped                         ;
; ADDRESS_REG_B                      ; CLOCK1                                             ; Untyped                         ;
; OUTDATA_REG_B                      ; UNREGISTERED                                       ; Untyped                         ;
; BYTEENA_REG_B                      ; CLOCK1                                             ; Untyped                         ;
; INDATA_ACLR_B                      ; NONE                                               ; Untyped                         ;
; WRCONTROL_ACLR_B                   ; NONE                                               ; Untyped                         ;
; ADDRESS_ACLR_B                     ; NONE                                               ; Untyped                         ;
; OUTDATA_ACLR_B                     ; NONE                                               ; Untyped                         ;
; RDCONTROL_ACLR_B                   ; NONE                                               ; Untyped                         ;
; BYTEENA_ACLR_B                     ; NONE                                               ; Untyped                         ;
; WIDTH_BYTEENA_A                    ; 1                                                  ; Untyped                         ;
; WIDTH_BYTEENA_B                    ; 1                                                  ; Untyped                         ;
; RAM_BLOCK_TYPE                     ; M10K                                               ; Untyped                         ;
; BYTE_SIZE                          ; 8                                                  ; Untyped                         ;
; READ_DURING_WRITE_MODE_MIXED_PORTS ; DONT_CARE                                          ; Untyped                         ;
; READ_DURING_WRITE_MODE_PORT_A      ; NEW_DATA_NO_NBE_READ                               ; Untyped                         ;
; READ_DURING_WRITE_MODE_PORT_B      ; NEW_DATA_NO_NBE_READ                               ; Untyped                         ;
; INIT_FILE                          ; db/cnu_project.ram0_vn_degree_rom_c5ce2bde.hdl.mif ; Untyped                         ;
; INIT_FILE_LAYOUT                   ; PORT_A                                             ; Untyped                         ;
; MAXIMUM_DEPTH                      ; 0                                                  ; Untyped                         ;
; CLOCK_ENABLE_INPUT_A               ; NORMAL                                             ; Untyped                         ;
; CLOCK_ENABLE_INPUT_B               ; NORMAL                                             ; Untyped                         ;
; CLOCK_ENABLE_OUTPUT_A              ; NORMAL                                             ; Untyped                         ;
; CLOCK_ENABLE_OUTPUT_B              ; NORMAL                                             ; Untyped                         ;
; CLOCK_ENABLE_CORE_A                ; USE_INPUT_CLKEN                                    ; Untyped                         ;
; CLOCK_ENABLE_CORE_B                ; USE_INPUT_CLKEN                                    ; Untyped                         ;
; ENABLE_ECC                         ; FALSE                                              ; Untyped                         ;
; ECC_PIPELINE_STAGE_ENABLED         ; FALSE                                              ; Untyped                         ;
; WIDTH_ECCSTATUS                    ; 3                                                  ; Untyped                         ;
; DEVICE_FAMILY                      ; Cyclone V                                          ; Untyped                         ;
; CBXI_PARAMETER                     ; altsyncram_87g1                                    ; Untyped                         ;
+------------------------------------+----------------------------------------------------+---------------------------------+
Note: In order to hide this table in the UI and the text report file, please set the "Show Parameter Settings in Synthesis Report" option in "Analysis and Synthesis Settings -> More Settings" to "Off".


+-------------------------------------------------------------------------------------------------------------------+
; Parameter Settings for Inferred Entity Instance: ldpc_decoder_top:decoder|vn_rom:vn_rom_inst|altsyncram:mem_rtl_0 ;
+------------------------------------+---------------------------------------------+--------------------------------+
; Parameter Name                     ; Value                                       ; Type                           ;
+------------------------------------+---------------------------------------------+--------------------------------+
; BYTE_SIZE_BLOCK                    ; 8                                           ; Untyped                        ;
; AUTO_CARRY_CHAINS                  ; ON                                          ; AUTO_CARRY                     ;
; IGNORE_CARRY_BUFFERS               ; OFF                                         ; IGNORE_CARRY                   ;
; AUTO_CASCADE_CHAINS                ; ON                                          ; AUTO_CASCADE                   ;
; IGNORE_CASCADE_BUFFERS             ; OFF                                         ; IGNORE_CASCADE                 ;
; WIDTH_BYTEENA                      ; 1                                           ; Untyped                        ;
; OPERATION_MODE                     ; ROM                                         ; Untyped                        ;
; WIDTH_A                            ; 20                                          ; Untyped                        ;
; WIDTHAD_A                          ; 11                                          ; Untyped                        ;
; NUMWORDS_A                         ; 2048                                        ; Untyped                        ;
; OUTDATA_REG_A                      ; UNREGISTERED                                ; Untyped                        ;
; ADDRESS_ACLR_A                     ; NONE                                        ; Untyped                        ;
; OUTDATA_ACLR_A                     ; NONE                                        ; Untyped                        ;
; WRCONTROL_ACLR_A                   ; NONE                                        ; Untyped                        ;
; INDATA_ACLR_A                      ; NONE                                        ; Untyped                        ;
; BYTEENA_ACLR_A                     ; NONE                                        ; Untyped                        ;
; WIDTH_B                            ; 1                                           ; Untyped                        ;
; WIDTHAD_B                          ; 1                                           ; Untyped                        ;
; NUMWORDS_B                         ; 1                                           ; Untyped                        ;
; INDATA_REG_B                       ; CLOCK1                                      ; Untyped                        ;
; WRCONTROL_WRADDRESS_REG_B          ; CLOCK1                                      ; Untyped                        ;
; RDCONTROL_REG_B                    ; CLOCK1                                      ; Untyped                        ;
; ADDRESS_REG_B                      ; CLOCK1                                      ; Untyped                        ;
; OUTDATA_REG_B                      ; UNREGISTERED                                ; Untyped                        ;
; BYTEENA_REG_B                      ; CLOCK1                                      ; Untyped                        ;
; INDATA_ACLR_B                      ; NONE                                        ; Untyped                        ;
; WRCONTROL_ACLR_B                   ; NONE                                        ; Untyped                        ;
; ADDRESS_ACLR_B                     ; NONE                                        ; Untyped                        ;
; OUTDATA_ACLR_B                     ; NONE                                        ; Untyped                        ;
; RDCONTROL_ACLR_B                   ; NONE                                        ; Untyped                        ;
; BYTEENA_ACLR_B                     ; NONE                                        ; Untyped                        ;
; WIDTH_BYTEENA_A                    ; 1                                           ; Untyped                        ;
; WIDTH_BYTEENA_B                    ; 1                                           ; Untyped                        ;
; RAM_BLOCK_TYPE                     ; M10K                                        ; Untyped                        ;
; BYTE_SIZE                          ; 8                                           ; Untyped                        ;
; READ_DURING_WRITE_MODE_MIXED_PORTS ; DONT_CARE                                   ; Untyped                        ;
; READ_DURING_WRITE_MODE_PORT_A      ; NEW_DATA_NO_NBE_READ                        ; Untyped                        ;
; READ_DURING_WRITE_MODE_PORT_B      ; NEW_DATA_NO_NBE_READ                        ; Untyped                        ;
; INIT_FILE                          ; db/cnu_project.ram0_vn_rom_9b35fefc.hdl.mif ; Untyped                        ;
; INIT_FILE_LAYOUT                   ; PORT_A                                      ; Untyped                        ;
; MAXIMUM_DEPTH                      ; 0                                           ; Untyped                        ;
; CLOCK_ENABLE_INPUT_A               ; NORMAL                                      ; Untyped                        ;
; CLOCK_ENABLE_INPUT_B               ; NORMAL                                      ; Untyped                        ;
; CLOCK_ENABLE_OUTPUT_A              ; NORMAL                                      ; Untyped                        ;
; CLOCK_ENABLE_OUTPUT_B              ; NORMAL                                      ; Untyped                        ;
; CLOCK_ENABLE_CORE_A                ; USE_INPUT_CLKEN                             ; Untyped                        ;
; CLOCK_ENABLE_CORE_B                ; USE_INPUT_CLKEN                             ; Untyped                        ;
; ENABLE_ECC                         ; FALSE                                       ; Untyped                        ;
; ECC_PIPELINE_STAGE_ENABLED         ; FALSE                                       ; Untyped                        ;
; WIDTH_ECCSTATUS                    ; 3                                           ; Untyped                        ;
; DEVICE_FAMILY                      ; Cyclone V                                   ; Untyped                        ;
; CBXI_PARAMETER                     ; altsyncram_4kf1                             ; Untyped                        ;
+------------------------------------+---------------------------------------------+--------------------------------+
Note: In order to hide this table in the UI and the text report file, please set the "Show Parameter Settings in Synthesis Report" option in "Analysis and Synthesis Settings -> More Settings" to "Off".


+-------------------------------------------------------------------------------------------------------------------+
; Parameter Settings for Inferred Entity Instance: ldpc_decoder_top:decoder|cn_rom:cn_rom_inst|altsyncram:mem_rtl_0 ;
+------------------------------------+---------------------------------------------+--------------------------------+
; Parameter Name                     ; Value                                       ; Type                           ;
+------------------------------------+---------------------------------------------+--------------------------------+
; BYTE_SIZE_BLOCK                    ; 8                                           ; Untyped                        ;
; AUTO_CARRY_CHAINS                  ; ON                                          ; AUTO_CARRY                     ;
; IGNORE_CARRY_BUFFERS               ; OFF                                         ; IGNORE_CARRY                   ;
; AUTO_CASCADE_CHAINS                ; ON                                          ; AUTO_CASCADE                   ;
; IGNORE_CASCADE_BUFFERS             ; OFF                                         ; IGNORE_CASCADE                 ;
; WIDTH_BYTEENA                      ; 1                                           ; Untyped                        ;
; OPERATION_MODE                     ; ROM                                         ; Untyped                        ;
; WIDTH_A                            ; 20                                          ; Untyped                        ;
; WIDTHAD_A                          ; 11                                          ; Untyped                        ;
; NUMWORDS_A                         ; 2048                                        ; Untyped                        ;
; OUTDATA_REG_A                      ; UNREGISTERED                                ; Untyped                        ;
; ADDRESS_ACLR_A                     ; NONE                                        ; Untyped                        ;
; OUTDATA_ACLR_A                     ; NONE                                        ; Untyped                        ;
; WRCONTROL_ACLR_A                   ; NONE                                        ; Untyped                        ;
; INDATA_ACLR_A                      ; NONE                                        ; Untyped                        ;
; BYTEENA_ACLR_A                     ; NONE                                        ; Untyped                        ;
; WIDTH_B                            ; 1                                           ; Untyped                        ;
; WIDTHAD_B                          ; 1                                           ; Untyped                        ;
; NUMWORDS_B                         ; 1                                           ; Untyped                        ;
; INDATA_REG_B                       ; CLOCK1                                      ; Untyped                        ;
; WRCONTROL_WRADDRESS_REG_B          ; CLOCK1                                      ; Untyped                        ;
; RDCONTROL_REG_B                    ; CLOCK1                                      ; Untyped                        ;
; ADDRESS_REG_B                      ; CLOCK1                                      ; Untyped                        ;
; OUTDATA_REG_B                      ; UNREGISTERED                                ; Untyped                        ;
; BYTEENA_REG_B                      ; CLOCK1                                      ; Untyped                        ;
; INDATA_ACLR_B                      ; NONE                                        ; Untyped                        ;
; WRCONTROL_ACLR_B                   ; NONE                                        ; Untyped                        ;
; ADDRESS_ACLR_B                     ; NONE                                        ; Untyped                        ;
; OUTDATA_ACLR_B                     ; NONE                                        ; Untyped                        ;
; RDCONTROL_ACLR_B                   ; NONE                                        ; Untyped                        ;
; BYTEENA_ACLR_B                     ; NONE                                        ; Untyped                        ;
; WIDTH_BYTEENA_A                    ; 1                                           ; Untyped                        ;
; WIDTH_BYTEENA_B                    ; 1                                           ; Untyped                        ;
; RAM_BLOCK_TYPE                     ; M10K                                        ; Untyped                        ;
; BYTE_SIZE                          ; 8                                           ; Untyped                        ;
; READ_DURING_WRITE_MODE_MIXED_PORTS ; DONT_CARE                                   ; Untyped                        ;
; READ_DURING_WRITE_MODE_PORT_A      ; NEW_DATA_NO_NBE_READ                        ; Untyped                        ;
; READ_DURING_WRITE_MODE_PORT_B      ; NEW_DATA_NO_NBE_READ                        ; Untyped                        ;
; INIT_FILE                          ; db/cnu_project.ram0_cn_rom_e8dff636.hdl.mif ; Untyped                        ;
; INIT_FILE_LAYOUT                   ; PORT_A                                      ; Untyped                        ;
; MAXIMUM_DEPTH                      ; 0                                           ; Untyped                        ;
; CLOCK_ENABLE_INPUT_A               ; NORMAL                                      ; Untyped                        ;
; CLOCK_ENABLE_INPUT_B               ; NORMAL                                      ; Untyped                        ;
; CLOCK_ENABLE_OUTPUT_A              ; NORMAL                                      ; Untyped                        ;
; CLOCK_ENABLE_OUTPUT_B              ; NORMAL                                      ; Untyped                        ;
; CLOCK_ENABLE_CORE_A                ; USE_INPUT_CLKEN                             ; Untyped                        ;
; CLOCK_ENABLE_CORE_B                ; USE_INPUT_CLKEN                             ; Untyped                        ;
; ENABLE_ECC                         ; FALSE                                       ; Untyped                        ;
; ECC_PIPELINE_STAGE_ENABLED         ; FALSE                                       ; Untyped                        ;
; WIDTH_ECCSTATUS                    ; 3                                           ; Untyped                        ;
; DEVICE_FAMILY                      ; Cyclone V                                   ; Untyped                        ;
; CBXI_PARAMETER                     ; altsyncram_6if1                             ; Untyped                        ;
+------------------------------------+---------------------------------------------+--------------------------------+
Note: In order to hide this table in the UI and the text report file, please set the "Show Parameter Settings in Synthesis Report" option in "Analysis and Synthesis Settings -> More Settings" to "Off".


+---------------------------------------------------------------------------------------------------------------------------------------+
; Parameter Settings for Inferred Entity Instance: ldpc_decoder_top:decoder|edge_message_bank:cv_bank_inst|altsyncram:edge_memory_rtl_0 ;
+------------------------------------+----------------------+---------------------------------------------------------------------------+
; Parameter Name                     ; Value                ; Type                                                                      ;
+------------------------------------+----------------------+---------------------------------------------------------------------------+
; BYTE_SIZE_BLOCK                    ; 8                    ; Untyped                                                                   ;
; AUTO_CARRY_CHAINS                  ; ON                   ; AUTO_CARRY                                                                ;
; IGNORE_CARRY_BUFFERS               ; OFF                  ; IGNORE_CARRY                                                              ;
; AUTO_CASCADE_CHAINS                ; ON                   ; AUTO_CASCADE                                                              ;
; IGNORE_CASCADE_BUFFERS             ; OFF                  ; IGNORE_CASCADE                                                            ;
; WIDTH_BYTEENA                      ; 1                    ; Untyped                                                                   ;
; OPERATION_MODE                     ; DUAL_PORT            ; Untyped                                                                   ;
; WIDTH_A                            ; 8                    ; Untyped                                                                   ;
; WIDTHAD_A                          ; 11                   ; Untyped                                                                   ;
; NUMWORDS_A                         ; 2048                 ; Untyped                                                                   ;
; OUTDATA_REG_A                      ; UNREGISTERED         ; Untyped                                                                   ;
; ADDRESS_ACLR_A                     ; NONE                 ; Untyped                                                                   ;
; OUTDATA_ACLR_A                     ; NONE                 ; Untyped                                                                   ;
; WRCONTROL_ACLR_A                   ; NONE                 ; Untyped                                                                   ;
; INDATA_ACLR_A                      ; NONE                 ; Untyped                                                                   ;
; BYTEENA_ACLR_A                     ; NONE                 ; Untyped                                                                   ;
; WIDTH_B                            ; 8                    ; Untyped                                                                   ;
; WIDTHAD_B                          ; 11                   ; Untyped                                                                   ;
; NUMWORDS_B                         ; 2048                 ; Untyped                                                                   ;
; INDATA_REG_B                       ; CLOCK1               ; Untyped                                                                   ;
; WRCONTROL_WRADDRESS_REG_B          ; CLOCK1               ; Untyped                                                                   ;
; RDCONTROL_REG_B                    ; CLOCK1               ; Untyped                                                                   ;
; ADDRESS_REG_B                      ; CLOCK0               ; Untyped                                                                   ;
; OUTDATA_REG_B                      ; UNREGISTERED         ; Untyped                                                                   ;
; BYTEENA_REG_B                      ; CLOCK1               ; Untyped                                                                   ;
; INDATA_ACLR_B                      ; NONE                 ; Untyped                                                                   ;
; WRCONTROL_ACLR_B                   ; NONE                 ; Untyped                                                                   ;
; ADDRESS_ACLR_B                     ; NONE                 ; Untyped                                                                   ;
; OUTDATA_ACLR_B                     ; NONE                 ; Untyped                                                                   ;
; RDCONTROL_ACLR_B                   ; NONE                 ; Untyped                                                                   ;
; BYTEENA_ACLR_B                     ; NONE                 ; Untyped                                                                   ;
; WIDTH_BYTEENA_A                    ; 1                    ; Untyped                                                                   ;
; WIDTH_BYTEENA_B                    ; 1                    ; Untyped                                                                   ;
; RAM_BLOCK_TYPE                     ; M20K                 ; Untyped                                                                   ;
; BYTE_SIZE                          ; 8                    ; Untyped                                                                   ;
; READ_DURING_WRITE_MODE_MIXED_PORTS ; OLD_DATA             ; Untyped                                                                   ;
; READ_DURING_WRITE_MODE_PORT_A      ; NEW_DATA_NO_NBE_READ ; Untyped                                                                   ;
; READ_DURING_WRITE_MODE_PORT_B      ; NEW_DATA_NO_NBE_READ ; Untyped                                                                   ;
; INIT_FILE                          ; UNUSED               ; Untyped                                                                   ;
; INIT_FILE_LAYOUT                   ; PORT_A               ; Untyped                                                                   ;
; MAXIMUM_DEPTH                      ; 0                    ; Untyped                                                                   ;
; CLOCK_ENABLE_INPUT_A               ; NORMAL               ; Untyped                                                                   ;
; CLOCK_ENABLE_INPUT_B               ; NORMAL               ; Untyped                                                                   ;
; CLOCK_ENABLE_OUTPUT_A              ; NORMAL               ; Untyped                                                                   ;
; CLOCK_ENABLE_OUTPUT_B              ; NORMAL               ; Untyped                                                                   ;
; CLOCK_ENABLE_CORE_A                ; USE_INPUT_CLKEN      ; Untyped                                                                   ;
; CLOCK_ENABLE_CORE_B                ; USE_INPUT_CLKEN      ; Untyped                                                                   ;
; ENABLE_ECC                         ; FALSE                ; Untyped                                                                   ;
; ECC_PIPELINE_STAGE_ENABLED         ; FALSE                ; Untyped                                                                   ;
; WIDTH_ECCSTATUS                    ; 3                    ; Untyped                                                                   ;
; DEVICE_FAMILY                      ; Cyclone V            ; Untyped                                                                   ;
; CBXI_PARAMETER                     ; altsyncram_m6p1      ; Untyped                                                                   ;
+------------------------------------+----------------------+---------------------------------------------------------------------------+
Note: In order to hide this table in the UI and the text report file, please set the "Show Parameter Settings in Synthesis Report" option in "Analysis and Synthesis Settings -> More Settings" to "Off".


+---------------------------------------------------------------------------------------------------------------------------------------+
; Parameter Settings for Inferred Entity Instance: ldpc_decoder_top:decoder|edge_message_bank:vc_bank_inst|altsyncram:edge_memory_rtl_0 ;
+------------------------------------+----------------------+---------------------------------------------------------------------------+
; Parameter Name                     ; Value                ; Type                                                                      ;
+------------------------------------+----------------------+---------------------------------------------------------------------------+
; BYTE_SIZE_BLOCK                    ; 8                    ; Untyped                                                                   ;
; AUTO_CARRY_CHAINS                  ; ON                   ; AUTO_CARRY                                                                ;
; IGNORE_CARRY_BUFFERS               ; OFF                  ; IGNORE_CARRY                                                              ;
; AUTO_CASCADE_CHAINS                ; ON                   ; AUTO_CASCADE                                                              ;
; IGNORE_CASCADE_BUFFERS             ; OFF                  ; IGNORE_CASCADE                                                            ;
; WIDTH_BYTEENA                      ; 1                    ; Untyped                                                                   ;
; OPERATION_MODE                     ; DUAL_PORT            ; Untyped                                                                   ;
; WIDTH_A                            ; 8                    ; Untyped                                                                   ;
; WIDTHAD_A                          ; 11                   ; Untyped                                                                   ;
; NUMWORDS_A                         ; 2048                 ; Untyped                                                                   ;
; OUTDATA_REG_A                      ; UNREGISTERED         ; Untyped                                                                   ;
; ADDRESS_ACLR_A                     ; NONE                 ; Untyped                                                                   ;
; OUTDATA_ACLR_A                     ; NONE                 ; Untyped                                                                   ;
; WRCONTROL_ACLR_A                   ; NONE                 ; Untyped                                                                   ;
; INDATA_ACLR_A                      ; NONE                 ; Untyped                                                                   ;
; BYTEENA_ACLR_A                     ; NONE                 ; Untyped                                                                   ;
; WIDTH_B                            ; 8                    ; Untyped                                                                   ;
; WIDTHAD_B                          ; 11                   ; Untyped                                                                   ;
; NUMWORDS_B                         ; 2048                 ; Untyped                                                                   ;
; INDATA_REG_B                       ; CLOCK1               ; Untyped                                                                   ;
; WRCONTROL_WRADDRESS_REG_B          ; CLOCK1               ; Untyped                                                                   ;
; RDCONTROL_REG_B                    ; CLOCK1               ; Untyped                                                                   ;
; ADDRESS_REG_B                      ; CLOCK0               ; Untyped                                                                   ;
; OUTDATA_REG_B                      ; UNREGISTERED         ; Untyped                                                                   ;
; BYTEENA_REG_B                      ; CLOCK1               ; Untyped                                                                   ;
; INDATA_ACLR_B                      ; NONE                 ; Untyped                                                                   ;
; WRCONTROL_ACLR_B                   ; NONE                 ; Untyped                                                                   ;
; ADDRESS_ACLR_B                     ; NONE                 ; Untyped                                                                   ;
; OUTDATA_ACLR_B                     ; NONE                 ; Untyped                                                                   ;
; RDCONTROL_ACLR_B                   ; NONE                 ; Untyped                                                                   ;
; BYTEENA_ACLR_B                     ; NONE                 ; Untyped                                                                   ;
; WIDTH_BYTEENA_A                    ; 1                    ; Untyped                                                                   ;
; WIDTH_BYTEENA_B                    ; 1                    ; Untyped                                                                   ;
; RAM_BLOCK_TYPE                     ; M20K                 ; Untyped                                                                   ;
; BYTE_SIZE                          ; 8                    ; Untyped                                                                   ;
; READ_DURING_WRITE_MODE_MIXED_PORTS ; OLD_DATA             ; Untyped                                                                   ;
; READ_DURING_WRITE_MODE_PORT_A      ; NEW_DATA_NO_NBE_READ ; Untyped                                                                   ;
; READ_DURING_WRITE_MODE_PORT_B      ; NEW_DATA_NO_NBE_READ ; Untyped                                                                   ;
; INIT_FILE                          ; UNUSED               ; Untyped                                                                   ;
; INIT_FILE_LAYOUT                   ; PORT_A               ; Untyped                                                                   ;
; MAXIMUM_DEPTH                      ; 0                    ; Untyped                                                                   ;
; CLOCK_ENABLE_INPUT_A               ; NORMAL               ; Untyped                                                                   ;
; CLOCK_ENABLE_INPUT_B               ; NORMAL               ; Untyped                                                                   ;
; CLOCK_ENABLE_OUTPUT_A              ; NORMAL               ; Untyped                                                                   ;
; CLOCK_ENABLE_OUTPUT_B              ; NORMAL               ; Untyped                                                                   ;
; CLOCK_ENABLE_CORE_A                ; USE_INPUT_CLKEN      ; Untyped                                                                   ;
; CLOCK_ENABLE_CORE_B                ; USE_INPUT_CLKEN      ; Untyped                                                                   ;
; ENABLE_ECC                         ; FALSE                ; Untyped                                                                   ;
; ECC_PIPELINE_STAGE_ENABLED         ; FALSE                ; Untyped                                                                   ;
; WIDTH_ECCSTATUS                    ; 3                    ; Untyped                                                                   ;
; DEVICE_FAMILY                      ; Cyclone V            ; Untyped                                                                   ;
; CBXI_PARAMETER                     ; altsyncram_m6p1      ; Untyped                                                                   ;
+------------------------------------+----------------------+---------------------------------------------------------------------------+
Note: In order to hide this table in the UI and the text report file, please set the "Show Parameter Settings in Synthesis Report" option in "Analysis and Synthesis Settings -> More Settings" to "Off".


+---------------------------------------------------------------------------------------------------------------------------+
; Parameter Settings for Inferred Entity Instance: ldpc_decoder_top:decoder|llr_bank:llr_bank_inst|altsyncram:llr_mem_rtl_0 ;
+------------------------------------+----------------------+---------------------------------------------------------------+
; Parameter Name                     ; Value                ; Type                                                          ;
+------------------------------------+----------------------+---------------------------------------------------------------+
; BYTE_SIZE_BLOCK                    ; 8                    ; Untyped                                                       ;
; AUTO_CARRY_CHAINS                  ; ON                   ; AUTO_CARRY                                                    ;
; IGNORE_CARRY_BUFFERS               ; OFF                  ; IGNORE_CARRY                                                  ;
; AUTO_CASCADE_CHAINS                ; ON                   ; AUTO_CASCADE                                                  ;
; IGNORE_CASCADE_BUFFERS             ; OFF                  ; IGNORE_CASCADE                                                ;
; WIDTH_BYTEENA                      ; 1                    ; Untyped                                                       ;
; OPERATION_MODE                     ; DUAL_PORT            ; Untyped                                                       ;
; WIDTH_A                            ; 1                    ; Untyped                                                       ;
; WIDTHAD_A                          ; 9                    ; Untyped                                                       ;
; NUMWORDS_A                         ; 512                  ; Untyped                                                       ;
; OUTDATA_REG_A                      ; UNREGISTERED         ; Untyped                                                       ;
; ADDRESS_ACLR_A                     ; NONE                 ; Untyped                                                       ;
; OUTDATA_ACLR_A                     ; NONE                 ; Untyped                                                       ;
; WRCONTROL_ACLR_A                   ; NONE                 ; Untyped                                                       ;
; INDATA_ACLR_A                      ; NONE                 ; Untyped                                                       ;
; BYTEENA_ACLR_A                     ; NONE                 ; Untyped                                                       ;
; WIDTH_B                            ; 1                    ; Untyped                                                       ;
; WIDTHAD_B                          ; 9                    ; Untyped                                                       ;
; NUMWORDS_B                         ; 512                  ; Untyped                                                       ;
; INDATA_REG_B                       ; CLOCK1               ; Untyped                                                       ;
; WRCONTROL_WRADDRESS_REG_B          ; CLOCK1               ; Untyped                                                       ;
; RDCONTROL_REG_B                    ; CLOCK1               ; Untyped                                                       ;
; ADDRESS_REG_B                      ; CLOCK0               ; Untyped                                                       ;
; OUTDATA_REG_B                      ; UNREGISTERED         ; Untyped                                                       ;
; BYTEENA_REG_B                      ; CLOCK1               ; Untyped                                                       ;
; INDATA_ACLR_B                      ; NONE                 ; Untyped                                                       ;
; WRCONTROL_ACLR_B                   ; NONE                 ; Untyped                                                       ;
; ADDRESS_ACLR_B                     ; NONE                 ; Untyped                                                       ;
; OUTDATA_ACLR_B                     ; NONE                 ; Untyped                                                       ;
; RDCONTROL_ACLR_B                   ; NONE                 ; Untyped                                                       ;
; BYTEENA_ACLR_B                     ; NONE                 ; Untyped                                                       ;
; WIDTH_BYTEENA_A                    ; 1                    ; Untyped                                                       ;
; WIDTH_BYTEENA_B                    ; 1                    ; Untyped                                                       ;
; RAM_BLOCK_TYPE                     ; AUTO                 ; Untyped                                                       ;
; BYTE_SIZE                          ; 8                    ; Untyped                                                       ;
; READ_DURING_WRITE_MODE_MIXED_PORTS ; OLD_DATA             ; Untyped                                                       ;
; READ_DURING_WRITE_MODE_PORT_A      ; NEW_DATA_NO_NBE_READ ; Untyped                                                       ;
; READ_DURING_WRITE_MODE_PORT_B      ; NEW_DATA_NO_NBE_READ ; Untyped                                                       ;
; INIT_FILE                          ; UNUSED               ; Untyped                                                       ;
; INIT_FILE_LAYOUT                   ; PORT_A               ; Untyped                                                       ;
; MAXIMUM_DEPTH                      ; 0                    ; Untyped                                                       ;
; CLOCK_ENABLE_INPUT_A               ; NORMAL               ; Untyped                                                       ;
; CLOCK_ENABLE_INPUT_B               ; NORMAL               ; Untyped                                                       ;
; CLOCK_ENABLE_OUTPUT_A              ; NORMAL               ; Untyped                                                       ;
; CLOCK_ENABLE_OUTPUT_B              ; NORMAL               ; Untyped                                                       ;
; CLOCK_ENABLE_CORE_A                ; USE_INPUT_CLKEN      ; Untyped                                                       ;
; CLOCK_ENABLE_CORE_B                ; USE_INPUT_CLKEN      ; Untyped                                                       ;
; ENABLE_ECC                         ; FALSE                ; Untyped                                                       ;
; ECC_PIPELINE_STAGE_ENABLED         ; FALSE                ; Untyped                                                       ;
; WIDTH_ECCSTATUS                    ; 3                    ; Untyped                                                       ;
; DEVICE_FAMILY                      ; Cyclone V            ; Untyped                                                       ;
; CBXI_PARAMETER                     ; altsyncram_afm1      ; Untyped                                                       ;
+------------------------------------+----------------------+---------------------------------------------------------------+
Note: In order to hide this table in the UI and the text report file, please set the "Show Parameter Settings in Synthesis Report" option in "Analysis and Synthesis Settings -> More Settings" to "Off".


+----------------------------------------------------------------------------------------------------------------------------------+
; altsyncram Parameter Settings by Entity Instance                                                                                 ;
+-------------------------------------------+--------------------------------------------------------------------------------------+
; Name                                      ; Value                                                                                ;
+-------------------------------------------+--------------------------------------------------------------------------------------+
; Number of entity instances                ; 8                                                                                    ;
; Entity Instance                           ; ldpc_decoder_top:decoder|iteration_controller:ctrl_inst|altsyncram:cn_edge_ids_rtl_0 ;
;     -- OPERATION_MODE                     ; DUAL_PORT                                                                            ;
;     -- WIDTH_A                            ; 11                                                                                   ;
;     -- NUMWORDS_A                         ; 8                                                                                    ;
;     -- OUTDATA_REG_A                      ; UNREGISTERED                                                                         ;
;     -- WIDTH_B                            ; 11                                                                                   ;
;     -- NUMWORDS_B                         ; 8                                                                                    ;
;     -- ADDRESS_REG_B                      ; CLOCK0                                                                               ;
;     -- OUTDATA_REG_B                      ; UNREGISTERED                                                                         ;
;     -- RAM_BLOCK_TYPE                     ; AUTO                                                                                 ;
;     -- READ_DURING_WRITE_MODE_MIXED_PORTS ; OLD_DATA                                                                             ;
; Entity Instance                           ; ldpc_decoder_top:decoder|iteration_controller:ctrl_inst|altsyncram:vn_edge_ids_rtl_0 ;
;     -- OPERATION_MODE                     ; DUAL_PORT                                                                            ;
;     -- WIDTH_A                            ; 11                                                                                   ;
;     -- NUMWORDS_A                         ; 5                                                                                    ;
;     -- OUTDATA_REG_A                      ; UNREGISTERED                                                                         ;
;     -- WIDTH_B                            ; 11                                                                                   ;
;     -- NUMWORDS_B                         ; 5                                                                                    ;
;     -- ADDRESS_REG_B                      ; CLOCK0                                                                               ;
;     -- OUTDATA_REG_B                      ; UNREGISTERED                                                                         ;
;     -- RAM_BLOCK_TYPE                     ; AUTO                                                                                 ;
;     -- READ_DURING_WRITE_MODE_MIXED_PORTS ; OLD_DATA                                                                             ;
; Entity Instance                           ; ldpc_decoder_top:decoder|vn_degree_rom:deg_rom_inst|altsyncram:mem_rtl_0             ;
;     -- OPERATION_MODE                     ; ROM                                                                                  ;
;     -- WIDTH_A                            ; 4                                                                                    ;
;     -- NUMWORDS_A                         ; 512                                                                                  ;
;     -- OUTDATA_REG_A                      ; UNREGISTERED                                                                         ;
;     -- WIDTH_B                            ; 1                                                                                    ;
;     -- NUMWORDS_B                         ; 1                                                                                    ;
;     -- ADDRESS_REG_B                      ; CLOCK1                                                                               ;
;     -- OUTDATA_REG_B                      ; UNREGISTERED                                                                         ;
;     -- RAM_BLOCK_TYPE                     ; M10K                                                                                 ;
;     -- READ_DURING_WRITE_MODE_MIXED_PORTS ; DONT_CARE                                                                            ;
; Entity Instance                           ; ldpc_decoder_top:decoder|vn_rom:vn_rom_inst|altsyncram:mem_rtl_0                     ;
;     -- OPERATION_MODE                     ; ROM                                                                                  ;
;     -- WIDTH_A                            ; 20                                                                                   ;
;     -- NUMWORDS_A                         ; 2048                                                                                 ;
;     -- OUTDATA_REG_A                      ; UNREGISTERED                                                                         ;
;     -- WIDTH_B                            ; 1                                                                                    ;
;     -- NUMWORDS_B                         ; 1                                                                                    ;
;     -- ADDRESS_REG_B                      ; CLOCK1                                                                               ;
;     -- OUTDATA_REG_B                      ; UNREGISTERED                                                                         ;
;     -- RAM_BLOCK_TYPE                     ; M10K                                                                                 ;
;     -- READ_DURING_WRITE_MODE_MIXED_PORTS ; DONT_CARE                                                                            ;
; Entity Instance                           ; ldpc_decoder_top:decoder|cn_rom:cn_rom_inst|altsyncram:mem_rtl_0                     ;
;     -- OPERATION_MODE                     ; ROM                                                                                  ;
;     -- WIDTH_A                            ; 20                                                                                   ;
;     -- NUMWORDS_A                         ; 2048                                                                                 ;
;     -- OUTDATA_REG_A                      ; UNREGISTERED                                                                         ;
;     -- WIDTH_B                            ; 1                                                                                    ;
;     -- NUMWORDS_B                         ; 1                                                                                    ;
;     -- ADDRESS_REG_B                      ; CLOCK1                                                                               ;
;     -- OUTDATA_REG_B                      ; UNREGISTERED                                                                         ;
;     -- RAM_BLOCK_TYPE                     ; M10K                                                                                 ;
;     -- READ_DURING_WRITE_MODE_MIXED_PORTS ; DONT_CARE                                                                            ;
; Entity Instance                           ; ldpc_decoder_top:decoder|edge_message_bank:cv_bank_inst|altsyncram:edge_memory_rtl_0 ;
;     -- OPERATION_MODE                     ; DUAL_PORT                                                                            ;
;     -- WIDTH_A                            ; 8                                                                                    ;
;     -- NUMWORDS_A                         ; 2048                                                                                 ;
;     -- OUTDATA_REG_A                      ; UNREGISTERED                                                                         ;
;     -- WIDTH_B                            ; 8                                                                                    ;
;     -- NUMWORDS_B                         ; 2048                                                                                 ;
;     -- ADDRESS_REG_B                      ; CLOCK0                                                                               ;
;     -- OUTDATA_REG_B                      ; UNREGISTERED                                                                         ;
;     -- RAM_BLOCK_TYPE                     ; M20K                                                                                 ;
;     -- READ_DURING_WRITE_MODE_MIXED_PORTS ; OLD_DATA                                                                             ;
; Entity Instance                           ; ldpc_decoder_top:decoder|edge_message_bank:vc_bank_inst|altsyncram:edge_memory_rtl_0 ;
;     -- OPERATION_MODE                     ; DUAL_PORT                                                                            ;
;     -- WIDTH_A                            ; 8                                                                                    ;
;     -- NUMWORDS_A                         ; 2048                                                                                 ;
;     -- OUTDATA_REG_A                      ; UNREGISTERED                                                                         ;
;     -- WIDTH_B                            ; 8                                                                                    ;
;     -- NUMWORDS_B                         ; 2048                                                                                 ;
;     -- ADDRESS_REG_B                      ; CLOCK0                                                                               ;
;     -- OUTDATA_REG_B                      ; UNREGISTERED                                                                         ;
;     -- RAM_BLOCK_TYPE                     ; M20K                                                                                 ;
;     -- READ_DURING_WRITE_MODE_MIXED_PORTS ; OLD_DATA                                                                             ;
; Entity Instance                           ; ldpc_decoder_top:decoder|llr_bank:llr_bank_inst|altsyncram:llr_mem_rtl_0             ;
;     -- OPERATION_MODE                     ; DUAL_PORT                                                                            ;
;     -- WIDTH_A                            ; 1                                                                                    ;
;     -- NUMWORDS_A                         ; 512                                                                                  ;
;     -- OUTDATA_REG_A                      ; UNREGISTERED                                                                         ;
;     -- WIDTH_B                            ; 1                                                                                    ;
;     -- NUMWORDS_B                         ; 512                                                                                  ;
;     -- ADDRESS_REG_B                      ; CLOCK0                                                                               ;
;     -- OUTDATA_REG_B                      ; UNREGISTERED                                                                         ;
;     -- RAM_BLOCK_TYPE                     ; AUTO                                                                                 ;
;     -- READ_DURING_WRITE_MODE_MIXED_PORTS ; OLD_DATA                                                                             ;
+-------------------------------------------+--------------------------------------------------------------------------------------+


+-------------------------------------------------------------------------------------+
; Port Connectivity Checks: "ldpc_decoder_top:decoder|edge_message_bank:cv_bank_inst" ;
+-------------+-------+----------+----------------------------------------------------+
; Port        ; Type  ; Severity ; Details                                            ;
+-------------+-------+----------+----------------------------------------------------+
; read_enable ; Input ; Info     ; Stuck at VCC                                       ;
+-------------+-------+----------+----------------------------------------------------+


+-------------------------------------------------------------------------------------+
; Port Connectivity Checks: "ldpc_decoder_top:decoder|edge_message_bank:vc_bank_inst" ;
+-------------+-------+----------+----------------------------------------------------+
; Port        ; Type  ; Severity ; Details                                            ;
+-------------+-------+----------+----------------------------------------------------+
; read_enable ; Input ; Info     ; Stuck at VCC                                       ;
+-------------+-------+----------+----------------------------------------------------+


+-----------------------------------------------------------------------------+
; Port Connectivity Checks: "ldpc_decoder_top:decoder|llr_bank:llr_bank_inst" ;
+-------------+-------+----------+--------------------------------------------+
; Port        ; Type  ; Severity ; Details                                    ;
+-------------+-------+----------+--------------------------------------------+
; read_enable ; Input ; Info     ; Stuck at VCC                               ;
+-------------+-------+----------+--------------------------------------------+


+----------------------------------------------------------------------------------------------------------------------------+
; Port Connectivity Checks: "ldpc_decoder_top:decoder"                                                                       ;
+------------------+--------+----------+-------------------------------------------------------------------------------------+
; Port             ; Type   ; Severity ; Details                                                                             ;
+------------------+--------+----------+-------------------------------------------------------------------------------------+
; llr_in[7..6]     ; Input  ; Info     ; Stuck at GND                                                                        ;
; llr_in[4..0]     ; Input  ; Info     ; Stuck at GND                                                                        ;
; llr_in[5]        ; Input  ; Info     ; Stuck at VCC                                                                        ;
; decoded_bit_addr ; Output ; Info     ; Connected to dangling logic. Logic that only feeds a dangling port will be removed. ;
+------------------+--------+----------+-------------------------------------------------------------------------------------+


+-----------------------------------------------------+
; Post-Synthesis Netlist Statistics for Top Partition ;
+-----------------------+-----------------------------+
; Type                  ; Count                       ;
+-----------------------+-----------------------------+
; arriav_ff             ; 1146                        ;
;     CLR               ; 567                         ;
;     CLR SCLR          ; 1                           ;
;     ENA               ; 208                         ;
;     ENA CLR           ; 140                         ;
;     ENA CLR SCLR      ; 82                          ;
;     ENA CLR SLD       ; 90                          ;
;     ENA SCLR          ; 8                           ;
;     ENA SCLR SLD      ; 11                          ;
;     ENA SLD           ; 9                           ;
;     plain             ; 30                          ;
; arriav_lcell_comb     ; 2152                        ;
;     arith             ; 299                         ;
;         0 data inputs ; 11                          ;
;         1 data inputs ; 129                         ;
;         2 data inputs ; 17                          ;
;         3 data inputs ; 82                          ;
;         4 data inputs ; 16                          ;
;         5 data inputs ; 44                          ;
;     extend            ; 8                           ;
;         7 data inputs ; 8                           ;
;     normal            ; 1758                        ;
;         0 data inputs ; 1                           ;
;         1 data inputs ; 1                           ;
;         2 data inputs ; 274                         ;
;         3 data inputs ; 68                          ;
;         4 data inputs ; 619                         ;
;         5 data inputs ; 108                         ;
;         6 data inputs ; 687                         ;
;     shared            ; 87                          ;
;         2 data inputs ; 65                          ;
;         3 data inputs ; 22                          ;
; boundary_port         ; 15                          ;
; stratixv_ram_block    ; 64                          ;
;                       ;                             ;
; Max LUT depth         ; 10.20                       ;
; Average LUT depth     ; 4.87                        ;
+-----------------------+-----------------------------+


+-------------------------------+
; Elapsed Time Per Partition    ;
+----------------+--------------+
; Partition Name ; Elapsed Time ;
+----------------+--------------+
; Top            ; 00:00:03     ;
+----------------+--------------+


+-------------------------------+
; Analysis & Synthesis Messages ;
+-------------------------------+
Info: *******************************************************************
Info: Running Quartus Prime Analysis & Synthesis
    Info: Version 22.1std.2 Build 922 07/20/2023 SC Lite Edition
    Info: Processing started: Sun Aug 16 14:12:34 2026
Info: Command: quartus_map --read_settings_files=on --write_settings_files=off cnu_project -c cnu_project
Warning (18236): Number of processors has not been specified which may cause overloading on shared machines.  Set the global assignment NUM_PARALLEL_PROCESSORS in your QSF to an appropriate value for best performance.
Info (20030): Parallel compilation is enabled and will use 16 of the 16 processors detected
Info (12021): Found 1 design units, including 1 entities, in source file /users/moahs/workspace/ldpc-fpga-decoder/fpga/rtl/llr_bank.sv
    Info (12023): Found entity 1: llr_bank File: C:/Users/moahs/Workspace/LDPC-FPGA-Decoder/fpga/rtl/llr_bank.sv Line: 1
Info (12021): Found 1 design units, including 1 entities, in source file /users/moahs/workspace/ldpc-fpga-decoder/fpga/rtl/cnu.sv
    Info (12023): Found entity 1: cnu File: C:/Users/moahs/Workspace/LDPC-FPGA-Decoder/fpga/rtl/cnu.sv Line: 17
Info (12021): Found 1 design units, including 1 entities, in source file /users/moahs/workspace/ldpc-fpga-decoder/fpga/rtl/vnu.sv
    Info (12023): Found entity 1: vnu File: C:/Users/moahs/Workspace/LDPC-FPGA-Decoder/fpga/rtl/vnu.sv Line: 1
Info (12021): Found 1 design units, including 1 entities, in source file /users/moahs/workspace/ldpc-fpga-decoder/fpga/rtl/iteration_controller.sv
    Info (12023): Found entity 1: iteration_controller File: C:/Users/moahs/Workspace/LDPC-FPGA-Decoder/fpga/rtl/iteration_controller.sv Line: 18
Info (12021): Found 1 design units, including 1 entities, in source file /users/moahs/workspace/ldpc-fpga-decoder/fpga/rtl/ldpc_decoder_top.sv
    Info (12023): Found entity 1: ldpc_decoder_top File: C:/Users/moahs/Workspace/LDPC-FPGA-Decoder/fpga/rtl/ldpc_decoder_top.sv Line: 9
Info (12021): Found 1 design units, including 1 entities, in source file /users/moahs/workspace/ldpc-fpga-decoder/fpga/rtl/syndrome_checker.sv
    Info (12023): Found entity 1: syndrome_checker File: C:/Users/moahs/Workspace/LDPC-FPGA-Decoder/fpga/rtl/syndrome_checker.sv Line: 1
Info (12021): Found 1 design units, including 1 entities, in source file /users/moahs/workspace/ldpc-fpga-decoder/fpga/rtl/cn_rom.sv
    Info (12023): Found entity 1: cn_rom File: C:/Users/moahs/Workspace/LDPC-FPGA-Decoder/fpga/rtl/cn_rom.sv Line: 5
Info (12021): Found 1 design units, including 1 entities, in source file /users/moahs/workspace/ldpc-fpga-decoder/fpga/rtl/edge_message_bank.sv
    Info (12023): Found entity 1: edge_message_bank File: C:/Users/moahs/Workspace/LDPC-FPGA-Decoder/fpga/rtl/edge_message_bank.sv Line: 1
Info (12021): Found 1 design units, including 1 entities, in source file /users/moahs/workspace/ldpc-fpga-decoder/fpga/rtl/vn_degree_rom.sv
    Info (12023): Found entity 1: vn_degree_rom File: C:/Users/moahs/Workspace/LDPC-FPGA-Decoder/fpga/rtl/vn_degree_rom.sv Line: 4
Info (12021): Found 1 design units, including 1 entities, in source file /users/moahs/workspace/ldpc-fpga-decoder/fpga/rtl/vn_rom.sv
    Info (12023): Found entity 1: vn_rom File: C:/Users/moahs/Workspace/LDPC-FPGA-Decoder/fpga/rtl/vn_rom.sv Line: 5
Info (12021): Found 1 design units, including 1 entities, in source file de1_soc_ccsds_top.sv
    Info (12023): Found entity 1: de1_soc_ccsds_top File: C:/Users/moahs/Workspace/LDPC-FPGA-Decoder/fpga/quartus/de1_soc_ccsds_top.sv Line: 13
Info (12127): Elaborating entity "de1_soc_ccsds_top" for the top level hierarchy
Info (12128): Elaborating entity "ldpc_decoder_top" for hierarchy "ldpc_decoder_top:decoder" File: C:/Users/moahs/Workspace/LDPC-FPGA-Decoder/fpga/quartus/de1_soc_ccsds_top.sv Line: 98
Info (12128): Elaborating entity "llr_bank" for hierarchy "ldpc_decoder_top:decoder|llr_bank:llr_bank_inst" File: C:/Users/moahs/Workspace/LDPC-FPGA-Decoder/fpga/rtl/ldpc_decoder_top.sv Line: 120
Info (12128): Elaborating entity "edge_message_bank" for hierarchy "ldpc_decoder_top:decoder|edge_message_bank:vc_bank_inst" File: C:/Users/moahs/Workspace/LDPC-FPGA-Decoder/fpga/rtl/ldpc_decoder_top.sv Line: 128
Info (12128): Elaborating entity "cn_rom" for hierarchy "ldpc_decoder_top:decoder|cn_rom:cn_rom_inst" File: C:/Users/moahs/Workspace/LDPC-FPGA-Decoder/fpga/rtl/ldpc_decoder_top.sv Line: 142
Warning (10030): Net "mem.data_a" at cn_rom.sv(15) has no driver or initial value, using a default initial value '0' File: C:/Users/moahs/Workspace/LDPC-FPGA-Decoder/fpga/rtl/cn_rom.sv Line: 15
Warning (10030): Net "mem.waddr_a" at cn_rom.sv(15) has no driver or initial value, using a default initial value '0' File: C:/Users/moahs/Workspace/LDPC-FPGA-Decoder/fpga/rtl/cn_rom.sv Line: 15
Warning (10030): Net "mem.we_a" at cn_rom.sv(15) has no driver or initial value, using a default initial value '0' File: C:/Users/moahs/Workspace/LDPC-FPGA-Decoder/fpga/rtl/cn_rom.sv Line: 15
Info (12128): Elaborating entity "vn_rom" for hierarchy "ldpc_decoder_top:decoder|vn_rom:vn_rom_inst" File: C:/Users/moahs/Workspace/LDPC-FPGA-Decoder/fpga/rtl/ldpc_decoder_top.sv Line: 148
Warning (10030): Net "mem.data_a" at vn_rom.sv(15) has no driver or initial value, using a default initial value '0' File: C:/Users/moahs/Workspace/LDPC-FPGA-Decoder/fpga/rtl/vn_rom.sv Line: 15
Warning (10030): Net "mem.waddr_a" at vn_rom.sv(15) has no driver or initial value, using a default initial value '0' File: C:/Users/moahs/Workspace/LDPC-FPGA-Decoder/fpga/rtl/vn_rom.sv Line: 15
Warning (10030): Net "mem.we_a" at vn_rom.sv(15) has no driver or initial value, using a default initial value '0' File: C:/Users/moahs/Workspace/LDPC-FPGA-Decoder/fpga/rtl/vn_rom.sv Line: 15
Info (12128): Elaborating entity "vn_degree_rom" for hierarchy "ldpc_decoder_top:decoder|vn_degree_rom:deg_rom_inst" File: C:/Users/moahs/Workspace/LDPC-FPGA-Decoder/fpga/rtl/ldpc_decoder_top.sv Line: 154
Warning (10030): Net "mem.data_a" at vn_degree_rom.sv(14) has no driver or initial value, using a default initial value '0' File: C:/Users/moahs/Workspace/LDPC-FPGA-Decoder/fpga/rtl/vn_degree_rom.sv Line: 14
Warning (10030): Net "mem.waddr_a" at vn_degree_rom.sv(14) has no driver or initial value, using a default initial value '0' File: C:/Users/moahs/Workspace/LDPC-FPGA-Decoder/fpga/rtl/vn_degree_rom.sv Line: 14
Warning (10030): Net "mem.we_a" at vn_degree_rom.sv(14) has no driver or initial value, using a default initial value '0' File: C:/Users/moahs/Workspace/LDPC-FPGA-Decoder/fpga/rtl/vn_degree_rom.sv Line: 14
Info (12128): Elaborating entity "cnu" for hierarchy "ldpc_decoder_top:decoder|cnu:cnu_inst" File: C:/Users/moahs/Workspace/LDPC-FPGA-Decoder/fpga/rtl/ldpc_decoder_top.sv Line: 160
Info (12128): Elaborating entity "vnu" for hierarchy "ldpc_decoder_top:decoder|vnu:vnu_inst" File: C:/Users/moahs/Workspace/LDPC-FPGA-Decoder/fpga/rtl/ldpc_decoder_top.sv Line: 165
Warning (10230): Verilog HDL assignment warning at vnu.sv(22): truncated value with size 32 to match size of target (13) File: C:/Users/moahs/Workspace/LDPC-FPGA-Decoder/fpga/rtl/vnu.sv Line: 22
Warning (10230): Verilog HDL assignment warning at vnu.sv(23): truncated value with size 32 to match size of target (13) File: C:/Users/moahs/Workspace/LDPC-FPGA-Decoder/fpga/rtl/vnu.sv Line: 23
Info (12128): Elaborating entity "syndrome_checker" for hierarchy "ldpc_decoder_top:decoder|syndrome_checker:syndrome_inst" File: C:/Users/moahs/Workspace/LDPC-FPGA-Decoder/fpga/rtl/ldpc_decoder_top.sv Line: 169
Info (12128): Elaborating entity "iteration_controller" for hierarchy "ldpc_decoder_top:decoder|iteration_controller:ctrl_inst" File: C:/Users/moahs/Workspace/LDPC-FPGA-Decoder/fpga/rtl/ldpc_decoder_top.sv Line: 194
Warning (276020): Inferred RAM node "ldpc_decoder_top:decoder|iteration_controller:ctrl_inst|cn_edge_ids_rtl_0" from synchronous design logic.  Pass-through logic has been added to match the read-during-write behavior of the original design.
Warning (276020): Inferred RAM node "ldpc_decoder_top:decoder|iteration_controller:ctrl_inst|vn_edge_ids_rtl_0" from synchronous design logic.  Pass-through logic has been added to match the read-during-write behavior of the original design.
Info (19000): Inferred 8 megafunctions from design logic
    Info (276029): Inferred altsyncram megafunction from the following design logic: "ldpc_decoder_top:decoder|iteration_controller:ctrl_inst|cn_edge_ids_rtl_0" 
        Info (286033): Parameter OPERATION_MODE set to DUAL_PORT
        Info (286033): Parameter WIDTH_A set to 11
        Info (286033): Parameter WIDTHAD_A set to 3
        Info (286033): Parameter NUMWORDS_A set to 8
        Info (286033): Parameter WIDTH_B set to 11
        Info (286033): Parameter WIDTHAD_B set to 3
        Info (286033): Parameter NUMWORDS_B set to 8
        Info (286033): Parameter ADDRESS_ACLR_A set to NONE
        Info (286033): Parameter OUTDATA_REG_B set to UNREGISTERED
        Info (286033): Parameter ADDRESS_ACLR_B set to NONE
        Info (286033): Parameter OUTDATA_ACLR_B set to NONE
        Info (286033): Parameter ADDRESS_REG_B set to CLOCK0
        Info (286033): Parameter INDATA_ACLR_A set to NONE
        Info (286033): Parameter WRCONTROL_ACLR_A set to NONE
        Info (286033): Parameter READ_DURING_WRITE_MODE_MIXED_PORTS set to OLD_DATA
    Info (276029): Inferred altsyncram megafunction from the following design logic: "ldpc_decoder_top:decoder|iteration_controller:ctrl_inst|vn_edge_ids_rtl_0" 
        Info (286033): Parameter OPERATION_MODE set to DUAL_PORT
        Info (286033): Parameter WIDTH_A set to 11
        Info (286033): Parameter WIDTHAD_A set to 3
        Info (286033): Parameter NUMWORDS_A set to 5
        Info (286033): Parameter WIDTH_B set to 11
        Info (286033): Parameter WIDTHAD_B set to 3
        Info (286033): Parameter NUMWORDS_B set to 5
        Info (286033): Parameter ADDRESS_ACLR_A set to NONE
        Info (286033): Parameter OUTDATA_REG_B set to UNREGISTERED
        Info (286033): Parameter ADDRESS_ACLR_B set to NONE
        Info (286033): Parameter OUTDATA_ACLR_B set to NONE
        Info (286033): Parameter ADDRESS_REG_B set to CLOCK0
        Info (286033): Parameter INDATA_ACLR_A set to NONE
        Info (286033): Parameter WRCONTROL_ACLR_A set to NONE
        Info (286033): Parameter READ_DURING_WRITE_MODE_MIXED_PORTS set to OLD_DATA
    Info (276029): Inferred altsyncram megafunction from the following design logic: "ldpc_decoder_top:decoder|vn_degree_rom:deg_rom_inst|mem_rtl_0" 
        Info (286033): Parameter OPERATION_MODE set to ROM
        Info (286033): Parameter WIDTH_A set to 4
        Info (286033): Parameter WIDTHAD_A set to 9
        Info (286033): Parameter NUMWORDS_A set to 512
        Info (286033): Parameter OUTDATA_REG_A set to UNREGISTERED
        Info (286033): Parameter ADDRESS_ACLR_A set to NONE
        Info (286033): Parameter OUTDATA_ACLR_A set to NONE
        Info (286033): Parameter INDATA_ACLR_A set to NONE
        Info (286033): Parameter WRCONTROL_ACLR_A set to NONE
        Info (286033): Parameter RAM_BLOCK_TYPE set to M10K
        Info (286033): Parameter INIT_FILE set to db/cnu_project.ram0_vn_degree_rom_c5ce2bde.hdl.mif
    Info (276029): Inferred altsyncram megafunction from the following design logic: "ldpc_decoder_top:decoder|vn_rom:vn_rom_inst|mem_rtl_0" 
        Info (286033): Parameter OPERATION_MODE set to ROM
        Info (286033): Parameter WIDTH_A set to 20
        Info (286033): Parameter WIDTHAD_A set to 11
        Info (286033): Parameter NUMWORDS_A set to 2048
        Info (286033): Parameter OUTDATA_REG_A set to UNREGISTERED
        Info (286033): Parameter ADDRESS_ACLR_A set to NONE
        Info (286033): Parameter OUTDATA_ACLR_A set to NONE
        Info (286033): Parameter INDATA_ACLR_A set to NONE
        Info (286033): Parameter WRCONTROL_ACLR_A set to NONE
        Info (286033): Parameter RAM_BLOCK_TYPE set to M10K
        Info (286033): Parameter INIT_FILE set to db/cnu_project.ram0_vn_rom_9b35fefc.hdl.mif
    Info (276029): Inferred altsyncram megafunction from the following design logic: "ldpc_decoder_top:decoder|cn_rom:cn_rom_inst|mem_rtl_0" 
        Info (286033): Parameter OPERATION_MODE set to ROM
        Info (286033): Parameter WIDTH_A set to 20
        Info (286033): Parameter WIDTHAD_A set to 11
        Info (286033): Parameter NUMWORDS_A set to 2048
        Info (286033): Parameter OUTDATA_REG_A set to UNREGISTERED
        Info (286033): Parameter ADDRESS_ACLR_A set to NONE
        Info (286033): Parameter OUTDATA_ACLR_A set to NONE
        Info (286033): Parameter INDATA_ACLR_A set to NONE
        Info (286033): Parameter WRCONTROL_ACLR_A set to NONE
        Info (286033): Parameter RAM_BLOCK_TYPE set to M10K
        Info (286033): Parameter INIT_FILE set to db/cnu_project.ram0_cn_rom_e8dff636.hdl.mif
    Info (276029): Inferred altsyncram megafunction from the following design logic: "ldpc_decoder_top:decoder|edge_message_bank:cv_bank_inst|edge_memory_rtl_0" 
        Info (286033): Parameter OPERATION_MODE set to DUAL_PORT
        Info (286033): Parameter WIDTH_A set to 8
        Info (286033): Parameter WIDTHAD_A set to 11
        Info (286033): Parameter NUMWORDS_A set to 2048
        Info (286033): Parameter WIDTH_B set to 8
        Info (286033): Parameter WIDTHAD_B set to 11
        Info (286033): Parameter NUMWORDS_B set to 2048
        Info (286033): Parameter ADDRESS_ACLR_A set to NONE
        Info (286033): Parameter OUTDATA_REG_B set to UNREGISTERED
        Info (286033): Parameter ADDRESS_ACLR_B set to NONE
        Info (286033): Parameter OUTDATA_ACLR_B set to NONE
        Info (286033): Parameter ADDRESS_REG_B set to CLOCK0
        Info (286033): Parameter INDATA_ACLR_A set to NONE
        Info (286033): Parameter WRCONTROL_ACLR_A set to NONE
        Info (286033): Parameter RAM_BLOCK_TYPE set to M20K
        Info (286033): Parameter READ_DURING_WRITE_MODE_MIXED_PORTS set to OLD_DATA
    Info (276029): Inferred altsyncram megafunction from the following design logic: "ldpc_decoder_top:decoder|edge_message_bank:vc_bank_inst|edge_memory_rtl_0" 
        Info (286033): Parameter OPERATION_MODE set to DUAL_PORT
        Info (286033): Parameter WIDTH_A set to 8
        Info (286033): Parameter WIDTHAD_A set to 11
        Info (286033): Parameter NUMWORDS_A set to 2048
        Info (286033): Parameter WIDTH_B set to 8
        Info (286033): Parameter WIDTHAD_B set to 11
        Info (286033): Parameter NUMWORDS_B set to 2048
        Info (286033): Parameter ADDRESS_ACLR_A set to NONE
        Info (286033): Parameter OUTDATA_REG_B set to UNREGISTERED
        Info (286033): Parameter ADDRESS_ACLR_B set to NONE
        Info (286033): Parameter OUTDATA_ACLR_B set to NONE
        Info (286033): Parameter ADDRESS_REG_B set to CLOCK0
        Info (286033): Parameter INDATA_ACLR_A set to NONE
        Info (286033): Parameter WRCONTROL_ACLR_A set to NONE
        Info (286033): Parameter RAM_BLOCK_TYPE set to M20K
        Info (286033): Parameter READ_DURING_WRITE_MODE_MIXED_PORTS set to OLD_DATA
    Info (276029): Inferred altsyncram megafunction from the following design logic: "ldpc_decoder_top:decoder|llr_bank:llr_bank_inst|llr_mem_rtl_0" 
        Info (286033): Parameter OPERATION_MODE set to DUAL_PORT
        Info (286033): Parameter WIDTH_A set to 1
        Info (286033): Parameter WIDTHAD_A set to 9
        Info (286033): Parameter NUMWORDS_A set to 512
        Info (286033): Parameter WIDTH_B set to 1
        Info (286033): Parameter WIDTHAD_B set to 9
        Info (286033): Parameter NUMWORDS_B set to 512
        Info (286033): Parameter ADDRESS_ACLR_A set to NONE
        Info (286033): Parameter OUTDATA_REG_B set to UNREGISTERED
        Info (286033): Parameter ADDRESS_ACLR_B set to NONE
        Info (286033): Parameter OUTDATA_ACLR_B set to NONE
        Info (286033): Parameter ADDRESS_REG_B set to CLOCK0
        Info (286033): Parameter INDATA_ACLR_A set to NONE
        Info (286033): Parameter WRCONTROL_ACLR_A set to NONE
        Info (286033): Parameter READ_DURING_WRITE_MODE_MIXED_PORTS set to OLD_DATA
Info (12130): Elaborated megafunction instantiation "ldpc_decoder_top:decoder|iteration_controller:ctrl_inst|altsyncram:cn_edge_ids_rtl_0"
Info (12133): Instantiated megafunction "ldpc_decoder_top:decoder|iteration_controller:ctrl_inst|altsyncram:cn_edge_ids_rtl_0" with the following parameter:
    Info (12134): Parameter "OPERATION_MODE" = "DUAL_PORT"
    Info (12134): Parameter "WIDTH_A" = "11"
    Info (12134): Parameter "WIDTHAD_A" = "3"
    Info (12134): Parameter "NUMWORDS_A" = "8"
    Info (12134): Parameter "WIDTH_B" = "11"
    Info (12134): Parameter "WIDTHAD_B" = "3"
    Info (12134): Parameter "NUMWORDS_B" = "8"
    Info (12134): Parameter "ADDRESS_ACLR_A" = "NONE"
    Info (12134): Parameter "OUTDATA_REG_B" = "UNREGISTERED"
    Info (12134): Parameter "ADDRESS_ACLR_B" = "NONE"
    Info (12134): Parameter "OUTDATA_ACLR_B" = "NONE"
    Info (12134): Parameter "ADDRESS_REG_B" = "CLOCK0"
    Info (12134): Parameter "INDATA_ACLR_A" = "NONE"
    Info (12134): Parameter "WRCONTROL_ACLR_A" = "NONE"
    Info (12134): Parameter "READ_DURING_WRITE_MODE_MIXED_PORTS" = "OLD_DATA"
Info (12021): Found 1 design units, including 1 entities, in source file db/altsyncram_qvm1.tdf
    Info (12023): Found entity 1: altsyncram_qvm1 File: C:/Users/moahs/Workspace/LDPC-FPGA-Decoder/fpga/quartus/db/altsyncram_qvm1.tdf Line: 28
Info (12130): Elaborated megafunction instantiation "ldpc_decoder_top:decoder|iteration_controller:ctrl_inst|altsyncram:vn_edge_ids_rtl_0"
Info (12133): Instantiated megafunction "ldpc_decoder_top:decoder|iteration_controller:ctrl_inst|altsyncram:vn_edge_ids_rtl_0" with the following parameter:
    Info (12134): Parameter "OPERATION_MODE" = "DUAL_PORT"
    Info (12134): Parameter "WIDTH_A" = "11"
    Info (12134): Parameter "WIDTHAD_A" = "3"
    Info (12134): Parameter "NUMWORDS_A" = "5"
    Info (12134): Parameter "WIDTH_B" = "11"
    Info (12134): Parameter "WIDTHAD_B" = "3"
    Info (12134): Parameter "NUMWORDS_B" = "5"
    Info (12134): Parameter "ADDRESS_ACLR_A" = "NONE"
    Info (12134): Parameter "OUTDATA_REG_B" = "UNREGISTERED"
    Info (12134): Parameter "ADDRESS_ACLR_B" = "NONE"
    Info (12134): Parameter "OUTDATA_ACLR_B" = "NONE"
    Info (12134): Parameter "ADDRESS_REG_B" = "CLOCK0"
    Info (12134): Parameter "INDATA_ACLR_A" = "NONE"
    Info (12134): Parameter "WRCONTROL_ACLR_A" = "NONE"
    Info (12134): Parameter "READ_DURING_WRITE_MODE_MIXED_PORTS" = "OLD_DATA"
Info (12021): Found 1 design units, including 1 entities, in source file db/altsyncram_kvm1.tdf
    Info (12023): Found entity 1: altsyncram_kvm1 File: C:/Users/moahs/Workspace/LDPC-FPGA-Decoder/fpga/quartus/db/altsyncram_kvm1.tdf Line: 28
Info (12130): Elaborated megafunction instantiation "ldpc_decoder_top:decoder|vn_degree_rom:deg_rom_inst|altsyncram:mem_rtl_0"
Info (12133): Instantiated megafunction "ldpc_decoder_top:decoder|vn_degree_rom:deg_rom_inst|altsyncram:mem_rtl_0" with the following parameter:
    Info (12134): Parameter "OPERATION_MODE" = "ROM"
    Info (12134): Parameter "WIDTH_A" = "4"
    Info (12134): Parameter "WIDTHAD_A" = "9"
    Info (12134): Parameter "NUMWORDS_A" = "512"
    Info (12134): Parameter "OUTDATA_REG_A" = "UNREGISTERED"
    Info (12134): Parameter "ADDRESS_ACLR_A" = "NONE"
    Info (12134): Parameter "OUTDATA_ACLR_A" = "NONE"
    Info (12134): Parameter "INDATA_ACLR_A" = "NONE"
    Info (12134): Parameter "WRCONTROL_ACLR_A" = "NONE"
    Info (12134): Parameter "RAM_BLOCK_TYPE" = "M10K"
    Info (12134): Parameter "INIT_FILE" = "db/cnu_project.ram0_vn_degree_rom_c5ce2bde.hdl.mif"
Info (12021): Found 1 design units, including 1 entities, in source file db/altsyncram_87g1.tdf
    Info (12023): Found entity 1: altsyncram_87g1 File: C:/Users/moahs/Workspace/LDPC-FPGA-Decoder/fpga/quartus/db/altsyncram_87g1.tdf Line: 28
Info (12130): Elaborated megafunction instantiation "ldpc_decoder_top:decoder|vn_rom:vn_rom_inst|altsyncram:mem_rtl_0"
Info (12133): Instantiated megafunction "ldpc_decoder_top:decoder|vn_rom:vn_rom_inst|altsyncram:mem_rtl_0" with the following parameter:
    Info (12134): Parameter "OPERATION_MODE" = "ROM"
    Info (12134): Parameter "WIDTH_A" = "20"
    Info (12134): Parameter "WIDTHAD_A" = "11"
    Info (12134): Parameter "NUMWORDS_A" = "2048"
    Info (12134): Parameter "OUTDATA_REG_A" = "UNREGISTERED"
    Info (12134): Parameter "ADDRESS_ACLR_A" = "NONE"
    Info (12134): Parameter "OUTDATA_ACLR_A" = "NONE"
    Info (12134): Parameter "INDATA_ACLR_A" = "NONE"
    Info (12134): Parameter "WRCONTROL_ACLR_A" = "NONE"
    Info (12134): Parameter "RAM_BLOCK_TYPE" = "M10K"
    Info (12134): Parameter "INIT_FILE" = "db/cnu_project.ram0_vn_rom_9b35fefc.hdl.mif"
Info (12021): Found 1 design units, including 1 entities, in source file db/altsyncram_4kf1.tdf
    Info (12023): Found entity 1: altsyncram_4kf1 File: C:/Users/moahs/Workspace/LDPC-FPGA-Decoder/fpga/quartus/db/altsyncram_4kf1.tdf Line: 28
Info (12130): Elaborated megafunction instantiation "ldpc_decoder_top:decoder|cn_rom:cn_rom_inst|altsyncram:mem_rtl_0"
Info (12133): Instantiated megafunction "ldpc_decoder_top:decoder|cn_rom:cn_rom_inst|altsyncram:mem_rtl_0" with the following parameter:
    Info (12134): Parameter "OPERATION_MODE" = "ROM"
    Info (12134): Parameter "WIDTH_A" = "20"
    Info (12134): Parameter "WIDTHAD_A" = "11"
    Info (12134): Parameter "NUMWORDS_A" = "2048"
    Info (12134): Parameter "OUTDATA_REG_A" = "UNREGISTERED"
    Info (12134): Parameter "ADDRESS_ACLR_A" = "NONE"
    Info (12134): Parameter "OUTDATA_ACLR_A" = "NONE"
    Info (12134): Parameter "INDATA_ACLR_A" = "NONE"
    Info (12134): Parameter "WRCONTROL_ACLR_A" = "NONE"
    Info (12134): Parameter "RAM_BLOCK_TYPE" = "M10K"
    Info (12134): Parameter "INIT_FILE" = "db/cnu_project.ram0_cn_rom_e8dff636.hdl.mif"
Info (12021): Found 1 design units, including 1 entities, in source file db/altsyncram_6if1.tdf
    Info (12023): Found entity 1: altsyncram_6if1 File: C:/Users/moahs/Workspace/LDPC-FPGA-Decoder/fpga/quartus/db/altsyncram_6if1.tdf Line: 28
Info (12130): Elaborated megafunction instantiation "ldpc_decoder_top:decoder|edge_message_bank:cv_bank_inst|altsyncram:edge_memory_rtl_0"
Info (12133): Instantiated megafunction "ldpc_decoder_top:decoder|edge_message_bank:cv_bank_inst|altsyncram:edge_memory_rtl_0" with the following parameter:
    Info (12134): Parameter "OPERATION_MODE" = "DUAL_PORT"
    Info (12134): Parameter "WIDTH_A" = "8"
    Info (12134): Parameter "WIDTHAD_A" = "11"
    Info (12134): Parameter "NUMWORDS_A" = "2048"
    Info (12134): Parameter "WIDTH_B" = "8"
    Info (12134): Parameter "WIDTHAD_B" = "11"
    Info (12134): Parameter "NUMWORDS_B" = "2048"
    Info (12134): Parameter "ADDRESS_ACLR_A" = "NONE"
    Info (12134): Parameter "OUTDATA_REG_B" = "UNREGISTERED"
    Info (12134): Parameter "ADDRESS_ACLR_B" = "NONE"
    Info (12134): Parameter "OUTDATA_ACLR_B" = "NONE"
    Info (12134): Parameter "ADDRESS_REG_B" = "CLOCK0"
    Info (12134): Parameter "INDATA_ACLR_A" = "NONE"
    Info (12134): Parameter "WRCONTROL_ACLR_A" = "NONE"
    Info (12134): Parameter "RAM_BLOCK_TYPE" = "M20K"
    Info (12134): Parameter "READ_DURING_WRITE_MODE_MIXED_PORTS" = "OLD_DATA"
Warning (287001): Assertion warning: Device family Cyclone V does not have M20K blocks -- using available memory blocks File: C:/Users/moahs/Workspace/LDPC-FPGA-Decoder/fpga/quartus/db/altsyncram_m6p1.tdf Line: 282
Info (12021): Found 1 design units, including 1 entities, in source file db/altsyncram_m6p1.tdf
    Info (12023): Found entity 1: altsyncram_m6p1 File: C:/Users/moahs/Workspace/LDPC-FPGA-Decoder/fpga/quartus/db/altsyncram_m6p1.tdf Line: 28
Info (12130): Elaborated megafunction instantiation "ldpc_decoder_top:decoder|llr_bank:llr_bank_inst|altsyncram:llr_mem_rtl_0"
Info (12133): Instantiated megafunction "ldpc_decoder_top:decoder|llr_bank:llr_bank_inst|altsyncram:llr_mem_rtl_0" with the following parameter:
    Info (12134): Parameter "OPERATION_MODE" = "DUAL_PORT"
    Info (12134): Parameter "WIDTH_A" = "1"
    Info (12134): Parameter "WIDTHAD_A" = "9"
    Info (12134): Parameter "NUMWORDS_A" = "512"
    Info (12134): Parameter "WIDTH_B" = "1"
    Info (12134): Parameter "WIDTHAD_B" = "9"
    Info (12134): Parameter "NUMWORDS_B" = "512"
    Info (12134): Parameter "ADDRESS_ACLR_A" = "NONE"
    Info (12134): Parameter "OUTDATA_REG_B" = "UNREGISTERED"
    Info (12134): Parameter "ADDRESS_ACLR_B" = "NONE"
    Info (12134): Parameter "OUTDATA_ACLR_B" = "NONE"
    Info (12134): Parameter "ADDRESS_REG_B" = "CLOCK0"
    Info (12134): Parameter "INDATA_ACLR_A" = "NONE"
    Info (12134): Parameter "WRCONTROL_ACLR_A" = "NONE"
    Info (12134): Parameter "READ_DURING_WRITE_MODE_MIXED_PORTS" = "OLD_DATA"
Info (12021): Found 1 design units, including 1 entities, in source file db/altsyncram_afm1.tdf
    Info (12023): Found entity 1: altsyncram_afm1 File: C:/Users/moahs/Workspace/LDPC-FPGA-Decoder/fpga/quartus/db/altsyncram_afm1.tdf Line: 28
Warning (14284): Synthesized away the following node(s):
    Warning (14285): Synthesized away the following RAM node(s):
        Warning (14320): Synthesized away node "ldpc_decoder_top:decoder|cn_rom:cn_rom_inst|altsyncram:mem_rtl_0|altsyncram_6if1:auto_generated|ram_block1a0" File: C:/Users/moahs/Workspace/LDPC-FPGA-Decoder/fpga/quartus/db/altsyncram_6if1.tdf Line: 35
        Warning (14320): Synthesized away node "ldpc_decoder_top:decoder|cn_rom:cn_rom_inst|altsyncram:mem_rtl_0|altsyncram_6if1:auto_generated|ram_block1a1" File: C:/Users/moahs/Workspace/LDPC-FPGA-Decoder/fpga/quartus/db/altsyncram_6if1.tdf Line: 56
        Warning (14320): Synthesized away node "ldpc_decoder_top:decoder|cn_rom:cn_rom_inst|altsyncram:mem_rtl_0|altsyncram_6if1:auto_generated|ram_block1a2" File: C:/Users/moahs/Workspace/LDPC-FPGA-Decoder/fpga/quartus/db/altsyncram_6if1.tdf Line: 77
        Warning (14320): Synthesized away node "ldpc_decoder_top:decoder|cn_rom:cn_rom_inst|altsyncram:mem_rtl_0|altsyncram_6if1:auto_generated|ram_block1a3" File: C:/Users/moahs/Workspace/LDPC-FPGA-Decoder/fpga/quartus/db/altsyncram_6if1.tdf Line: 98
        Warning (14320): Synthesized away node "ldpc_decoder_top:decoder|cn_rom:cn_rom_inst|altsyncram:mem_rtl_0|altsyncram_6if1:auto_generated|ram_block1a4" File: C:/Users/moahs/Workspace/LDPC-FPGA-Decoder/fpga/quartus/db/altsyncram_6if1.tdf Line: 119
        Warning (14320): Synthesized away node "ldpc_decoder_top:decoder|cn_rom:cn_rom_inst|altsyncram:mem_rtl_0|altsyncram_6if1:auto_generated|ram_block1a5" File: C:/Users/moahs/Workspace/LDPC-FPGA-Decoder/fpga/quartus/db/altsyncram_6if1.tdf Line: 140
        Warning (14320): Synthesized away node "ldpc_decoder_top:decoder|cn_rom:cn_rom_inst|altsyncram:mem_rtl_0|altsyncram_6if1:auto_generated|ram_block1a6" File: C:/Users/moahs/Workspace/LDPC-FPGA-Decoder/fpga/quartus/db/altsyncram_6if1.tdf Line: 161
        Warning (14320): Synthesized away node "ldpc_decoder_top:decoder|cn_rom:cn_rom_inst|altsyncram:mem_rtl_0|altsyncram_6if1:auto_generated|ram_block1a7" File: C:/Users/moahs/Workspace/LDPC-FPGA-Decoder/fpga/quartus/db/altsyncram_6if1.tdf Line: 182
        Warning (14320): Synthesized away node "ldpc_decoder_top:decoder|cn_rom:cn_rom_inst|altsyncram:mem_rtl_0|altsyncram_6if1:auto_generated|ram_block1a8" File: C:/Users/moahs/Workspace/LDPC-FPGA-Decoder/fpga/quartus/db/altsyncram_6if1.tdf Line: 203
        Warning (14320): Synthesized away node "ldpc_decoder_top:decoder|vn_rom:vn_rom_inst|altsyncram:mem_rtl_0|altsyncram_4kf1:auto_generated|ram_block1a11" File: C:/Users/moahs/Workspace/LDPC-FPGA-Decoder/fpga/quartus/db/altsyncram_4kf1.tdf Line: 266
        Warning (14320): Synthesized away node "ldpc_decoder_top:decoder|vn_rom:vn_rom_inst|altsyncram:mem_rtl_0|altsyncram_4kf1:auto_generated|ram_block1a12" File: C:/Users/moahs/Workspace/LDPC-FPGA-Decoder/fpga/quartus/db/altsyncram_4kf1.tdf Line: 287
        Warning (14320): Synthesized away node "ldpc_decoder_top:decoder|vn_rom:vn_rom_inst|altsyncram:mem_rtl_0|altsyncram_4kf1:auto_generated|ram_block1a13" File: C:/Users/moahs/Workspace/LDPC-FPGA-Decoder/fpga/quartus/db/altsyncram_4kf1.tdf Line: 308
        Warning (14320): Synthesized away node "ldpc_decoder_top:decoder|vn_rom:vn_rom_inst|altsyncram:mem_rtl_0|altsyncram_4kf1:auto_generated|ram_block1a14" File: C:/Users/moahs/Workspace/LDPC-FPGA-Decoder/fpga/quartus/db/altsyncram_4kf1.tdf Line: 329
        Warning (14320): Synthesized away node "ldpc_decoder_top:decoder|vn_rom:vn_rom_inst|altsyncram:mem_rtl_0|altsyncram_4kf1:auto_generated|ram_block1a15" File: C:/Users/moahs/Workspace/LDPC-FPGA-Decoder/fpga/quartus/db/altsyncram_4kf1.tdf Line: 350
        Warning (14320): Synthesized away node "ldpc_decoder_top:decoder|vn_rom:vn_rom_inst|altsyncram:mem_rtl_0|altsyncram_4kf1:auto_generated|ram_block1a16" File: C:/Users/moahs/Workspace/LDPC-FPGA-Decoder/fpga/quartus/db/altsyncram_4kf1.tdf Line: 371
        Warning (14320): Synthesized away node "ldpc_decoder_top:decoder|vn_rom:vn_rom_inst|altsyncram:mem_rtl_0|altsyncram_4kf1:auto_generated|ram_block1a17" File: C:/Users/moahs/Workspace/LDPC-FPGA-Decoder/fpga/quartus/db/altsyncram_4kf1.tdf Line: 392
        Warning (14320): Synthesized away node "ldpc_decoder_top:decoder|vn_rom:vn_rom_inst|altsyncram:mem_rtl_0|altsyncram_4kf1:auto_generated|ram_block1a18" File: C:/Users/moahs/Workspace/LDPC-FPGA-Decoder/fpga/quartus/db/altsyncram_4kf1.tdf Line: 413
        Warning (14320): Synthesized away node "ldpc_decoder_top:decoder|vn_rom:vn_rom_inst|altsyncram:mem_rtl_0|altsyncram_4kf1:auto_generated|ram_block1a19" File: C:/Users/moahs/Workspace/LDPC-FPGA-Decoder/fpga/quartus/db/altsyncram_4kf1.tdf Line: 434
        Warning (14320): Synthesized away node "ldpc_decoder_top:decoder|vn_degree_rom:deg_rom_inst|altsyncram:mem_rtl_0|altsyncram_87g1:auto_generated|ram_block1a3" File: C:/Users/moahs/Workspace/LDPC-FPGA-Decoder/fpga/quartus/db/altsyncram_87g1.tdf Line: 98
Warning (13024): Output pins are stuck at VCC or GND
    Warning (13410): Pin "LEDR[5]" is stuck at GND File: C:/Users/moahs/Workspace/LDPC-FPGA-Decoder/fpga/quartus/de1_soc_ccsds_top.sv Line: 17
    Warning (13410): Pin "LEDR[6]" is stuck at GND File: C:/Users/moahs/Workspace/LDPC-FPGA-Decoder/fpga/quartus/de1_soc_ccsds_top.sv Line: 17
    Warning (13410): Pin "LEDR[7]" is stuck at GND File: C:/Users/moahs/Workspace/LDPC-FPGA-Decoder/fpga/quartus/de1_soc_ccsds_top.sv Line: 17
    Warning (13410): Pin "LEDR[8]" is stuck at GND File: C:/Users/moahs/Workspace/LDPC-FPGA-Decoder/fpga/quartus/de1_soc_ccsds_top.sv Line: 17
Info (286030): Timing-Driven Synthesis is running
Info (17049): 5 registers lost all their fanouts during netlist optimizations.
Info (144001): Generated suppressed messages file C:/Users/moahs/Workspace/LDPC-FPGA-Decoder/fpga/quartus/output_files/cnu_project.map.smsg
Info (16010): Generating hard_block partition "hard_block:auto_generated_inst"
    Info (16011): Adding 0 node(s), including 0 DDIO, 0 PLL, 0 transceiver and 0 LCELL
Warning (21074): Design contains 3 input pin(s) that do not drive logic
    Warning (15610): No output dependent on input pin "KEY[1]" File: C:/Users/moahs/Workspace/LDPC-FPGA-Decoder/fpga/quartus/de1_soc_ccsds_top.sv Line: 15
    Warning (15610): No output dependent on input pin "KEY[2]" File: C:/Users/moahs/Workspace/LDPC-FPGA-Decoder/fpga/quartus/de1_soc_ccsds_top.sv Line: 15
    Warning (15610): No output dependent on input pin "KEY[3]" File: C:/Users/moahs/Workspace/LDPC-FPGA-Decoder/fpga/quartus/de1_soc_ccsds_top.sv Line: 15
Info (21057): Implemented 2564 device resources after synthesis - the final resource count might be different
    Info (21058): Implemented 5 input pins
    Info (21059): Implemented 10 output pins
    Info (21061): Implemented 2485 logic cells
    Info (21064): Implemented 64 RAM segments
Info: Quartus Prime Analysis & Synthesis was successful. 0 errors, 45 warnings
    Info: Peak virtual memory: 4985 megabytes
    Info: Processing ended: Sun Aug 16 14:12:48 2026
    Info: Elapsed time: 00:00:14
    Info: Total CPU time (on all processors): 00:00:22


+------------------------------------------+
; Analysis & Synthesis Suppressed Messages ;
+------------------------------------------+
The suppressed messages can be found in C:/Users/moahs/Workspace/LDPC-FPGA-Decoder/fpga/quartus/output_files/cnu_project.map.smsg.


