Analysis & Synthesis report for qc_ldpc_decoder_top
Sun Aug 16 15:20:20 2026
Quartus Prime Version 22.1std.2 Build 922 07/20/2023 SC Lite Edition


---------------------
; Table of Contents ;
---------------------
  1. Legal Notice
  2. Analysis & Synthesis Summary
  3. Analysis & Synthesis Settings
  4. Parallel Compilation
  5. Analysis & Synthesis Source Files Read
  6. Analysis & Synthesis Resource Usage Summary
  7. Analysis & Synthesis Resource Utilization by Entity
  8. Analysis & Synthesis RAM Summary
  9. State Machine - |de1_soc_ldpc_top|top_state
 10. State Machine - |de1_soc_ldpc_top|qc_ldpc_decoder_top:decoder|qc_iteration_controller:ctrl_inst|state
 11. Registers Protected by Synthesis
 12. Registers Removed During Synthesis
 13. Removed Registers Triggering Further Register Optimizations
 14. General Register Statistics
 15. Registers Packed Into Inferred Megafunctions
 16. Multiplexer Restructuring Statistics (Restructuring Performed)
 17. Source assignments for Top-level Entity: |de1_soc_ldpc_top
 18. Source assignments for qc_ldpc_decoder_top:decoder|qc_vn_cn_slot_rom:vn_cn_slot_rom_inst|altsyncram:mem_rtl_0|altsyncram_s6h1:auto_generated
 19. Source assignments for qc_ldpc_decoder_top:decoder|qc_vn_rom:vn_rom_inst|altsyncram:mem_rtl_0|altsyncram_jdg1:auto_generated
 20. Source assignments for qc_ldpc_decoder_top:decoder|qc_cn_rom:cn_rom_inst|altsyncram:mem_rtl_0|altsyncram_9eg1:auto_generated
 21. Parameter Settings for User Entity Instance: qc_ldpc_decoder_top:decoder
 22. Parameter Settings for User Entity Instance: qc_ldpc_decoder_top:decoder|qc_llr_bank:llr_bank_inst
 23. Parameter Settings for User Entity Instance: qc_ldpc_decoder_top:decoder|qc_vc_bank:vc_bank_inst
 24. Parameter Settings for User Entity Instance: qc_ldpc_decoder_top:decoder|qc_cv_bank:cv_bank_inst
 25. Parameter Settings for User Entity Instance: qc_ldpc_decoder_top:decoder|qc_cn_rom:cn_rom_inst
 26. Parameter Settings for User Entity Instance: qc_ldpc_decoder_top:decoder|qc_vn_rom:vn_rom_inst
 27. Parameter Settings for User Entity Instance: qc_ldpc_decoder_top:decoder|qc_vn_cn_slot_rom:vn_cn_slot_rom_inst
 28. Parameter Settings for User Entity Instance: qc_ldpc_decoder_top:decoder|barrel_shifter:shifter_inst
 29. Parameter Settings for User Entity Instance: qc_ldpc_decoder_top:decoder|cnu:cnu_array[0].cnu_inst
 30. Parameter Settings for User Entity Instance: qc_ldpc_decoder_top:decoder|cnu:cnu_array[1].cnu_inst
 31. Parameter Settings for User Entity Instance: qc_ldpc_decoder_top:decoder|cnu:cnu_array[2].cnu_inst
 32. Parameter Settings for User Entity Instance: qc_ldpc_decoder_top:decoder|cnu:cnu_array[3].cnu_inst
 33. Parameter Settings for User Entity Instance: qc_ldpc_decoder_top:decoder|cnu:cnu_array[4].cnu_inst
 34. Parameter Settings for User Entity Instance: qc_ldpc_decoder_top:decoder|cnu:cnu_array[5].cnu_inst
 35. Parameter Settings for User Entity Instance: qc_ldpc_decoder_top:decoder|cnu:cnu_array[6].cnu_inst
 36. Parameter Settings for User Entity Instance: qc_ldpc_decoder_top:decoder|cnu:cnu_array[7].cnu_inst
 37. Parameter Settings for User Entity Instance: qc_ldpc_decoder_top:decoder|vnu:vnu_array[0].vnu_inst
 38. Parameter Settings for User Entity Instance: qc_ldpc_decoder_top:decoder|vnu:vnu_array[1].vnu_inst
 39. Parameter Settings for User Entity Instance: qc_ldpc_decoder_top:decoder|vnu:vnu_array[2].vnu_inst
 40. Parameter Settings for User Entity Instance: qc_ldpc_decoder_top:decoder|vnu:vnu_array[3].vnu_inst
 41. Parameter Settings for User Entity Instance: qc_ldpc_decoder_top:decoder|vnu:vnu_array[4].vnu_inst
 42. Parameter Settings for User Entity Instance: qc_ldpc_decoder_top:decoder|vnu:vnu_array[5].vnu_inst
 43. Parameter Settings for User Entity Instance: qc_ldpc_decoder_top:decoder|vnu:vnu_array[6].vnu_inst
 44. Parameter Settings for User Entity Instance: qc_ldpc_decoder_top:decoder|vnu:vnu_array[7].vnu_inst
 45. Parameter Settings for User Entity Instance: qc_ldpc_decoder_top:decoder|syndrome_checker:syndrome_inst
 46. Parameter Settings for User Entity Instance: qc_ldpc_decoder_top:decoder|qc_row_weight_rom:row_w_rom_inst
 47. Parameter Settings for User Entity Instance: qc_ldpc_decoder_top:decoder|qc_col_weight_rom:col_w_rom_inst
 48. Parameter Settings for User Entity Instance: qc_ldpc_decoder_top:decoder|qc_iteration_controller:ctrl_inst
 49. Parameter Settings for Inferred Entity Instance: qc_ldpc_decoder_top:decoder|qc_vn_cn_slot_rom:vn_cn_slot_rom_inst|altsyncram:mem_rtl_0
 50. Parameter Settings for Inferred Entity Instance: qc_ldpc_decoder_top:decoder|qc_vn_rom:vn_rom_inst|altsyncram:mem_rtl_0
 51. Parameter Settings for Inferred Entity Instance: qc_ldpc_decoder_top:decoder|qc_cn_rom:cn_rom_inst|altsyncram:mem_rtl_0
 52. altsyncram Parameter Settings by Entity Instance
 53. Port Connectivity Checks: "qc_ldpc_decoder_top:decoder"
 54. Post-Synthesis Netlist Statistics for Top Partition
 55. Elapsed Time Per Partition
 56. Analysis & Synthesis Messages
 57. Analysis & Synthesis Suppressed Messages



----------------
; Legal Notice ;
----------------
Copyright (C) 2023  Intel Corporation. All rights reserved.
Your use of Intel Corporation's design tools, logic functions 
and other software and tools, and any partner logic 
functions, and any output files from any of the foregoing 
(including device programming or simulation files), and any 
associated documentation or information are expressly subject 
to the terms and conditions of the Intel Program License 
Subscription Agreement, the Intel Quartus Prime License Agreement,
the Intel FPGA IP License Agreement, or other applicable license
agreement, including, without limitation, that your use is for
the sole purpose of programming logic devices manufactured by
Intel and sold by Intel or its authorized distributors.  Please
refer to the applicable agreement for further details, at
https://fpgasoftware.intel.com/eula.



+----------------------------------------------------------------------------------+
; Analysis & Synthesis Summary                                                     ;
+---------------------------------+------------------------------------------------+
; Analysis & Synthesis Status     ; Successful - Sun Aug 16 15:20:18 2026          ;
; Quartus Prime Version           ; 22.1std.2 Build 922 07/20/2023 SC Lite Edition ;
; Revision Name                   ; qc_ldpc_decoder_top                            ;
; Top-level Entity Name           ; de1_soc_ldpc_top                               ;
; Family                          ; Cyclone V                                      ;
; Logic utilization (in ALMs)     ; N/A                                            ;
; Total registers                 ; 27606                                          ;
; Total pins                      ; 15                                             ;
; Total virtual pins              ; 0                                              ;
; Total block memory bits         ; 2,688                                          ;
; Total DSP Blocks                ; 0                                              ;
; Total HSSI RX PCSs              ; 0                                              ;
; Total HSSI PMA RX Deserializers ; 0                                              ;
; Total HSSI TX PCSs              ; 0                                              ;
; Total HSSI PMA TX Serializers   ; 0                                              ;
; Total PLLs                      ; 0                                              ;
; Total DLLs                      ; 0                                              ;
+---------------------------------+------------------------------------------------+


+----------------------------------------------------------------------------------------------------------------------------+
; Analysis & Synthesis Settings                                                                                              ;
+---------------------------------------------------------------------------------+--------------------+---------------------+
; Option                                                                          ; Setting            ; Default Value       ;
+---------------------------------------------------------------------------------+--------------------+---------------------+
; Device                                                                          ; 5CSEMA5F31C6       ;                     ;
; Top-level entity name                                                           ; de1_soc_ldpc_top   ; qc_ldpc_decoder_top ;
; Family name                                                                     ; Cyclone V          ; Cyclone V           ;
; Use smart compilation                                                           ; Off                ; Off                 ;
; Enable parallel Assembler and Timing Analyzer during compilation                ; On                 ; On                  ;
; Enable compact report table                                                     ; Off                ; Off                 ;
; Restructure Multiplexers                                                        ; Auto               ; Auto                ;
; MLAB Add Timing Constraints For Mixed-Port Feed-Through Mode Setting Don't Care ; Off                ; Off                 ;
; Create Debugging Nodes for IP Cores                                             ; Off                ; Off                 ;
; Preserve fewer node names                                                       ; On                 ; On                  ;
; Intel FPGA IP Evaluation Mode                                                   ; Enable             ; Enable              ;
; Verilog Version                                                                 ; Verilog_2001       ; Verilog_2001        ;
; VHDL Version                                                                    ; VHDL_1993          ; VHDL_1993           ;
; State Machine Processing                                                        ; Auto               ; Auto                ;
; Safe State Machine                                                              ; Off                ; Off                 ;
; Extract Verilog State Machines                                                  ; On                 ; On                  ;
; Extract VHDL State Machines                                                     ; On                 ; On                  ;
; Ignore Verilog initial constructs                                               ; Off                ; Off                 ;
; Iteration limit for constant Verilog loops                                      ; 5000               ; 5000                ;
; Iteration limit for non-constant Verilog loops                                  ; 250                ; 250                 ;
; Add Pass-Through Logic to Inferred RAMs                                         ; On                 ; On                  ;
; Infer RAMs from Raw Logic                                                       ; On                 ; On                  ;
; Parallel Synthesis                                                              ; On                 ; On                  ;
; DSP Block Balancing                                                             ; Auto               ; Auto                ;
; NOT Gate Push-Back                                                              ; On                 ; On                  ;
; Power-Up Don't Care                                                             ; On                 ; On                  ;
; Remove Redundant Logic Cells                                                    ; Off                ; Off                 ;
; Remove Duplicate Registers                                                      ; On                 ; On                  ;
; Ignore CARRY Buffers                                                            ; Off                ; Off                 ;
; Ignore CASCADE Buffers                                                          ; Off                ; Off                 ;
; Ignore GLOBAL Buffers                                                           ; Off                ; Off                 ;
; Ignore ROW GLOBAL Buffers                                                       ; Off                ; Off                 ;
; Ignore LCELL Buffers                                                            ; Off                ; Off                 ;
; Ignore SOFT Buffers                                                             ; On                 ; On                  ;
; Limit AHDL Integers to 32 Bits                                                  ; Off                ; Off                 ;
; Optimization Technique                                                          ; Balanced           ; Balanced            ;
; Carry Chain Length                                                              ; 70                 ; 70                  ;
; Auto Carry Chains                                                               ; On                 ; On                  ;
; Auto Open-Drain Pins                                                            ; On                 ; On                  ;
; Perform WYSIWYG Primitive Resynthesis                                           ; Off                ; Off                 ;
; Auto ROM Replacement                                                            ; On                 ; On                  ;
; Auto RAM Replacement                                                            ; On                 ; On                  ;
; Auto DSP Block Replacement                                                      ; On                 ; On                  ;
; Auto Shift Register Replacement                                                 ; Auto               ; Auto                ;
; Allow Shift Register Merging across Hierarchies                                 ; Auto               ; Auto                ;
; Auto Clock Enable Replacement                                                   ; On                 ; On                  ;
; Strict RAM Replacement                                                          ; Off                ; Off                 ;
; Allow Synchronous Control Signals                                               ; On                 ; On                  ;
; Force Use of Synchronous Clear Signals                                          ; Off                ; Off                 ;
; Auto Resource Sharing                                                           ; Off                ; Off                 ;
; Allow Any RAM Size For Recognition                                              ; Off                ; Off                 ;
; Allow Any ROM Size For Recognition                                              ; Off                ; Off                 ;
; Allow Any Shift Register Size For Recognition                                   ; Off                ; Off                 ;
; Use LogicLock Constraints during Resource Balancing                             ; On                 ; On                  ;
; Ignore translate_off and synthesis_off directives                               ; Off                ; Off                 ;
; Timing-Driven Synthesis                                                         ; On                 ; On                  ;
; Report Parameter Settings                                                       ; On                 ; On                  ;
; Report Source Assignments                                                       ; On                 ; On                  ;
; Report Connectivity Checks                                                      ; On                 ; On                  ;
; Ignore Maximum Fan-Out Assignments                                              ; Off                ; Off                 ;
; Synchronization Register Chain Length                                           ; 3                  ; 3                   ;
; Power Optimization During Synthesis                                             ; Normal compilation ; Normal compilation  ;
; HDL message level                                                               ; Level2             ; Level2              ;
; Suppress Register Optimization Related Messages                                 ; Off                ; Off                 ;
; Number of Removed Registers Reported in Synthesis Report                        ; 5000               ; 5000                ;
; Number of Swept Nodes Reported in Synthesis Report                              ; 5000               ; 5000                ;
; Number of Inverted Registers Reported in Synthesis Report                       ; 100                ; 100                 ;
; Clock MUX Protection                                                            ; On                 ; On                  ;
; Auto Gated Clock Conversion                                                     ; Off                ; Off                 ;
; Block Design Naming                                                             ; Auto               ; Auto                ;
; SDC constraint protection                                                       ; Off                ; Off                 ;
; Synthesis Effort                                                                ; Auto               ; Auto                ;
; Shift Register Replacement - Allow Asynchronous Clear Signal                    ; On                 ; On                  ;
; Pre-Mapping Resynthesis Optimization                                            ; Off                ; Off                 ;
; Analysis & Synthesis Message Level                                              ; Medium             ; Medium              ;
; Disable Register Merging Across Hierarchies                                     ; Auto               ; Auto                ;
; Resource Aware Inference For Block RAM                                          ; On                 ; On                  ;
; Automatic Parallel Synthesis                                                    ; On                 ; On                  ;
; Partial Reconfiguration Bitstream ID                                            ; Off                ; Off                 ;
+---------------------------------------------------------------------------------+--------------------+---------------------+


+------------------------------------------+
; Parallel Compilation                     ;
+----------------------------+-------------+
; Processors                 ; Number      ;
+----------------------------+-------------+
; Number detected on machine ; 22          ;
; Maximum allowed            ; 16          ;
;                            ;             ;
; Average used               ; 3.22        ;
; Maximum used               ; 16          ;
;                            ;             ;
; Usage by Processor         ; % Time Used ;
;     Processor 1            ; 100.0%      ;
;     Processor 2            ;  24.0%      ;
;     Processor 3            ;  24.0%      ;
;     Processor 4            ;  24.0%      ;
;     Processor 5            ;  15.6%      ;
;     Processor 6            ;  13.2%      ;
;     Processor 7            ;  13.2%      ;
;     Processor 8            ;  13.2%      ;
;     Processor 9            ;  13.2%      ;
;     Processor 10           ;  13.2%      ;
;     Processor 11           ;  12.3%      ;
;     Processor 12           ;  11.4%      ;
;     Processor 13           ;  11.3%      ;
;     Processor 14           ;  11.2%      ;
;     Processor 15           ;  11.2%      ;
;     Processor 16           ;  11.2%      ;
+----------------------------+-------------+


+-----------------------------------------------------------------------------------------------------------------------------------------------------------------------------------------------------------------------------------------------------------------------------+
; Analysis & Synthesis Source Files Read                                                                                                                                                                                                                                      ;
+----------------------------------------------------------------+-----------------+-------------------------------------------------------+------------------------------------------------------------------------------------------------------------------------+---------+
; File Name with User-Entered Path                               ; Used in Netlist ; File Type                                             ; File Name with Absolute Path                                                                                           ; Library ;
+----------------------------------------------------------------+-----------------+-------------------------------------------------------+------------------------------------------------------------------------------------------------------------------------+---------+
; ../rtl/cnu.sv                                                  ; yes             ; User SystemVerilog HDL File                           ; C:/Users/moahs/Workspace/LDPC-FPGA-Decoder/fpga/rtl/cnu.sv                                                             ;         ;
; ../rtl/syndrome_checker.sv                                     ; yes             ; User SystemVerilog HDL File                           ; C:/Users/moahs/Workspace/LDPC-FPGA-Decoder/fpga/rtl/syndrome_checker.sv                                                ;         ;
; ../rtl/vnu.sv                                                  ; yes             ; User SystemVerilog HDL File                           ; C:/Users/moahs/Workspace/LDPC-FPGA-Decoder/fpga/rtl/vnu.sv                                                             ;         ;
; ../rtl/qc_ldpc_decoder_top.sv                                  ; yes             ; User SystemVerilog HDL File                           ; C:/Users/moahs/Workspace/LDPC-FPGA-Decoder/fpga/rtl/qc_ldpc_decoder_top.sv                                             ;         ;
; ../rtl/qc_iteration_controller.sv                              ; yes             ; User SystemVerilog HDL File                           ; C:/Users/moahs/Workspace/LDPC-FPGA-Decoder/fpga/rtl/qc_iteration_controller.sv                                         ;         ;
; ../rtl/qc_llr_bank.sv                                          ; yes             ; User SystemVerilog HDL File                           ; C:/Users/moahs/Workspace/LDPC-FPGA-Decoder/fpga/rtl/qc_llr_bank.sv                                                     ;         ;
; ../rtl/qc_vc_bank.sv                                           ; yes             ; User SystemVerilog HDL File                           ; C:/Users/moahs/Workspace/LDPC-FPGA-Decoder/fpga/rtl/qc_vc_bank.sv                                                      ;         ;
; ../rtl/qc_cv_bank.sv                                           ; yes             ; User SystemVerilog HDL File                           ; C:/Users/moahs/Workspace/LDPC-FPGA-Decoder/fpga/rtl/qc_cv_bank.sv                                                      ;         ;
; ../rtl/barrel_shifter.sv                                       ; yes             ; User SystemVerilog HDL File                           ; C:/Users/moahs/Workspace/LDPC-FPGA-Decoder/fpga/rtl/barrel_shifter.sv                                                  ;         ;
; ../rtl/qc_cn_rom.sv                                            ; yes             ; User SystemVerilog HDL File                           ; C:/Users/moahs/Workspace/LDPC-FPGA-Decoder/fpga/rtl/qc_cn_rom.sv                                                       ;         ;
; ../rtl/qc_vn_rom.sv                                            ; yes             ; User SystemVerilog HDL File                           ; C:/Users/moahs/Workspace/LDPC-FPGA-Decoder/fpga/rtl/qc_vn_rom.sv                                                       ;         ;
; ../rtl/qc_vn_cn_slot_rom.sv                                    ; yes             ; User SystemVerilog HDL File                           ; C:/Users/moahs/Workspace/LDPC-FPGA-Decoder/fpga/rtl/qc_vn_cn_slot_rom.sv                                               ;         ;
; ../rtl/qc_row_weight_rom.sv                                    ; yes             ; User SystemVerilog HDL File                           ; C:/Users/moahs/Workspace/LDPC-FPGA-Decoder/fpga/rtl/qc_row_weight_rom.sv                                               ;         ;
; ../rtl/qc_col_weight_rom.sv                                    ; yes             ; User SystemVerilog HDL File                           ; C:/Users/moahs/Workspace/LDPC-FPGA-Decoder/fpga/rtl/qc_col_weight_rom.sv                                               ;         ;
; ../rtl/de1_soc_ldpc_top.sv                                     ; yes             ; User SystemVerilog HDL File                           ; C:/Users/moahs/Workspace/LDPC-FPGA-Decoder/fpga/rtl/de1_soc_ldpc_top.sv                                                ;         ;
; qc_vn_rom.mem                                                  ; yes             ; Auto-Found Unspecified File                           ; C:/Users/moahs/Workspace/LDPC-FPGA-Decoder/fpga/quartus/qc_vn_rom.mem                                                  ;         ;
; check_node_map.mem                                             ; yes             ; Auto-Found Unspecified File                           ; C:/Users/moahs/Workspace/LDPC-FPGA-Decoder/fpga/quartus/check_node_map.mem                                             ;         ;
; qc_row_weight.mem                                              ; yes             ; Auto-Found Unspecified File                           ; C:/Users/moahs/Workspace/LDPC-FPGA-Decoder/fpga/quartus/qc_row_weight.mem                                              ;         ;
; qc_vn_cn_slot.mem                                              ; yes             ; Auto-Found Unspecified File                           ; C:/Users/moahs/Workspace/LDPC-FPGA-Decoder/fpga/quartus/qc_vn_cn_slot.mem                                              ;         ;
; qc_col_weight.mem                                              ; yes             ; Auto-Found Unspecified File                           ; C:/Users/moahs/Workspace/LDPC-FPGA-Decoder/fpga/quartus/qc_col_weight.mem                                              ;         ;
; qc_cn_rom.mem                                                  ; yes             ; Auto-Found Unspecified File                           ; C:/Users/moahs/Workspace/LDPC-FPGA-Decoder/fpga/quartus/qc_cn_rom.mem                                                  ;         ;
; altsyncram.tdf                                                 ; yes             ; Megafunction                                          ; c:/intelfpga_lite/22.1std/quartus/libraries/megafunctions/altsyncram.tdf                                               ;         ;
; stratix_ram_block.inc                                          ; yes             ; Megafunction                                          ; c:/intelfpga_lite/22.1std/quartus/libraries/megafunctions/stratix_ram_block.inc                                        ;         ;
; lpm_mux.inc                                                    ; yes             ; Megafunction                                          ; c:/intelfpga_lite/22.1std/quartus/libraries/megafunctions/lpm_mux.inc                                                  ;         ;
; lpm_decode.inc                                                 ; yes             ; Megafunction                                          ; c:/intelfpga_lite/22.1std/quartus/libraries/megafunctions/lpm_decode.inc                                               ;         ;
; aglobal221.inc                                                 ; yes             ; Megafunction                                          ; c:/intelfpga_lite/22.1std/quartus/libraries/megafunctions/aglobal221.inc                                               ;         ;
; a_rdenreg.inc                                                  ; yes             ; Megafunction                                          ; c:/intelfpga_lite/22.1std/quartus/libraries/megafunctions/a_rdenreg.inc                                                ;         ;
; altrom.inc                                                     ; yes             ; Megafunction                                          ; c:/intelfpga_lite/22.1std/quartus/libraries/megafunctions/altrom.inc                                                   ;         ;
; altram.inc                                                     ; yes             ; Megafunction                                          ; c:/intelfpga_lite/22.1std/quartus/libraries/megafunctions/altram.inc                                                   ;         ;
; altdpram.inc                                                   ; yes             ; Megafunction                                          ; c:/intelfpga_lite/22.1std/quartus/libraries/megafunctions/altdpram.inc                                                 ;         ;
; db/altsyncram_s6h1.tdf                                         ; yes             ; Auto-Generated Megafunction                           ; C:/Users/moahs/Workspace/LDPC-FPGA-Decoder/fpga/quartus/db/altsyncram_s6h1.tdf                                         ;         ;
; db/qc_ldpc_decoder_top.ram0_qc_vn_cn_slot_rom_394f0375.hdl.mif ; yes             ; Auto-Generated Auto-Found Memory Initialization File  ; C:/Users/moahs/Workspace/LDPC-FPGA-Decoder/fpga/quartus/db/qc_ldpc_decoder_top.ram0_qc_vn_cn_slot_rom_394f0375.hdl.mif ;         ;
; db/altsyncram_jdg1.tdf                                         ; yes             ; Auto-Generated Megafunction                           ; C:/Users/moahs/Workspace/LDPC-FPGA-Decoder/fpga/quartus/db/altsyncram_jdg1.tdf                                         ;         ;
; db/qc_ldpc_decoder_top.ram0_qc_vn_rom_136552aa.hdl.mif         ; yes             ; Auto-Generated Auto-Found Memory Initialization File  ; C:/Users/moahs/Workspace/LDPC-FPGA-Decoder/fpga/quartus/db/qc_ldpc_decoder_top.ram0_qc_vn_rom_136552aa.hdl.mif         ;         ;
; db/altsyncram_9eg1.tdf                                         ; yes             ; Auto-Generated Megafunction                           ; C:/Users/moahs/Workspace/LDPC-FPGA-Decoder/fpga/quartus/db/altsyncram_9eg1.tdf                                         ;         ;
; db/qc_ldpc_decoder_top.ram0_qc_cn_rom_1142da0c.hdl.mif         ; yes             ; Auto-Generated Auto-Found Memory Initialization File  ; C:/Users/moahs/Workspace/LDPC-FPGA-Decoder/fpga/quartus/db/qc_ldpc_decoder_top.ram0_qc_cn_rom_1142da0c.hdl.mif         ;         ;
+----------------------------------------------------------------+-----------------+-------------------------------------------------------+------------------------------------------------------------------------------------------------------------------------+---------+


+--------------------------------------------------------------+
; Analysis & Synthesis Resource Usage Summary                  ;
+---------------------------------------------+----------------+
; Resource                                    ; Usage          ;
+---------------------------------------------+----------------+
; Estimate of Logic utilization (ALMs needed) ; 19074          ;
;                                             ;                ;
; Combinational ALUT usage for logic          ; 13495          ;
;     -- 7 input functions                    ; 43             ;
;     -- 6 input functions                    ; 9448           ;
;     -- 5 input functions                    ; 859            ;
;     -- 4 input functions                    ; 956            ;
;     -- <=3 input functions                  ; 2189           ;
;                                             ;                ;
; Dedicated logic registers                   ; 27606          ;
;                                             ;                ;
; I/O pins                                    ; 15             ;
; Total MLAB memory bits                      ; 0              ;
; Total block memory bits                     ; 2688           ;
;                                             ;                ;
; Total DSP Blocks                            ; 0              ;
;                                             ;                ;
; Maximum fan-out node                        ; CLOCK_50~input ;
; Maximum fan-out                             ; 27620          ;
; Total fan-out                               ; 157748         ;
; Average fan-out                             ; 3.83           ;
+---------------------------------------------+----------------+


+-------------------------------------------------------------------------------------------------------------------------------------------------------------------------------------------------------------------------------------------------------------------------------------------------------------------------------------------+
; Analysis & Synthesis Resource Utilization by Entity                                                                                                                                                                                                                                                                                       ;
+-----------------------------------------------+---------------------+---------------------------+-------------------+------------+------+--------------+-----------------------------------------------------------------------------------------------------------------------------------------+-------------------------+--------------+
; Compilation Hierarchy Node                    ; Combinational ALUTs ; Dedicated Logic Registers ; Block Memory Bits ; DSP Blocks ; Pins ; Virtual Pins ; Full Hierarchy Name                                                                                                                     ; Entity Name             ; Library Name ;
+-----------------------------------------------+---------------------+---------------------------+-------------------+------------+------+--------------+-----------------------------------------------------------------------------------------------------------------------------------------+-------------------------+--------------+
; |de1_soc_ldpc_top                             ; 13495 (18)          ; 27606 (23)                ; 2688              ; 0          ; 15   ; 0            ; |de1_soc_ldpc_top                                                                                                                       ; de1_soc_ldpc_top        ; work         ;
;    |qc_ldpc_decoder_top:decoder|              ; 13477 (282)         ; 27583 (525)               ; 2688              ; 0          ; 0    ; 0            ; |de1_soc_ldpc_top|qc_ldpc_decoder_top:decoder                                                                                           ; qc_ldpc_decoder_top     ; work         ;
;       |barrel_shifter:shifter_inst|           ; 130 (130)           ; 0 (0)                     ; 0                 ; 0          ; 0    ; 0            ; |de1_soc_ldpc_top|qc_ldpc_decoder_top:decoder|barrel_shifter:shifter_inst                                                               ; barrel_shifter          ; work         ;
;       |cnu:cnu_array[0].cnu_inst|             ; 336 (336)           ; 173 (173)                 ; 0                 ; 0          ; 0    ; 0            ; |de1_soc_ldpc_top|qc_ldpc_decoder_top:decoder|cnu:cnu_array[0].cnu_inst                                                                 ; cnu                     ; work         ;
;       |cnu:cnu_array[1].cnu_inst|             ; 334 (334)           ; 173 (173)                 ; 0                 ; 0          ; 0    ; 0            ; |de1_soc_ldpc_top|qc_ldpc_decoder_top:decoder|cnu:cnu_array[1].cnu_inst                                                                 ; cnu                     ; work         ;
;       |cnu:cnu_array[2].cnu_inst|             ; 334 (334)           ; 173 (173)                 ; 0                 ; 0          ; 0    ; 0            ; |de1_soc_ldpc_top|qc_ldpc_decoder_top:decoder|cnu:cnu_array[2].cnu_inst                                                                 ; cnu                     ; work         ;
;       |cnu:cnu_array[3].cnu_inst|             ; 334 (334)           ; 173 (173)                 ; 0                 ; 0          ; 0    ; 0            ; |de1_soc_ldpc_top|qc_ldpc_decoder_top:decoder|cnu:cnu_array[3].cnu_inst                                                                 ; cnu                     ; work         ;
;       |cnu:cnu_array[4].cnu_inst|             ; 334 (334)           ; 173 (173)                 ; 0                 ; 0          ; 0    ; 0            ; |de1_soc_ldpc_top|qc_ldpc_decoder_top:decoder|cnu:cnu_array[4].cnu_inst                                                                 ; cnu                     ; work         ;
;       |cnu:cnu_array[5].cnu_inst|             ; 326 (326)           ; 173 (173)                 ; 0                 ; 0          ; 0    ; 0            ; |de1_soc_ldpc_top|qc_ldpc_decoder_top:decoder|cnu:cnu_array[5].cnu_inst                                                                 ; cnu                     ; work         ;
;       |cnu:cnu_array[6].cnu_inst|             ; 322 (322)           ; 173 (173)                 ; 0                 ; 0          ; 0    ; 0            ; |de1_soc_ldpc_top|qc_ldpc_decoder_top:decoder|cnu:cnu_array[6].cnu_inst                                                                 ; cnu                     ; work         ;
;       |cnu:cnu_array[7].cnu_inst|             ; 334 (334)           ; 176 (176)                 ; 0                 ; 0          ; 0    ; 0            ; |de1_soc_ldpc_top|qc_ldpc_decoder_top:decoder|cnu:cnu_array[7].cnu_inst                                                                 ; cnu                     ; work         ;
;       |qc_cn_rom:cn_rom_inst|                 ; 0 (0)               ; 0 (0)                     ; 576               ; 0          ; 0    ; 0            ; |de1_soc_ldpc_top|qc_ldpc_decoder_top:decoder|qc_cn_rom:cn_rom_inst                                                                     ; qc_cn_rom               ; work         ;
;          |altsyncram:mem_rtl_0|               ; 0 (0)               ; 0 (0)                     ; 576               ; 0          ; 0    ; 0            ; |de1_soc_ldpc_top|qc_ldpc_decoder_top:decoder|qc_cn_rom:cn_rom_inst|altsyncram:mem_rtl_0                                                ; altsyncram              ; work         ;
;             |altsyncram_9eg1:auto_generated|  ; 0 (0)               ; 0 (0)                     ; 576               ; 0          ; 0    ; 0            ; |de1_soc_ldpc_top|qc_ldpc_decoder_top:decoder|qc_cn_rom:cn_rom_inst|altsyncram:mem_rtl_0|altsyncram_9eg1:auto_generated                 ; altsyncram_9eg1         ; work         ;
;       |qc_col_weight_rom:col_w_rom_inst|      ; 1 (1)               ; 1 (1)                     ; 0                 ; 0          ; 0    ; 0            ; |de1_soc_ldpc_top|qc_ldpc_decoder_top:decoder|qc_col_weight_rom:col_w_rom_inst                                                          ; qc_col_weight_rom       ; work         ;
;       |qc_cv_bank:cv_bank_inst|               ; 4337 (4337)         ; 12352 (12352)             ; 0                 ; 0          ; 0    ; 0            ; |de1_soc_ldpc_top|qc_ldpc_decoder_top:decoder|qc_cv_bank:cv_bank_inst                                                                   ; qc_cv_bank              ; work         ;
;       |qc_iteration_controller:ctrl_inst|     ; 653 (653)           ; 965 (965)                 ; 0                 ; 0          ; 0    ; 0            ; |de1_soc_ldpc_top|qc_ldpc_decoder_top:decoder|qc_iteration_controller:ctrl_inst                                                         ; qc_iteration_controller ; work         ;
;       |qc_row_weight_rom:row_w_rom_inst|      ; 1 (1)               ; 1 (1)                     ; 0                 ; 0          ; 0    ; 0            ; |de1_soc_ldpc_top|qc_ldpc_decoder_top:decoder|qc_row_weight_rom:row_w_rom_inst                                                          ; qc_row_weight_rom       ; work         ;
;       |qc_vc_bank:vc_bank_inst|               ; 4337 (4337)         ; 12352 (12352)             ; 0                 ; 0          ; 0    ; 0            ; |de1_soc_ldpc_top|qc_ldpc_decoder_top:decoder|qc_vc_bank:vc_bank_inst                                                                   ; qc_vc_bank              ; work         ;
;       |qc_vn_cn_slot_rom:vn_cn_slot_rom_inst| ; 0 (0)               ; 0 (0)                     ; 576               ; 0          ; 0    ; 0            ; |de1_soc_ldpc_top|qc_ldpc_decoder_top:decoder|qc_vn_cn_slot_rom:vn_cn_slot_rom_inst                                                     ; qc_vn_cn_slot_rom       ; work         ;
;          |altsyncram:mem_rtl_0|               ; 0 (0)               ; 0 (0)                     ; 576               ; 0          ; 0    ; 0            ; |de1_soc_ldpc_top|qc_ldpc_decoder_top:decoder|qc_vn_cn_slot_rom:vn_cn_slot_rom_inst|altsyncram:mem_rtl_0                                ; altsyncram              ; work         ;
;             |altsyncram_s6h1:auto_generated|  ; 0 (0)               ; 0 (0)                     ; 576               ; 0          ; 0    ; 0            ; |de1_soc_ldpc_top|qc_ldpc_decoder_top:decoder|qc_vn_cn_slot_rom:vn_cn_slot_rom_inst|altsyncram:mem_rtl_0|altsyncram_s6h1:auto_generated ; altsyncram_s6h1         ; work         ;
;       |qc_vn_rom:vn_rom_inst|                 ; 0 (0)               ; 0 (0)                     ; 1536              ; 0          ; 0    ; 0            ; |de1_soc_ldpc_top|qc_ldpc_decoder_top:decoder|qc_vn_rom:vn_rom_inst                                                                     ; qc_vn_rom               ; work         ;
;          |altsyncram:mem_rtl_0|               ; 0 (0)               ; 0 (0)                     ; 1536              ; 0          ; 0    ; 0            ; |de1_soc_ldpc_top|qc_ldpc_decoder_top:decoder|qc_vn_rom:vn_rom_inst|altsyncram:mem_rtl_0                                                ; altsyncram              ; work         ;
;             |altsyncram_jdg1:auto_generated|  ; 0 (0)               ; 0 (0)                     ; 1536              ; 0          ; 0    ; 0            ; |de1_soc_ldpc_top|qc_ldpc_decoder_top:decoder|qc_vn_rom:vn_rom_inst|altsyncram:mem_rtl_0|altsyncram_jdg1:auto_generated                 ; altsyncram_jdg1         ; work         ;
;       |syndrome_checker:syndrome_inst|        ; 602 (602)           ; 0 (0)                     ; 0                 ; 0          ; 0    ; 0            ; |de1_soc_ldpc_top|qc_ldpc_decoder_top:decoder|syndrome_checker:syndrome_inst                                                            ; syndrome_checker        ; work         ;
;       |vnu:vnu_array[0].vnu_inst|             ; 60 (60)             ; 0 (0)                     ; 0                 ; 0          ; 0    ; 0            ; |de1_soc_ldpc_top|qc_ldpc_decoder_top:decoder|vnu:vnu_array[0].vnu_inst                                                                 ; vnu                     ; work         ;
;       |vnu:vnu_array[1].vnu_inst|             ; 60 (60)             ; 0 (0)                     ; 0                 ; 0          ; 0    ; 0            ; |de1_soc_ldpc_top|qc_ldpc_decoder_top:decoder|vnu:vnu_array[1].vnu_inst                                                                 ; vnu                     ; work         ;
;       |vnu:vnu_array[2].vnu_inst|             ; 60 (60)             ; 0 (0)                     ; 0                 ; 0          ; 0    ; 0            ; |de1_soc_ldpc_top|qc_ldpc_decoder_top:decoder|vnu:vnu_array[2].vnu_inst                                                                 ; vnu                     ; work         ;
;       |vnu:vnu_array[3].vnu_inst|             ; 60 (60)             ; 0 (0)                     ; 0                 ; 0          ; 0    ; 0            ; |de1_soc_ldpc_top|qc_ldpc_decoder_top:decoder|vnu:vnu_array[3].vnu_inst                                                                 ; vnu                     ; work         ;
;       |vnu:vnu_array[4].vnu_inst|             ; 60 (60)             ; 0 (0)                     ; 0                 ; 0          ; 0    ; 0            ; |de1_soc_ldpc_top|qc_ldpc_decoder_top:decoder|vnu:vnu_array[4].vnu_inst                                                                 ; vnu                     ; work         ;
;       |vnu:vnu_array[5].vnu_inst|             ; 60 (60)             ; 0 (0)                     ; 0                 ; 0          ; 0    ; 0            ; |de1_soc_ldpc_top|qc_ldpc_decoder_top:decoder|vnu:vnu_array[5].vnu_inst                                                                 ; vnu                     ; work         ;
;       |vnu:vnu_array[6].vnu_inst|             ; 60 (60)             ; 0 (0)                     ; 0                 ; 0          ; 0    ; 0            ; |de1_soc_ldpc_top|qc_ldpc_decoder_top:decoder|vnu:vnu_array[6].vnu_inst                                                                 ; vnu                     ; work         ;
;       |vnu:vnu_array[7].vnu_inst|             ; 60 (60)             ; 0 (0)                     ; 0                 ; 0          ; 0    ; 0            ; |de1_soc_ldpc_top|qc_ldpc_decoder_top:decoder|vnu:vnu_array[7].vnu_inst                                                                 ; vnu                     ; work         ;
+-----------------------------------------------+---------------------+---------------------------+-------------------+------------+------+--------------+-----------------------------------------------------------------------------------------------------------------------------------------+-------------------------+--------------+
Note: For table entries with two numbers listed, the numbers in parentheses indicate the number of resources of the given type used by the specific entity alone. The numbers listed outside of parentheses indicate the total resources of the given type used by the specific entity and all of its sub-entities in the hierarchy.


+------------------------------------------------------------------------------------------------------------------------------------------------------------------------------------------------------------------------------------------------------------------------------------------+
; Analysis & Synthesis RAM Summary                                                                                                                                                                                                                                                         ;
+----------------------------------------------------------------------------------------------------------------------------------+------------+------+--------------+--------------+--------------+--------------+------+----------------------------------------------------------------+
; Name                                                                                                                             ; Type       ; Mode ; Port A Depth ; Port A Width ; Port B Depth ; Port B Width ; Size ; MIF                                                            ;
+----------------------------------------------------------------------------------------------------------------------------------+------------+------+--------------+--------------+--------------+--------------+------+----------------------------------------------------------------+
; qc_ldpc_decoder_top:decoder|qc_cn_rom:cn_rom_inst|altsyncram:mem_rtl_0|altsyncram_9eg1:auto_generated|ALTSYNCRAM                 ; M10K block ; ROM  ; 192          ; 9            ; --           ; --           ; 1728 ; db/qc_ldpc_decoder_top.ram0_qc_cn_rom_1142da0c.hdl.mif         ;
; qc_ldpc_decoder_top:decoder|qc_vn_cn_slot_rom:vn_cn_slot_rom_inst|altsyncram:mem_rtl_0|altsyncram_s6h1:auto_generated|ALTSYNCRAM ; M10K block ; ROM  ; 192          ; 3            ; --           ; --           ; 576  ; db/qc_ldpc_decoder_top.ram0_qc_vn_cn_slot_rom_394f0375.hdl.mif ;
; qc_ldpc_decoder_top:decoder|qc_vn_rom:vn_rom_inst|altsyncram:mem_rtl_0|altsyncram_jdg1:auto_generated|ALTSYNCRAM                 ; M10K block ; ROM  ; 192          ; 8            ; --           ; --           ; 1536 ; db/qc_ldpc_decoder_top.ram0_qc_vn_rom_136552aa.hdl.mif         ;
+----------------------------------------------------------------------------------------------------------------------------------+------------+------+--------------+--------------+--------------+--------------+------+----------------------------------------------------------------+


Encoding Type:  One-Hot
+----------------------------------------------------------------------------+
; State Machine - |de1_soc_ldpc_top|top_state                                ;
+-------------------+------------------+-----------------+-------------------+
; Name              ; top_state.S_LOAD ; top_state.S_RUN ; top_state.S_START ;
+-------------------+------------------+-----------------+-------------------+
; top_state.S_LOAD  ; 0                ; 0               ; 0                 ;
; top_state.S_START ; 1                ; 0               ; 1                 ;
; top_state.S_RUN   ; 1                ; 1               ; 0                 ;
+-------------------+------------------+-----------------+-------------------+


Encoding Type:  One-Hot
+----------------------------------------------------------------------------------------------------------------------------------------------------------------------------------------------------------------------------------------------------------------------------------------------------------------------------------------------------------------------------------------------------------------------------------------------------------------------------------------------------------------------------------------------------------------------------------------------------------------------------+
; State Machine - |de1_soc_ldpc_top|qc_ldpc_decoder_top:decoder|qc_iteration_controller:ctrl_inst|state                                                                                                                                                                                                                                                                                                                                                                                                                                                                                                                      ;
+---------------------+--------------+------------------+---------------------+---------------------+--------------------+---------------------+------------------+--------------------+---------------+---------------------+--------------------+--------------------+-------------------+---------------------+---------------------+--------------------+----------------+----------------+----------------+----------------+------------------+------------------+--------------------+---------------+---------------------+--------------------+--------------------+-------------------+--------------+--------------+
; Name                ; state.S_DONE ; state.S_SYNDROME ; state.S_VN_WB_WRITE ; state.S_VN_WB_SHIFT ; state.S_VN_WB_PREP ; state.S_VNU_COMPUTE ; state.S_VN_LATCH ; state.S_VN_RD_WAIT ; state.S_VN_RD ; state.S_VN_ROM_WAIT ; state.S_VN_ROM_REQ ; state.S_VN_CW_WAIT ; state.S_VN_CW_REQ ; state.S_CN_WB_WRITE ; state.S_CN_WB_SHIFT ; state.S_CN_WB_PREP ; state.S_CNU_P4 ; state.S_CNU_P3 ; state.S_CNU_P2 ; state.S_CNU_P1 ; state.S_CNU_FIRE ; state.S_CN_LATCH ; state.S_CN_RD_WAIT ; state.S_CN_RD ; state.S_CN_ROM_WAIT ; state.S_CN_ROM_REQ ; state.S_CN_RW_WAIT ; state.S_CN_RW_REQ ; state.S_INIT ; state.S_IDLE ;
+---------------------+--------------+------------------+---------------------+---------------------+--------------------+---------------------+------------------+--------------------+---------------+---------------------+--------------------+--------------------+-------------------+---------------------+---------------------+--------------------+----------------+----------------+----------------+----------------+------------------+------------------+--------------------+---------------+---------------------+--------------------+--------------------+-------------------+--------------+--------------+
; state.S_IDLE        ; 0            ; 0                ; 0                   ; 0                   ; 0                  ; 0                   ; 0                ; 0                  ; 0             ; 0                   ; 0                  ; 0                  ; 0                 ; 0                   ; 0                   ; 0                  ; 0              ; 0              ; 0              ; 0              ; 0                ; 0                ; 0                  ; 0             ; 0                   ; 0                  ; 0                  ; 0                 ; 0            ; 0            ;
; state.S_INIT        ; 0            ; 0                ; 0                   ; 0                   ; 0                  ; 0                   ; 0                ; 0                  ; 0             ; 0                   ; 0                  ; 0                  ; 0                 ; 0                   ; 0                   ; 0                  ; 0              ; 0              ; 0              ; 0              ; 0                ; 0                ; 0                  ; 0             ; 0                   ; 0                  ; 0                  ; 0                 ; 1            ; 1            ;
; state.S_CN_RW_REQ   ; 0            ; 0                ; 0                   ; 0                   ; 0                  ; 0                   ; 0                ; 0                  ; 0             ; 0                   ; 0                  ; 0                  ; 0                 ; 0                   ; 0                   ; 0                  ; 0              ; 0              ; 0              ; 0              ; 0                ; 0                ; 0                  ; 0             ; 0                   ; 0                  ; 0                  ; 1                 ; 0            ; 1            ;
; state.S_CN_RW_WAIT  ; 0            ; 0                ; 0                   ; 0                   ; 0                  ; 0                   ; 0                ; 0                  ; 0             ; 0                   ; 0                  ; 0                  ; 0                 ; 0                   ; 0                   ; 0                  ; 0              ; 0              ; 0              ; 0              ; 0                ; 0                ; 0                  ; 0             ; 0                   ; 0                  ; 1                  ; 0                 ; 0            ; 1            ;
; state.S_CN_ROM_REQ  ; 0            ; 0                ; 0                   ; 0                   ; 0                  ; 0                   ; 0                ; 0                  ; 0             ; 0                   ; 0                  ; 0                  ; 0                 ; 0                   ; 0                   ; 0                  ; 0              ; 0              ; 0              ; 0              ; 0                ; 0                ; 0                  ; 0             ; 0                   ; 1                  ; 0                  ; 0                 ; 0            ; 1            ;
; state.S_CN_ROM_WAIT ; 0            ; 0                ; 0                   ; 0                   ; 0                  ; 0                   ; 0                ; 0                  ; 0             ; 0                   ; 0                  ; 0                  ; 0                 ; 0                   ; 0                   ; 0                  ; 0              ; 0              ; 0              ; 0              ; 0                ; 0                ; 0                  ; 0             ; 1                   ; 0                  ; 0                  ; 0                 ; 0            ; 1            ;
; state.S_CN_RD       ; 0            ; 0                ; 0                   ; 0                   ; 0                  ; 0                   ; 0                ; 0                  ; 0             ; 0                   ; 0                  ; 0                  ; 0                 ; 0                   ; 0                   ; 0                  ; 0              ; 0              ; 0              ; 0              ; 0                ; 0                ; 0                  ; 1             ; 0                   ; 0                  ; 0                  ; 0                 ; 0            ; 1            ;
; state.S_CN_RD_WAIT  ; 0            ; 0                ; 0                   ; 0                   ; 0                  ; 0                   ; 0                ; 0                  ; 0             ; 0                   ; 0                  ; 0                  ; 0                 ; 0                   ; 0                   ; 0                  ; 0              ; 0              ; 0              ; 0              ; 0                ; 0                ; 1                  ; 0             ; 0                   ; 0                  ; 0                  ; 0                 ; 0            ; 1            ;
; state.S_CN_LATCH    ; 0            ; 0                ; 0                   ; 0                   ; 0                  ; 0                   ; 0                ; 0                  ; 0             ; 0                   ; 0                  ; 0                  ; 0                 ; 0                   ; 0                   ; 0                  ; 0              ; 0              ; 0              ; 0              ; 0                ; 1                ; 0                  ; 0             ; 0                   ; 0                  ; 0                  ; 0                 ; 0            ; 1            ;
; state.S_CNU_FIRE    ; 0            ; 0                ; 0                   ; 0                   ; 0                  ; 0                   ; 0                ; 0                  ; 0             ; 0                   ; 0                  ; 0                  ; 0                 ; 0                   ; 0                   ; 0                  ; 0              ; 0              ; 0              ; 0              ; 1                ; 0                ; 0                  ; 0             ; 0                   ; 0                  ; 0                  ; 0                 ; 0            ; 1            ;
; state.S_CNU_P1      ; 0            ; 0                ; 0                   ; 0                   ; 0                  ; 0                   ; 0                ; 0                  ; 0             ; 0                   ; 0                  ; 0                  ; 0                 ; 0                   ; 0                   ; 0                  ; 0              ; 0              ; 0              ; 1              ; 0                ; 0                ; 0                  ; 0             ; 0                   ; 0                  ; 0                  ; 0                 ; 0            ; 1            ;
; state.S_CNU_P2      ; 0            ; 0                ; 0                   ; 0                   ; 0                  ; 0                   ; 0                ; 0                  ; 0             ; 0                   ; 0                  ; 0                  ; 0                 ; 0                   ; 0                   ; 0                  ; 0              ; 0              ; 1              ; 0              ; 0                ; 0                ; 0                  ; 0             ; 0                   ; 0                  ; 0                  ; 0                 ; 0            ; 1            ;
; state.S_CNU_P3      ; 0            ; 0                ; 0                   ; 0                   ; 0                  ; 0                   ; 0                ; 0                  ; 0             ; 0                   ; 0                  ; 0                  ; 0                 ; 0                   ; 0                   ; 0                  ; 0              ; 1              ; 0              ; 0              ; 0                ; 0                ; 0                  ; 0             ; 0                   ; 0                  ; 0                  ; 0                 ; 0            ; 1            ;
; state.S_CNU_P4      ; 0            ; 0                ; 0                   ; 0                   ; 0                  ; 0                   ; 0                ; 0                  ; 0             ; 0                   ; 0                  ; 0                  ; 0                 ; 0                   ; 0                   ; 0                  ; 1              ; 0              ; 0              ; 0              ; 0                ; 0                ; 0                  ; 0             ; 0                   ; 0                  ; 0                  ; 0                 ; 0            ; 1            ;
; state.S_CN_WB_PREP  ; 0            ; 0                ; 0                   ; 0                   ; 0                  ; 0                   ; 0                ; 0                  ; 0             ; 0                   ; 0                  ; 0                  ; 0                 ; 0                   ; 0                   ; 1                  ; 0              ; 0              ; 0              ; 0              ; 0                ; 0                ; 0                  ; 0             ; 0                   ; 0                  ; 0                  ; 0                 ; 0            ; 1            ;
; state.S_CN_WB_SHIFT ; 0            ; 0                ; 0                   ; 0                   ; 0                  ; 0                   ; 0                ; 0                  ; 0             ; 0                   ; 0                  ; 0                  ; 0                 ; 0                   ; 1                   ; 0                  ; 0              ; 0              ; 0              ; 0              ; 0                ; 0                ; 0                  ; 0             ; 0                   ; 0                  ; 0                  ; 0                 ; 0            ; 1            ;
; state.S_CN_WB_WRITE ; 0            ; 0                ; 0                   ; 0                   ; 0                  ; 0                   ; 0                ; 0                  ; 0             ; 0                   ; 0                  ; 0                  ; 0                 ; 1                   ; 0                   ; 0                  ; 0              ; 0              ; 0              ; 0              ; 0                ; 0                ; 0                  ; 0             ; 0                   ; 0                  ; 0                  ; 0                 ; 0            ; 1            ;
; state.S_VN_CW_REQ   ; 0            ; 0                ; 0                   ; 0                   ; 0                  ; 0                   ; 0                ; 0                  ; 0             ; 0                   ; 0                  ; 0                  ; 1                 ; 0                   ; 0                   ; 0                  ; 0              ; 0              ; 0              ; 0              ; 0                ; 0                ; 0                  ; 0             ; 0                   ; 0                  ; 0                  ; 0                 ; 0            ; 1            ;
; state.S_VN_CW_WAIT  ; 0            ; 0                ; 0                   ; 0                   ; 0                  ; 0                   ; 0                ; 0                  ; 0             ; 0                   ; 0                  ; 1                  ; 0                 ; 0                   ; 0                   ; 0                  ; 0              ; 0              ; 0              ; 0              ; 0                ; 0                ; 0                  ; 0             ; 0                   ; 0                  ; 0                  ; 0                 ; 0            ; 1            ;
; state.S_VN_ROM_REQ  ; 0            ; 0                ; 0                   ; 0                   ; 0                  ; 0                   ; 0                ; 0                  ; 0             ; 0                   ; 1                  ; 0                  ; 0                 ; 0                   ; 0                   ; 0                  ; 0              ; 0              ; 0              ; 0              ; 0                ; 0                ; 0                  ; 0             ; 0                   ; 0                  ; 0                  ; 0                 ; 0            ; 1            ;
; state.S_VN_ROM_WAIT ; 0            ; 0                ; 0                   ; 0                   ; 0                  ; 0                   ; 0                ; 0                  ; 0             ; 1                   ; 0                  ; 0                  ; 0                 ; 0                   ; 0                   ; 0                  ; 0              ; 0              ; 0              ; 0              ; 0                ; 0                ; 0                  ; 0             ; 0                   ; 0                  ; 0                  ; 0                 ; 0            ; 1            ;
; state.S_VN_RD       ; 0            ; 0                ; 0                   ; 0                   ; 0                  ; 0                   ; 0                ; 0                  ; 1             ; 0                   ; 0                  ; 0                  ; 0                 ; 0                   ; 0                   ; 0                  ; 0              ; 0              ; 0              ; 0              ; 0                ; 0                ; 0                  ; 0             ; 0                   ; 0                  ; 0                  ; 0                 ; 0            ; 1            ;
; state.S_VN_RD_WAIT  ; 0            ; 0                ; 0                   ; 0                   ; 0                  ; 0                   ; 0                ; 1                  ; 0             ; 0                   ; 0                  ; 0                  ; 0                 ; 0                   ; 0                   ; 0                  ; 0              ; 0              ; 0              ; 0              ; 0                ; 0                ; 0                  ; 0             ; 0                   ; 0                  ; 0                  ; 0                 ; 0            ; 1            ;
; state.S_VN_LATCH    ; 0            ; 0                ; 0                   ; 0                   ; 0                  ; 0                   ; 1                ; 0                  ; 0             ; 0                   ; 0                  ; 0                  ; 0                 ; 0                   ; 0                   ; 0                  ; 0              ; 0              ; 0              ; 0              ; 0                ; 0                ; 0                  ; 0             ; 0                   ; 0                  ; 0                  ; 0                 ; 0            ; 1            ;
; state.S_VNU_COMPUTE ; 0            ; 0                ; 0                   ; 0                   ; 0                  ; 1                   ; 0                ; 0                  ; 0             ; 0                   ; 0                  ; 0                  ; 0                 ; 0                   ; 0                   ; 0                  ; 0              ; 0              ; 0              ; 0              ; 0                ; 0                ; 0                  ; 0             ; 0                   ; 0                  ; 0                  ; 0                 ; 0            ; 1            ;
; state.S_VN_WB_PREP  ; 0            ; 0                ; 0                   ; 0                   ; 1                  ; 0                   ; 0                ; 0                  ; 0             ; 0                   ; 0                  ; 0                  ; 0                 ; 0                   ; 0                   ; 0                  ; 0              ; 0              ; 0              ; 0              ; 0                ; 0                ; 0                  ; 0             ; 0                   ; 0                  ; 0                  ; 0                 ; 0            ; 1            ;
; state.S_VN_WB_SHIFT ; 0            ; 0                ; 0                   ; 1                   ; 0                  ; 0                   ; 0                ; 0                  ; 0             ; 0                   ; 0                  ; 0                  ; 0                 ; 0                   ; 0                   ; 0                  ; 0              ; 0              ; 0              ; 0              ; 0                ; 0                ; 0                  ; 0             ; 0                   ; 0                  ; 0                  ; 0                 ; 0            ; 1            ;
; state.S_VN_WB_WRITE ; 0            ; 0                ; 1                   ; 0                   ; 0                  ; 0                   ; 0                ; 0                  ; 0             ; 0                   ; 0                  ; 0                  ; 0                 ; 0                   ; 0                   ; 0                  ; 0              ; 0              ; 0              ; 0              ; 0                ; 0                ; 0                  ; 0             ; 0                   ; 0                  ; 0                  ; 0                 ; 0            ; 1            ;
; state.S_SYNDROME    ; 0            ; 1                ; 0                   ; 0                   ; 0                  ; 0                   ; 0                ; 0                  ; 0             ; 0                   ; 0                  ; 0                  ; 0                 ; 0                   ; 0                   ; 0                  ; 0              ; 0              ; 0              ; 0              ; 0                ; 0                ; 0                  ; 0             ; 0                   ; 0                  ; 0                  ; 0                 ; 0            ; 1            ;
; state.S_DONE        ; 1            ; 0                ; 0                   ; 0                   ; 0                  ; 0                   ; 0                ; 0                  ; 0             ; 0                   ; 0                  ; 0                  ; 0                 ; 0                   ; 0                   ; 0                  ; 0              ; 0              ; 0              ; 0              ; 0                ; 0                ; 0                  ; 0             ; 0                   ; 0                  ; 0                  ; 0                 ; 0            ; 1            ;
+---------------------+--------------+------------------+---------------------+---------------------+--------------------+---------------------+------------------+--------------------+---------------+---------------------+--------------------+--------------------+-------------------+---------------------+---------------------+--------------------+----------------+----------------+----------------+----------------+------------------+------------------+--------------------+---------------+---------------------+--------------------+--------------------+-------------------+--------------+--------------+


+----------------------------------------------------------------------------------------------------------------------------------------------------------+
; Registers Protected by Synthesis                                                                                                                         ;
+------------------------------------------+------------------------------------------------------------------+--------------------------------------------+
; Register Name                            ; Protected by Synthesis Attribute or Preserve Register Assignment ; Not to be Touched by Netlist Optimizations ;
+------------------------------------------+------------------------------------------------------------------+--------------------------------------------+
; dec_anchor                               ; yes                                                              ; yes                                        ;
; dec_shift[7]                             ; yes                                                              ; yes                                        ;
; dec_shift[6]                             ; yes                                                              ; yes                                        ;
; dec_shift[5]                             ; yes                                                              ; yes                                        ;
; dec_shift[4]                             ; yes                                                              ; yes                                        ;
; dec_shift[3]                             ; yes                                                              ; yes                                        ;
; dec_shift[2]                             ; yes                                                              ; yes                                        ;
; dec_shift[1]                             ; yes                                                              ; yes                                        ;
; dec_shift[0]                             ; yes                                                              ; yes                                        ;
; Total number of protected registers is 9 ;                                                                  ;                                            ;
+------------------------------------------+------------------------------------------------------------------+--------------------------------------------+


+--------------------------------------------------------------------------------------------------------------------------------------------------------------------------------+
; Registers Removed During Synthesis                                                                                                                                             ;
+---------------------------------------------------------------------------------+----------------------------------------------------------------------------------------------+
; Register name                                                                   ; Reason for Removal                                                                           ;
+---------------------------------------------------------------------------------+----------------------------------------------------------------------------------------------+
; qc_ldpc_decoder_top:decoder|cnu:cnu_array[7].cnu_inst|lmin1_idx_s2[2]           ; Stuck at GND due to stuck port data_in                                                       ;
; qc_ldpc_decoder_top:decoder|cnu:cnu_array[6].cnu_inst|lmin1_idx_s2[2]           ; Stuck at GND due to stuck port data_in                                                       ;
; qc_ldpc_decoder_top:decoder|cnu:cnu_array[5].cnu_inst|lmin1_idx_s2[2]           ; Stuck at GND due to stuck port data_in                                                       ;
; qc_ldpc_decoder_top:decoder|cnu:cnu_array[4].cnu_inst|lmin1_idx_s2[2]           ; Stuck at GND due to stuck port data_in                                                       ;
; qc_ldpc_decoder_top:decoder|cnu:cnu_array[3].cnu_inst|lmin1_idx_s2[2]           ; Stuck at GND due to stuck port data_in                                                       ;
; qc_ldpc_decoder_top:decoder|cnu:cnu_array[2].cnu_inst|lmin1_idx_s2[2]           ; Stuck at GND due to stuck port data_in                                                       ;
; qc_ldpc_decoder_top:decoder|cnu:cnu_array[1].cnu_inst|lmin1_idx_s2[2]           ; Stuck at GND due to stuck port data_in                                                       ;
; qc_ldpc_decoder_top:decoder|cnu:cnu_array[0].cnu_inst|lmin1_idx_s2[2]           ; Stuck at GND due to stuck port data_in                                                       ;
; qc_ldpc_decoder_top:decoder|qc_llr_bank:llr_bank_inst|mem[63][0]                ; Stuck at GND due to stuck port data_in                                                       ;
; qc_ldpc_decoder_top:decoder|qc_llr_bank:llr_bank_inst|mem[62][0]                ; Stuck at GND due to stuck port data_in                                                       ;
; qc_ldpc_decoder_top:decoder|qc_llr_bank:llr_bank_inst|mem[61][0]                ; Stuck at GND due to stuck port data_in                                                       ;
; qc_ldpc_decoder_top:decoder|qc_llr_bank:llr_bank_inst|mem[60][0]                ; Stuck at GND due to stuck port data_in                                                       ;
; qc_ldpc_decoder_top:decoder|qc_llr_bank:llr_bank_inst|mem[59][0]                ; Stuck at GND due to stuck port data_in                                                       ;
; qc_ldpc_decoder_top:decoder|qc_llr_bank:llr_bank_inst|mem[58][0]                ; Stuck at GND due to stuck port data_in                                                       ;
; qc_ldpc_decoder_top:decoder|qc_llr_bank:llr_bank_inst|mem[57][0]                ; Stuck at GND due to stuck port data_in                                                       ;
; qc_ldpc_decoder_top:decoder|qc_llr_bank:llr_bank_inst|mem[56][0]                ; Stuck at GND due to stuck port data_in                                                       ;
; qc_ldpc_decoder_top:decoder|qc_llr_bank:llr_bank_inst|mem[55][0]                ; Stuck at GND due to stuck port data_in                                                       ;
; qc_ldpc_decoder_top:decoder|qc_llr_bank:llr_bank_inst|mem[54][0]                ; Stuck at GND due to stuck port data_in                                                       ;
; qc_ldpc_decoder_top:decoder|qc_llr_bank:llr_bank_inst|mem[53][0]                ; Stuck at GND due to stuck port data_in                                                       ;
; qc_ldpc_decoder_top:decoder|qc_llr_bank:llr_bank_inst|mem[52][0]                ; Stuck at GND due to stuck port data_in                                                       ;
; qc_ldpc_decoder_top:decoder|qc_llr_bank:llr_bank_inst|mem[51][0]                ; Stuck at GND due to stuck port data_in                                                       ;
; qc_ldpc_decoder_top:decoder|qc_llr_bank:llr_bank_inst|mem[50][0]                ; Stuck at GND due to stuck port data_in                                                       ;
; qc_ldpc_decoder_top:decoder|qc_llr_bank:llr_bank_inst|mem[49][0]                ; Stuck at GND due to stuck port data_in                                                       ;
; qc_ldpc_decoder_top:decoder|qc_llr_bank:llr_bank_inst|mem[48][0]                ; Stuck at GND due to stuck port data_in                                                       ;
; qc_ldpc_decoder_top:decoder|qc_llr_bank:llr_bank_inst|mem[47][0]                ; Stuck at GND due to stuck port data_in                                                       ;
; qc_ldpc_decoder_top:decoder|qc_llr_bank:llr_bank_inst|mem[46][0]                ; Stuck at GND due to stuck port data_in                                                       ;
; qc_ldpc_decoder_top:decoder|qc_llr_bank:llr_bank_inst|mem[45][0]                ; Stuck at GND due to stuck port data_in                                                       ;
; qc_ldpc_decoder_top:decoder|qc_llr_bank:llr_bank_inst|mem[44][0]                ; Stuck at GND due to stuck port data_in                                                       ;
; qc_ldpc_decoder_top:decoder|qc_llr_bank:llr_bank_inst|mem[43][0]                ; Stuck at GND due to stuck port data_in                                                       ;
; qc_ldpc_decoder_top:decoder|qc_llr_bank:llr_bank_inst|mem[42][0]                ; Stuck at GND due to stuck port data_in                                                       ;
; qc_ldpc_decoder_top:decoder|qc_llr_bank:llr_bank_inst|mem[41][0]                ; Stuck at GND due to stuck port data_in                                                       ;
; qc_ldpc_decoder_top:decoder|qc_llr_bank:llr_bank_inst|mem[40][0]                ; Stuck at GND due to stuck port data_in                                                       ;
; qc_ldpc_decoder_top:decoder|qc_llr_bank:llr_bank_inst|mem[39][0]                ; Stuck at GND due to stuck port data_in                                                       ;
; qc_ldpc_decoder_top:decoder|qc_llr_bank:llr_bank_inst|mem[38][0]                ; Stuck at GND due to stuck port data_in                                                       ;
; qc_ldpc_decoder_top:decoder|qc_llr_bank:llr_bank_inst|mem[37][0]                ; Stuck at GND due to stuck port data_in                                                       ;
; qc_ldpc_decoder_top:decoder|qc_llr_bank:llr_bank_inst|mem[36][0]                ; Stuck at GND due to stuck port data_in                                                       ;
; qc_ldpc_decoder_top:decoder|qc_llr_bank:llr_bank_inst|mem[35][0]                ; Stuck at GND due to stuck port data_in                                                       ;
; qc_ldpc_decoder_top:decoder|qc_llr_bank:llr_bank_inst|mem[34][0]                ; Stuck at GND due to stuck port data_in                                                       ;
; qc_ldpc_decoder_top:decoder|qc_llr_bank:llr_bank_inst|mem[33][0]                ; Stuck at GND due to stuck port data_in                                                       ;
; qc_ldpc_decoder_top:decoder|qc_llr_bank:llr_bank_inst|mem[32][0]                ; Stuck at GND due to stuck port data_in                                                       ;
; qc_ldpc_decoder_top:decoder|qc_llr_bank:llr_bank_inst|mem[31][0]                ; Stuck at GND due to stuck port data_in                                                       ;
; qc_ldpc_decoder_top:decoder|qc_llr_bank:llr_bank_inst|mem[30][0]                ; Stuck at GND due to stuck port data_in                                                       ;
; qc_ldpc_decoder_top:decoder|qc_llr_bank:llr_bank_inst|mem[29][0]                ; Stuck at GND due to stuck port data_in                                                       ;
; qc_ldpc_decoder_top:decoder|qc_llr_bank:llr_bank_inst|mem[28][0]                ; Stuck at GND due to stuck port data_in                                                       ;
; qc_ldpc_decoder_top:decoder|qc_llr_bank:llr_bank_inst|mem[27][0]                ; Stuck at GND due to stuck port data_in                                                       ;
; qc_ldpc_decoder_top:decoder|qc_llr_bank:llr_bank_inst|mem[26][0]                ; Stuck at GND due to stuck port data_in                                                       ;
; qc_ldpc_decoder_top:decoder|qc_llr_bank:llr_bank_inst|mem[25][0]                ; Stuck at GND due to stuck port data_in                                                       ;
; qc_ldpc_decoder_top:decoder|qc_llr_bank:llr_bank_inst|mem[24][0]                ; Stuck at GND due to stuck port data_in                                                       ;
; qc_ldpc_decoder_top:decoder|qc_llr_bank:llr_bank_inst|mem[23][0]                ; Stuck at GND due to stuck port data_in                                                       ;
; qc_ldpc_decoder_top:decoder|qc_llr_bank:llr_bank_inst|mem[22][0]                ; Stuck at GND due to stuck port data_in                                                       ;
; qc_ldpc_decoder_top:decoder|qc_llr_bank:llr_bank_inst|mem[21][0]                ; Stuck at GND due to stuck port data_in                                                       ;
; qc_ldpc_decoder_top:decoder|qc_llr_bank:llr_bank_inst|mem[20][0]                ; Stuck at GND due to stuck port data_in                                                       ;
; qc_ldpc_decoder_top:decoder|qc_llr_bank:llr_bank_inst|mem[19][0]                ; Stuck at GND due to stuck port data_in                                                       ;
; qc_ldpc_decoder_top:decoder|qc_llr_bank:llr_bank_inst|mem[18][0]                ; Stuck at GND due to stuck port data_in                                                       ;
; qc_ldpc_decoder_top:decoder|qc_llr_bank:llr_bank_inst|mem[17][0]                ; Stuck at GND due to stuck port data_in                                                       ;
; qc_ldpc_decoder_top:decoder|qc_llr_bank:llr_bank_inst|mem[16][0]                ; Stuck at GND due to stuck port data_in                                                       ;
; qc_ldpc_decoder_top:decoder|qc_llr_bank:llr_bank_inst|mem[15][0]                ; Stuck at GND due to stuck port data_in                                                       ;
; qc_ldpc_decoder_top:decoder|qc_llr_bank:llr_bank_inst|mem[14][0]                ; Stuck at GND due to stuck port data_in                                                       ;
; qc_ldpc_decoder_top:decoder|qc_llr_bank:llr_bank_inst|mem[13][0]                ; Stuck at GND due to stuck port data_in                                                       ;
; qc_ldpc_decoder_top:decoder|qc_llr_bank:llr_bank_inst|mem[12][0]                ; Stuck at GND due to stuck port data_in                                                       ;
; qc_ldpc_decoder_top:decoder|qc_llr_bank:llr_bank_inst|mem[11][0]                ; Stuck at GND due to stuck port data_in                                                       ;
; qc_ldpc_decoder_top:decoder|qc_llr_bank:llr_bank_inst|mem[10][0]                ; Stuck at GND due to stuck port data_in                                                       ;
; qc_ldpc_decoder_top:decoder|qc_llr_bank:llr_bank_inst|mem[9][0]                 ; Stuck at GND due to stuck port data_in                                                       ;
; qc_ldpc_decoder_top:decoder|qc_llr_bank:llr_bank_inst|mem[8][0]                 ; Stuck at GND due to stuck port data_in                                                       ;
; qc_ldpc_decoder_top:decoder|qc_llr_bank:llr_bank_inst|mem[7][0]                 ; Stuck at GND due to stuck port data_in                                                       ;
; qc_ldpc_decoder_top:decoder|qc_llr_bank:llr_bank_inst|mem[6][0]                 ; Stuck at GND due to stuck port data_in                                                       ;
; qc_ldpc_decoder_top:decoder|qc_llr_bank:llr_bank_inst|mem[5][0]                 ; Stuck at GND due to stuck port data_in                                                       ;
; qc_ldpc_decoder_top:decoder|qc_llr_bank:llr_bank_inst|mem[4][0]                 ; Stuck at GND due to stuck port data_in                                                       ;
; qc_ldpc_decoder_top:decoder|qc_llr_bank:llr_bank_inst|mem[3][0]                 ; Stuck at GND due to stuck port data_in                                                       ;
; qc_ldpc_decoder_top:decoder|qc_llr_bank:llr_bank_inst|mem[2][0]                 ; Stuck at GND due to stuck port data_in                                                       ;
; qc_ldpc_decoder_top:decoder|qc_llr_bank:llr_bank_inst|mem[1][0]                 ; Stuck at GND due to stuck port data_in                                                       ;
; qc_ldpc_decoder_top:decoder|qc_llr_bank:llr_bank_inst|mem[0][0]                 ; Stuck at GND due to stuck port data_in                                                       ;
; qc_ldpc_decoder_top:decoder|cnu:cnu_array[0].cnu_inst|valid_s1                  ; Merged with qc_ldpc_decoder_top:decoder|cnu:cnu_array[7].cnu_inst|valid_s1                   ;
; qc_ldpc_decoder_top:decoder|cnu:cnu_array[1].cnu_inst|valid_s1                  ; Merged with qc_ldpc_decoder_top:decoder|cnu:cnu_array[7].cnu_inst|valid_s1                   ;
; qc_ldpc_decoder_top:decoder|cnu:cnu_array[2].cnu_inst|valid_s1                  ; Merged with qc_ldpc_decoder_top:decoder|cnu:cnu_array[7].cnu_inst|valid_s1                   ;
; qc_ldpc_decoder_top:decoder|cnu:cnu_array[3].cnu_inst|valid_s1                  ; Merged with qc_ldpc_decoder_top:decoder|cnu:cnu_array[7].cnu_inst|valid_s1                   ;
; qc_ldpc_decoder_top:decoder|cnu:cnu_array[4].cnu_inst|valid_s1                  ; Merged with qc_ldpc_decoder_top:decoder|cnu:cnu_array[7].cnu_inst|valid_s1                   ;
; qc_ldpc_decoder_top:decoder|cnu:cnu_array[5].cnu_inst|valid_s1                  ; Merged with qc_ldpc_decoder_top:decoder|cnu:cnu_array[7].cnu_inst|valid_s1                   ;
; qc_ldpc_decoder_top:decoder|cnu:cnu_array[6].cnu_inst|valid_s1                  ; Merged with qc_ldpc_decoder_top:decoder|cnu:cnu_array[7].cnu_inst|valid_s1                   ;
; qc_ldpc_decoder_top:decoder|cnu:cnu_array[0].cnu_inst|valid_s2                  ; Merged with qc_ldpc_decoder_top:decoder|cnu:cnu_array[7].cnu_inst|valid_s2                   ;
; qc_ldpc_decoder_top:decoder|cnu:cnu_array[1].cnu_inst|valid_s2                  ; Merged with qc_ldpc_decoder_top:decoder|cnu:cnu_array[7].cnu_inst|valid_s2                   ;
; qc_ldpc_decoder_top:decoder|cnu:cnu_array[2].cnu_inst|valid_s2                  ; Merged with qc_ldpc_decoder_top:decoder|cnu:cnu_array[7].cnu_inst|valid_s2                   ;
; qc_ldpc_decoder_top:decoder|cnu:cnu_array[3].cnu_inst|valid_s2                  ; Merged with qc_ldpc_decoder_top:decoder|cnu:cnu_array[7].cnu_inst|valid_s2                   ;
; qc_ldpc_decoder_top:decoder|cnu:cnu_array[4].cnu_inst|valid_s2                  ; Merged with qc_ldpc_decoder_top:decoder|cnu:cnu_array[7].cnu_inst|valid_s2                   ;
; qc_ldpc_decoder_top:decoder|cnu:cnu_array[5].cnu_inst|valid_s2                  ; Merged with qc_ldpc_decoder_top:decoder|cnu:cnu_array[7].cnu_inst|valid_s2                   ;
; qc_ldpc_decoder_top:decoder|cnu:cnu_array[6].cnu_inst|valid_s2                  ; Merged with qc_ldpc_decoder_top:decoder|cnu:cnu_array[7].cnu_inst|valid_s2                   ;
; qc_ldpc_decoder_top:decoder|cnu:cnu_array[0].cnu_inst|valid_s3                  ; Merged with qc_ldpc_decoder_top:decoder|cnu:cnu_array[7].cnu_inst|valid_s3                   ;
; qc_ldpc_decoder_top:decoder|cnu:cnu_array[1].cnu_inst|valid_s3                  ; Merged with qc_ldpc_decoder_top:decoder|cnu:cnu_array[7].cnu_inst|valid_s3                   ;
; qc_ldpc_decoder_top:decoder|cnu:cnu_array[2].cnu_inst|valid_s3                  ; Merged with qc_ldpc_decoder_top:decoder|cnu:cnu_array[7].cnu_inst|valid_s3                   ;
; qc_ldpc_decoder_top:decoder|cnu:cnu_array[3].cnu_inst|valid_s3                  ; Merged with qc_ldpc_decoder_top:decoder|cnu:cnu_array[7].cnu_inst|valid_s3                   ;
; qc_ldpc_decoder_top:decoder|cnu:cnu_array[4].cnu_inst|valid_s3                  ; Merged with qc_ldpc_decoder_top:decoder|cnu:cnu_array[7].cnu_inst|valid_s3                   ;
; qc_ldpc_decoder_top:decoder|cnu:cnu_array[5].cnu_inst|valid_s3                  ; Merged with qc_ldpc_decoder_top:decoder|cnu:cnu_array[7].cnu_inst|valid_s3                   ;
; qc_ldpc_decoder_top:decoder|cnu:cnu_array[6].cnu_inst|valid_s3                  ; Merged with qc_ldpc_decoder_top:decoder|cnu:cnu_array[7].cnu_inst|valid_s3                   ;
; qc_ldpc_decoder_top:decoder|qc_iteration_controller:ctrl_inst|llr_buf[0][2]     ; Merged with qc_ldpc_decoder_top:decoder|qc_iteration_controller:ctrl_inst|llr_buf[0][1]      ;
; qc_ldpc_decoder_top:decoder|qc_iteration_controller:ctrl_inst|llr_buf[0][3]     ; Merged with qc_ldpc_decoder_top:decoder|qc_iteration_controller:ctrl_inst|llr_buf[0][1]      ;
; qc_ldpc_decoder_top:decoder|qc_iteration_controller:ctrl_inst|llr_buf[0][4]     ; Merged with qc_ldpc_decoder_top:decoder|qc_iteration_controller:ctrl_inst|llr_buf[0][1]      ;
; qc_ldpc_decoder_top:decoder|qc_iteration_controller:ctrl_inst|llr_buf[0][6]     ; Merged with qc_ldpc_decoder_top:decoder|qc_iteration_controller:ctrl_inst|llr_buf[0][1]      ;
; qc_ldpc_decoder_top:decoder|qc_iteration_controller:ctrl_inst|llr_buf[0][7]     ; Merged with qc_ldpc_decoder_top:decoder|qc_iteration_controller:ctrl_inst|llr_buf[0][1]      ;
; qc_ldpc_decoder_top:decoder|qc_iteration_controller:ctrl_inst|llr_buf[7][1]     ; Merged with qc_ldpc_decoder_top:decoder|qc_iteration_controller:ctrl_inst|llr_buf[7][0]      ;
; qc_ldpc_decoder_top:decoder|qc_iteration_controller:ctrl_inst|llr_buf[7][2]     ; Merged with qc_ldpc_decoder_top:decoder|qc_iteration_controller:ctrl_inst|llr_buf[7][0]      ;
; qc_ldpc_decoder_top:decoder|qc_iteration_controller:ctrl_inst|llr_buf[7][3]     ; Merged with qc_ldpc_decoder_top:decoder|qc_iteration_controller:ctrl_inst|llr_buf[7][0]      ;
; qc_ldpc_decoder_top:decoder|qc_iteration_controller:ctrl_inst|llr_buf[7][4]     ; Merged with qc_ldpc_decoder_top:decoder|qc_iteration_controller:ctrl_inst|llr_buf[7][0]      ;
; qc_ldpc_decoder_top:decoder|qc_iteration_controller:ctrl_inst|llr_buf[7][6]     ; Merged with qc_ldpc_decoder_top:decoder|qc_iteration_controller:ctrl_inst|llr_buf[7][0]      ;
; qc_ldpc_decoder_top:decoder|qc_iteration_controller:ctrl_inst|llr_buf[6][1]     ; Merged with qc_ldpc_decoder_top:decoder|qc_iteration_controller:ctrl_inst|llr_buf[6][0]      ;
; qc_ldpc_decoder_top:decoder|qc_iteration_controller:ctrl_inst|llr_buf[6][2]     ; Merged with qc_ldpc_decoder_top:decoder|qc_iteration_controller:ctrl_inst|llr_buf[6][0]      ;
; qc_ldpc_decoder_top:decoder|qc_iteration_controller:ctrl_inst|llr_buf[6][3]     ; Merged with qc_ldpc_decoder_top:decoder|qc_iteration_controller:ctrl_inst|llr_buf[6][0]      ;
; qc_ldpc_decoder_top:decoder|qc_iteration_controller:ctrl_inst|llr_buf[6][4]     ; Merged with qc_ldpc_decoder_top:decoder|qc_iteration_controller:ctrl_inst|llr_buf[6][0]      ;
; qc_ldpc_decoder_top:decoder|qc_iteration_controller:ctrl_inst|llr_buf[6][6]     ; Merged with qc_ldpc_decoder_top:decoder|qc_iteration_controller:ctrl_inst|llr_buf[6][0]      ;
; qc_ldpc_decoder_top:decoder|qc_iteration_controller:ctrl_inst|llr_buf[2][1]     ; Merged with qc_ldpc_decoder_top:decoder|qc_iteration_controller:ctrl_inst|llr_buf[2][0]      ;
; qc_ldpc_decoder_top:decoder|qc_iteration_controller:ctrl_inst|llr_buf[2][2]     ; Merged with qc_ldpc_decoder_top:decoder|qc_iteration_controller:ctrl_inst|llr_buf[2][0]      ;
; qc_ldpc_decoder_top:decoder|qc_iteration_controller:ctrl_inst|llr_buf[2][3]     ; Merged with qc_ldpc_decoder_top:decoder|qc_iteration_controller:ctrl_inst|llr_buf[2][0]      ;
; qc_ldpc_decoder_top:decoder|qc_iteration_controller:ctrl_inst|llr_buf[2][4]     ; Merged with qc_ldpc_decoder_top:decoder|qc_iteration_controller:ctrl_inst|llr_buf[2][0]      ;
; qc_ldpc_decoder_top:decoder|qc_iteration_controller:ctrl_inst|llr_buf[2][6]     ; Merged with qc_ldpc_decoder_top:decoder|qc_iteration_controller:ctrl_inst|llr_buf[2][0]      ;
; qc_ldpc_decoder_top:decoder|qc_iteration_controller:ctrl_inst|llr_buf[1][1]     ; Merged with qc_ldpc_decoder_top:decoder|qc_iteration_controller:ctrl_inst|llr_buf[1][0]      ;
; qc_ldpc_decoder_top:decoder|qc_iteration_controller:ctrl_inst|llr_buf[1][2]     ; Merged with qc_ldpc_decoder_top:decoder|qc_iteration_controller:ctrl_inst|llr_buf[1][0]      ;
; qc_ldpc_decoder_top:decoder|qc_iteration_controller:ctrl_inst|llr_buf[1][3]     ; Merged with qc_ldpc_decoder_top:decoder|qc_iteration_controller:ctrl_inst|llr_buf[1][0]      ;
; qc_ldpc_decoder_top:decoder|qc_iteration_controller:ctrl_inst|llr_buf[1][4]     ; Merged with qc_ldpc_decoder_top:decoder|qc_iteration_controller:ctrl_inst|llr_buf[1][0]      ;
; qc_ldpc_decoder_top:decoder|qc_iteration_controller:ctrl_inst|llr_buf[1][6]     ; Merged with qc_ldpc_decoder_top:decoder|qc_iteration_controller:ctrl_inst|llr_buf[1][0]      ;
; qc_ldpc_decoder_top:decoder|qc_iteration_controller:ctrl_inst|llr_buf[3][1]     ; Merged with qc_ldpc_decoder_top:decoder|qc_iteration_controller:ctrl_inst|llr_buf[3][0]      ;
; qc_ldpc_decoder_top:decoder|qc_iteration_controller:ctrl_inst|llr_buf[3][2]     ; Merged with qc_ldpc_decoder_top:decoder|qc_iteration_controller:ctrl_inst|llr_buf[3][0]      ;
; qc_ldpc_decoder_top:decoder|qc_iteration_controller:ctrl_inst|llr_buf[3][3]     ; Merged with qc_ldpc_decoder_top:decoder|qc_iteration_controller:ctrl_inst|llr_buf[3][0]      ;
; qc_ldpc_decoder_top:decoder|qc_iteration_controller:ctrl_inst|llr_buf[3][4]     ; Merged with qc_ldpc_decoder_top:decoder|qc_iteration_controller:ctrl_inst|llr_buf[3][0]      ;
; qc_ldpc_decoder_top:decoder|qc_iteration_controller:ctrl_inst|llr_buf[3][6]     ; Merged with qc_ldpc_decoder_top:decoder|qc_iteration_controller:ctrl_inst|llr_buf[3][0]      ;
; qc_ldpc_decoder_top:decoder|qc_iteration_controller:ctrl_inst|llr_buf[4][1]     ; Merged with qc_ldpc_decoder_top:decoder|qc_iteration_controller:ctrl_inst|llr_buf[4][0]      ;
; qc_ldpc_decoder_top:decoder|qc_iteration_controller:ctrl_inst|llr_buf[4][2]     ; Merged with qc_ldpc_decoder_top:decoder|qc_iteration_controller:ctrl_inst|llr_buf[4][0]      ;
; qc_ldpc_decoder_top:decoder|qc_iteration_controller:ctrl_inst|llr_buf[4][3]     ; Merged with qc_ldpc_decoder_top:decoder|qc_iteration_controller:ctrl_inst|llr_buf[4][0]      ;
; qc_ldpc_decoder_top:decoder|qc_iteration_controller:ctrl_inst|llr_buf[4][4]     ; Merged with qc_ldpc_decoder_top:decoder|qc_iteration_controller:ctrl_inst|llr_buf[4][0]      ;
; qc_ldpc_decoder_top:decoder|qc_iteration_controller:ctrl_inst|llr_buf[4][6]     ; Merged with qc_ldpc_decoder_top:decoder|qc_iteration_controller:ctrl_inst|llr_buf[4][0]      ;
; qc_ldpc_decoder_top:decoder|qc_iteration_controller:ctrl_inst|llr_buf[5][1]     ; Merged with qc_ldpc_decoder_top:decoder|qc_iteration_controller:ctrl_inst|llr_buf[5][0]      ;
; qc_ldpc_decoder_top:decoder|qc_iteration_controller:ctrl_inst|llr_buf[5][2]     ; Merged with qc_ldpc_decoder_top:decoder|qc_iteration_controller:ctrl_inst|llr_buf[5][0]      ;
; qc_ldpc_decoder_top:decoder|qc_iteration_controller:ctrl_inst|llr_buf[5][3]     ; Merged with qc_ldpc_decoder_top:decoder|qc_iteration_controller:ctrl_inst|llr_buf[5][0]      ;
; qc_ldpc_decoder_top:decoder|qc_iteration_controller:ctrl_inst|llr_buf[5][4]     ; Merged with qc_ldpc_decoder_top:decoder|qc_iteration_controller:ctrl_inst|llr_buf[5][0]      ;
; qc_ldpc_decoder_top:decoder|qc_iteration_controller:ctrl_inst|llr_buf[5][6]     ; Merged with qc_ldpc_decoder_top:decoder|qc_iteration_controller:ctrl_inst|llr_buf[5][0]      ;
; qc_ldpc_decoder_top:decoder|qc_llr_bank:llr_bank_inst|rd_data[0][2]             ; Merged with qc_ldpc_decoder_top:decoder|qc_llr_bank:llr_bank_inst|rd_data[0][1]              ;
; qc_ldpc_decoder_top:decoder|qc_llr_bank:llr_bank_inst|rd_data[0][3]             ; Merged with qc_ldpc_decoder_top:decoder|qc_llr_bank:llr_bank_inst|rd_data[0][1]              ;
; qc_ldpc_decoder_top:decoder|qc_llr_bank:llr_bank_inst|rd_data[0][4]             ; Merged with qc_ldpc_decoder_top:decoder|qc_llr_bank:llr_bank_inst|rd_data[0][1]              ;
; qc_ldpc_decoder_top:decoder|qc_llr_bank:llr_bank_inst|rd_data[0][6]             ; Merged with qc_ldpc_decoder_top:decoder|qc_llr_bank:llr_bank_inst|rd_data[0][1]              ;
; qc_ldpc_decoder_top:decoder|qc_llr_bank:llr_bank_inst|rd_data[0][7]             ; Merged with qc_ldpc_decoder_top:decoder|qc_llr_bank:llr_bank_inst|rd_data[0][1]              ;
; qc_ldpc_decoder_top:decoder|qc_llr_bank:llr_bank_inst|rd_data[7][1]             ; Merged with qc_ldpc_decoder_top:decoder|qc_llr_bank:llr_bank_inst|rd_data[7][0]              ;
; qc_ldpc_decoder_top:decoder|qc_llr_bank:llr_bank_inst|rd_data[7][2]             ; Merged with qc_ldpc_decoder_top:decoder|qc_llr_bank:llr_bank_inst|rd_data[7][0]              ;
; qc_ldpc_decoder_top:decoder|qc_llr_bank:llr_bank_inst|rd_data[7][3]             ; Merged with qc_ldpc_decoder_top:decoder|qc_llr_bank:llr_bank_inst|rd_data[7][0]              ;
; qc_ldpc_decoder_top:decoder|qc_llr_bank:llr_bank_inst|rd_data[7][4]             ; Merged with qc_ldpc_decoder_top:decoder|qc_llr_bank:llr_bank_inst|rd_data[7][0]              ;
; qc_ldpc_decoder_top:decoder|qc_llr_bank:llr_bank_inst|rd_data[7][6]             ; Merged with qc_ldpc_decoder_top:decoder|qc_llr_bank:llr_bank_inst|rd_data[7][0]              ;
; qc_ldpc_decoder_top:decoder|qc_llr_bank:llr_bank_inst|rd_data[6][1]             ; Merged with qc_ldpc_decoder_top:decoder|qc_llr_bank:llr_bank_inst|rd_data[6][0]              ;
; qc_ldpc_decoder_top:decoder|qc_llr_bank:llr_bank_inst|rd_data[6][2]             ; Merged with qc_ldpc_decoder_top:decoder|qc_llr_bank:llr_bank_inst|rd_data[6][0]              ;
; qc_ldpc_decoder_top:decoder|qc_llr_bank:llr_bank_inst|rd_data[6][3]             ; Merged with qc_ldpc_decoder_top:decoder|qc_llr_bank:llr_bank_inst|rd_data[6][0]              ;
; qc_ldpc_decoder_top:decoder|qc_llr_bank:llr_bank_inst|rd_data[6][4]             ; Merged with qc_ldpc_decoder_top:decoder|qc_llr_bank:llr_bank_inst|rd_data[6][0]              ;
; qc_ldpc_decoder_top:decoder|qc_llr_bank:llr_bank_inst|rd_data[6][6]             ; Merged with qc_ldpc_decoder_top:decoder|qc_llr_bank:llr_bank_inst|rd_data[6][0]              ;
; qc_ldpc_decoder_top:decoder|qc_llr_bank:llr_bank_inst|rd_data[2][1]             ; Merged with qc_ldpc_decoder_top:decoder|qc_llr_bank:llr_bank_inst|rd_data[2][0]              ;
; qc_ldpc_decoder_top:decoder|qc_llr_bank:llr_bank_inst|rd_data[2][2]             ; Merged with qc_ldpc_decoder_top:decoder|qc_llr_bank:llr_bank_inst|rd_data[2][0]              ;
; qc_ldpc_decoder_top:decoder|qc_llr_bank:llr_bank_inst|rd_data[2][3]             ; Merged with qc_ldpc_decoder_top:decoder|qc_llr_bank:llr_bank_inst|rd_data[2][0]              ;
; qc_ldpc_decoder_top:decoder|qc_llr_bank:llr_bank_inst|rd_data[2][4]             ; Merged with qc_ldpc_decoder_top:decoder|qc_llr_bank:llr_bank_inst|rd_data[2][0]              ;
; qc_ldpc_decoder_top:decoder|qc_llr_bank:llr_bank_inst|rd_data[2][6]             ; Merged with qc_ldpc_decoder_top:decoder|qc_llr_bank:llr_bank_inst|rd_data[2][0]              ;
; qc_ldpc_decoder_top:decoder|qc_llr_bank:llr_bank_inst|rd_data[1][1]             ; Merged with qc_ldpc_decoder_top:decoder|qc_llr_bank:llr_bank_inst|rd_data[1][0]              ;
; qc_ldpc_decoder_top:decoder|qc_llr_bank:llr_bank_inst|rd_data[1][2]             ; Merged with qc_ldpc_decoder_top:decoder|qc_llr_bank:llr_bank_inst|rd_data[1][0]              ;
; qc_ldpc_decoder_top:decoder|qc_llr_bank:llr_bank_inst|rd_data[1][3]             ; Merged with qc_ldpc_decoder_top:decoder|qc_llr_bank:llr_bank_inst|rd_data[1][0]              ;
; qc_ldpc_decoder_top:decoder|qc_llr_bank:llr_bank_inst|rd_data[1][4]             ; Merged with qc_ldpc_decoder_top:decoder|qc_llr_bank:llr_bank_inst|rd_data[1][0]              ;
; qc_ldpc_decoder_top:decoder|qc_llr_bank:llr_bank_inst|rd_data[1][6]             ; Merged with qc_ldpc_decoder_top:decoder|qc_llr_bank:llr_bank_inst|rd_data[1][0]              ;
; qc_ldpc_decoder_top:decoder|qc_llr_bank:llr_bank_inst|rd_data[3][1]             ; Merged with qc_ldpc_decoder_top:decoder|qc_llr_bank:llr_bank_inst|rd_data[3][0]              ;
; qc_ldpc_decoder_top:decoder|qc_llr_bank:llr_bank_inst|rd_data[3][2]             ; Merged with qc_ldpc_decoder_top:decoder|qc_llr_bank:llr_bank_inst|rd_data[3][0]              ;
; qc_ldpc_decoder_top:decoder|qc_llr_bank:llr_bank_inst|rd_data[3][3]             ; Merged with qc_ldpc_decoder_top:decoder|qc_llr_bank:llr_bank_inst|rd_data[3][0]              ;
; qc_ldpc_decoder_top:decoder|qc_llr_bank:llr_bank_inst|rd_data[3][4]             ; Merged with qc_ldpc_decoder_top:decoder|qc_llr_bank:llr_bank_inst|rd_data[3][0]              ;
; qc_ldpc_decoder_top:decoder|qc_llr_bank:llr_bank_inst|rd_data[3][6]             ; Merged with qc_ldpc_decoder_top:decoder|qc_llr_bank:llr_bank_inst|rd_data[3][0]              ;
; qc_ldpc_decoder_top:decoder|qc_llr_bank:llr_bank_inst|rd_data[4][1]             ; Merged with qc_ldpc_decoder_top:decoder|qc_llr_bank:llr_bank_inst|rd_data[4][0]              ;
; qc_ldpc_decoder_top:decoder|qc_llr_bank:llr_bank_inst|rd_data[4][2]             ; Merged with qc_ldpc_decoder_top:decoder|qc_llr_bank:llr_bank_inst|rd_data[4][0]              ;
; qc_ldpc_decoder_top:decoder|qc_llr_bank:llr_bank_inst|rd_data[4][3]             ; Merged with qc_ldpc_decoder_top:decoder|qc_llr_bank:llr_bank_inst|rd_data[4][0]              ;
; qc_ldpc_decoder_top:decoder|qc_llr_bank:llr_bank_inst|rd_data[4][4]             ; Merged with qc_ldpc_decoder_top:decoder|qc_llr_bank:llr_bank_inst|rd_data[4][0]              ;
; qc_ldpc_decoder_top:decoder|qc_llr_bank:llr_bank_inst|rd_data[4][6]             ; Merged with qc_ldpc_decoder_top:decoder|qc_llr_bank:llr_bank_inst|rd_data[4][0]              ;
; qc_ldpc_decoder_top:decoder|qc_llr_bank:llr_bank_inst|rd_data[5][1]             ; Merged with qc_ldpc_decoder_top:decoder|qc_llr_bank:llr_bank_inst|rd_data[5][0]              ;
; qc_ldpc_decoder_top:decoder|qc_llr_bank:llr_bank_inst|rd_data[5][2]             ; Merged with qc_ldpc_decoder_top:decoder|qc_llr_bank:llr_bank_inst|rd_data[5][0]              ;
; qc_ldpc_decoder_top:decoder|qc_llr_bank:llr_bank_inst|rd_data[5][3]             ; Merged with qc_ldpc_decoder_top:decoder|qc_llr_bank:llr_bank_inst|rd_data[5][0]              ;
; qc_ldpc_decoder_top:decoder|qc_llr_bank:llr_bank_inst|rd_data[5][4]             ; Merged with qc_ldpc_decoder_top:decoder|qc_llr_bank:llr_bank_inst|rd_data[5][0]              ;
; qc_ldpc_decoder_top:decoder|qc_llr_bank:llr_bank_inst|rd_data[5][6]             ; Merged with qc_ldpc_decoder_top:decoder|qc_llr_bank:llr_bank_inst|rd_data[5][0]              ;
; qc_ldpc_decoder_top:decoder|qc_llr_bank:llr_bank_inst|mem[0][2]                 ; Merged with qc_ldpc_decoder_top:decoder|qc_llr_bank:llr_bank_inst|mem[0][1]                  ;
; qc_ldpc_decoder_top:decoder|qc_llr_bank:llr_bank_inst|mem[0][3]                 ; Merged with qc_ldpc_decoder_top:decoder|qc_llr_bank:llr_bank_inst|mem[0][1]                  ;
; qc_ldpc_decoder_top:decoder|qc_llr_bank:llr_bank_inst|mem[0][4]                 ; Merged with qc_ldpc_decoder_top:decoder|qc_llr_bank:llr_bank_inst|mem[0][1]                  ;
; qc_ldpc_decoder_top:decoder|qc_llr_bank:llr_bank_inst|mem[0][6]                 ; Merged with qc_ldpc_decoder_top:decoder|qc_llr_bank:llr_bank_inst|mem[0][1]                  ;
; qc_ldpc_decoder_top:decoder|qc_llr_bank:llr_bank_inst|mem[0][7]                 ; Merged with qc_ldpc_decoder_top:decoder|qc_llr_bank:llr_bank_inst|mem[0][1]                  ;
; qc_ldpc_decoder_top:decoder|qc_llr_bank:llr_bank_inst|mem[1][2]                 ; Merged with qc_ldpc_decoder_top:decoder|qc_llr_bank:llr_bank_inst|mem[1][1]                  ;
; qc_ldpc_decoder_top:decoder|qc_llr_bank:llr_bank_inst|mem[1][3]                 ; Merged with qc_ldpc_decoder_top:decoder|qc_llr_bank:llr_bank_inst|mem[1][1]                  ;
; qc_ldpc_decoder_top:decoder|qc_llr_bank:llr_bank_inst|mem[1][4]                 ; Merged with qc_ldpc_decoder_top:decoder|qc_llr_bank:llr_bank_inst|mem[1][1]                  ;
; qc_ldpc_decoder_top:decoder|qc_llr_bank:llr_bank_inst|mem[1][6]                 ; Merged with qc_ldpc_decoder_top:decoder|qc_llr_bank:llr_bank_inst|mem[1][1]                  ;
; qc_ldpc_decoder_top:decoder|qc_llr_bank:llr_bank_inst|mem[1][7]                 ; Merged with qc_ldpc_decoder_top:decoder|qc_llr_bank:llr_bank_inst|mem[1][1]                  ;
; qc_ldpc_decoder_top:decoder|qc_llr_bank:llr_bank_inst|mem[2][2]                 ; Merged with qc_ldpc_decoder_top:decoder|qc_llr_bank:llr_bank_inst|mem[2][1]                  ;
; qc_ldpc_decoder_top:decoder|qc_llr_bank:llr_bank_inst|mem[2][3]                 ; Merged with qc_ldpc_decoder_top:decoder|qc_llr_bank:llr_bank_inst|mem[2][1]                  ;
; qc_ldpc_decoder_top:decoder|qc_llr_bank:llr_bank_inst|mem[2][4]                 ; Merged with qc_ldpc_decoder_top:decoder|qc_llr_bank:llr_bank_inst|mem[2][1]                  ;
; qc_ldpc_decoder_top:decoder|qc_llr_bank:llr_bank_inst|mem[2][6]                 ; Merged with qc_ldpc_decoder_top:decoder|qc_llr_bank:llr_bank_inst|mem[2][1]                  ;
; qc_ldpc_decoder_top:decoder|qc_llr_bank:llr_bank_inst|mem[2][7]                 ; Merged with qc_ldpc_decoder_top:decoder|qc_llr_bank:llr_bank_inst|mem[2][1]                  ;
; qc_ldpc_decoder_top:decoder|qc_llr_bank:llr_bank_inst|mem[3][2]                 ; Merged with qc_ldpc_decoder_top:decoder|qc_llr_bank:llr_bank_inst|mem[3][1]                  ;
; qc_ldpc_decoder_top:decoder|qc_llr_bank:llr_bank_inst|mem[3][3]                 ; Merged with qc_ldpc_decoder_top:decoder|qc_llr_bank:llr_bank_inst|mem[3][1]                  ;
; qc_ldpc_decoder_top:decoder|qc_llr_bank:llr_bank_inst|mem[3][4]                 ; Merged with qc_ldpc_decoder_top:decoder|qc_llr_bank:llr_bank_inst|mem[3][1]                  ;
; qc_ldpc_decoder_top:decoder|qc_llr_bank:llr_bank_inst|mem[3][6]                 ; Merged with qc_ldpc_decoder_top:decoder|qc_llr_bank:llr_bank_inst|mem[3][1]                  ;
; qc_ldpc_decoder_top:decoder|qc_llr_bank:llr_bank_inst|mem[3][7]                 ; Merged with qc_ldpc_decoder_top:decoder|qc_llr_bank:llr_bank_inst|mem[3][1]                  ;
; qc_ldpc_decoder_top:decoder|qc_llr_bank:llr_bank_inst|mem[4][2]                 ; Merged with qc_ldpc_decoder_top:decoder|qc_llr_bank:llr_bank_inst|mem[4][1]                  ;
; qc_ldpc_decoder_top:decoder|qc_llr_bank:llr_bank_inst|mem[4][3]                 ; Merged with qc_ldpc_decoder_top:decoder|qc_llr_bank:llr_bank_inst|mem[4][1]                  ;
; qc_ldpc_decoder_top:decoder|qc_llr_bank:llr_bank_inst|mem[4][4]                 ; Merged with qc_ldpc_decoder_top:decoder|qc_llr_bank:llr_bank_inst|mem[4][1]                  ;
; qc_ldpc_decoder_top:decoder|qc_llr_bank:llr_bank_inst|mem[4][6]                 ; Merged with qc_ldpc_decoder_top:decoder|qc_llr_bank:llr_bank_inst|mem[4][1]                  ;
; qc_ldpc_decoder_top:decoder|qc_llr_bank:llr_bank_inst|mem[4][7]                 ; Merged with qc_ldpc_decoder_top:decoder|qc_llr_bank:llr_bank_inst|mem[4][1]                  ;
; qc_ldpc_decoder_top:decoder|qc_llr_bank:llr_bank_inst|mem[5][2]                 ; Merged with qc_ldpc_decoder_top:decoder|qc_llr_bank:llr_bank_inst|mem[5][1]                  ;
; qc_ldpc_decoder_top:decoder|qc_llr_bank:llr_bank_inst|mem[5][3]                 ; Merged with qc_ldpc_decoder_top:decoder|qc_llr_bank:llr_bank_inst|mem[5][1]                  ;
; qc_ldpc_decoder_top:decoder|qc_llr_bank:llr_bank_inst|mem[5][4]                 ; Merged with qc_ldpc_decoder_top:decoder|qc_llr_bank:llr_bank_inst|mem[5][1]                  ;
; qc_ldpc_decoder_top:decoder|qc_llr_bank:llr_bank_inst|mem[5][6]                 ; Merged with qc_ldpc_decoder_top:decoder|qc_llr_bank:llr_bank_inst|mem[5][1]                  ;
; qc_ldpc_decoder_top:decoder|qc_llr_bank:llr_bank_inst|mem[5][7]                 ; Merged with qc_ldpc_decoder_top:decoder|qc_llr_bank:llr_bank_inst|mem[5][1]                  ;
; qc_ldpc_decoder_top:decoder|qc_llr_bank:llr_bank_inst|mem[6][2]                 ; Merged with qc_ldpc_decoder_top:decoder|qc_llr_bank:llr_bank_inst|mem[6][1]                  ;
; qc_ldpc_decoder_top:decoder|qc_llr_bank:llr_bank_inst|mem[6][3]                 ; Merged with qc_ldpc_decoder_top:decoder|qc_llr_bank:llr_bank_inst|mem[6][1]                  ;
; qc_ldpc_decoder_top:decoder|qc_llr_bank:llr_bank_inst|mem[6][4]                 ; Merged with qc_ldpc_decoder_top:decoder|qc_llr_bank:llr_bank_inst|mem[6][1]                  ;
; qc_ldpc_decoder_top:decoder|qc_llr_bank:llr_bank_inst|mem[6][6]                 ; Merged with qc_ldpc_decoder_top:decoder|qc_llr_bank:llr_bank_inst|mem[6][1]                  ;
; qc_ldpc_decoder_top:decoder|qc_llr_bank:llr_bank_inst|mem[6][7]                 ; Merged with qc_ldpc_decoder_top:decoder|qc_llr_bank:llr_bank_inst|mem[6][1]                  ;
; qc_ldpc_decoder_top:decoder|qc_llr_bank:llr_bank_inst|mem[7][2]                 ; Merged with qc_ldpc_decoder_top:decoder|qc_llr_bank:llr_bank_inst|mem[7][1]                  ;
; qc_ldpc_decoder_top:decoder|qc_llr_bank:llr_bank_inst|mem[7][3]                 ; Merged with qc_ldpc_decoder_top:decoder|qc_llr_bank:llr_bank_inst|mem[7][1]                  ;
; qc_ldpc_decoder_top:decoder|qc_llr_bank:llr_bank_inst|mem[7][4]                 ; Merged with qc_ldpc_decoder_top:decoder|qc_llr_bank:llr_bank_inst|mem[7][1]                  ;
; qc_ldpc_decoder_top:decoder|qc_llr_bank:llr_bank_inst|mem[7][6]                 ; Merged with qc_ldpc_decoder_top:decoder|qc_llr_bank:llr_bank_inst|mem[7][1]                  ;
; qc_ldpc_decoder_top:decoder|qc_llr_bank:llr_bank_inst|mem[7][7]                 ; Merged with qc_ldpc_decoder_top:decoder|qc_llr_bank:llr_bank_inst|mem[7][1]                  ;
; qc_ldpc_decoder_top:decoder|qc_llr_bank:llr_bank_inst|mem[8][2]                 ; Merged with qc_ldpc_decoder_top:decoder|qc_llr_bank:llr_bank_inst|mem[8][1]                  ;
; qc_ldpc_decoder_top:decoder|qc_llr_bank:llr_bank_inst|mem[8][3]                 ; Merged with qc_ldpc_decoder_top:decoder|qc_llr_bank:llr_bank_inst|mem[8][1]                  ;
; qc_ldpc_decoder_top:decoder|qc_llr_bank:llr_bank_inst|mem[8][4]                 ; Merged with qc_ldpc_decoder_top:decoder|qc_llr_bank:llr_bank_inst|mem[8][1]                  ;
; qc_ldpc_decoder_top:decoder|qc_llr_bank:llr_bank_inst|mem[8][6]                 ; Merged with qc_ldpc_decoder_top:decoder|qc_llr_bank:llr_bank_inst|mem[8][1]                  ;
; qc_ldpc_decoder_top:decoder|qc_llr_bank:llr_bank_inst|mem[8][7]                 ; Merged with qc_ldpc_decoder_top:decoder|qc_llr_bank:llr_bank_inst|mem[8][1]                  ;
; qc_ldpc_decoder_top:decoder|qc_llr_bank:llr_bank_inst|mem[9][2]                 ; Merged with qc_ldpc_decoder_top:decoder|qc_llr_bank:llr_bank_inst|mem[9][1]                  ;
; qc_ldpc_decoder_top:decoder|qc_llr_bank:llr_bank_inst|mem[9][3]                 ; Merged with qc_ldpc_decoder_top:decoder|qc_llr_bank:llr_bank_inst|mem[9][1]                  ;
; qc_ldpc_decoder_top:decoder|qc_llr_bank:llr_bank_inst|mem[9][4]                 ; Merged with qc_ldpc_decoder_top:decoder|qc_llr_bank:llr_bank_inst|mem[9][1]                  ;
; qc_ldpc_decoder_top:decoder|qc_llr_bank:llr_bank_inst|mem[9][6]                 ; Merged with qc_ldpc_decoder_top:decoder|qc_llr_bank:llr_bank_inst|mem[9][1]                  ;
; qc_ldpc_decoder_top:decoder|qc_llr_bank:llr_bank_inst|mem[9][7]                 ; Merged with qc_ldpc_decoder_top:decoder|qc_llr_bank:llr_bank_inst|mem[9][1]                  ;
; qc_ldpc_decoder_top:decoder|qc_llr_bank:llr_bank_inst|mem[10][2]                ; Merged with qc_ldpc_decoder_top:decoder|qc_llr_bank:llr_bank_inst|mem[10][1]                 ;
; qc_ldpc_decoder_top:decoder|qc_llr_bank:llr_bank_inst|mem[10][3]                ; Merged with qc_ldpc_decoder_top:decoder|qc_llr_bank:llr_bank_inst|mem[10][1]                 ;
; qc_ldpc_decoder_top:decoder|qc_llr_bank:llr_bank_inst|mem[10][4]                ; Merged with qc_ldpc_decoder_top:decoder|qc_llr_bank:llr_bank_inst|mem[10][1]                 ;
; qc_ldpc_decoder_top:decoder|qc_llr_bank:llr_bank_inst|mem[10][6]                ; Merged with qc_ldpc_decoder_top:decoder|qc_llr_bank:llr_bank_inst|mem[10][1]                 ;
; qc_ldpc_decoder_top:decoder|qc_llr_bank:llr_bank_inst|mem[10][7]                ; Merged with qc_ldpc_decoder_top:decoder|qc_llr_bank:llr_bank_inst|mem[10][1]                 ;
; qc_ldpc_decoder_top:decoder|qc_llr_bank:llr_bank_inst|mem[11][2]                ; Merged with qc_ldpc_decoder_top:decoder|qc_llr_bank:llr_bank_inst|mem[11][1]                 ;
; qc_ldpc_decoder_top:decoder|qc_llr_bank:llr_bank_inst|mem[11][3]                ; Merged with qc_ldpc_decoder_top:decoder|qc_llr_bank:llr_bank_inst|mem[11][1]                 ;
; qc_ldpc_decoder_top:decoder|qc_llr_bank:llr_bank_inst|mem[11][4]                ; Merged with qc_ldpc_decoder_top:decoder|qc_llr_bank:llr_bank_inst|mem[11][1]                 ;
; qc_ldpc_decoder_top:decoder|qc_llr_bank:llr_bank_inst|mem[11][6]                ; Merged with qc_ldpc_decoder_top:decoder|qc_llr_bank:llr_bank_inst|mem[11][1]                 ;
; qc_ldpc_decoder_top:decoder|qc_llr_bank:llr_bank_inst|mem[11][7]                ; Merged with qc_ldpc_decoder_top:decoder|qc_llr_bank:llr_bank_inst|mem[11][1]                 ;
; qc_ldpc_decoder_top:decoder|qc_llr_bank:llr_bank_inst|mem[12][2]                ; Merged with qc_ldpc_decoder_top:decoder|qc_llr_bank:llr_bank_inst|mem[12][1]                 ;
; qc_ldpc_decoder_top:decoder|qc_llr_bank:llr_bank_inst|mem[12][3]                ; Merged with qc_ldpc_decoder_top:decoder|qc_llr_bank:llr_bank_inst|mem[12][1]                 ;
; qc_ldpc_decoder_top:decoder|qc_llr_bank:llr_bank_inst|mem[12][4]                ; Merged with qc_ldpc_decoder_top:decoder|qc_llr_bank:llr_bank_inst|mem[12][1]                 ;
; qc_ldpc_decoder_top:decoder|qc_llr_bank:llr_bank_inst|mem[12][6]                ; Merged with qc_ldpc_decoder_top:decoder|qc_llr_bank:llr_bank_inst|mem[12][1]                 ;
; qc_ldpc_decoder_top:decoder|qc_llr_bank:llr_bank_inst|mem[12][7]                ; Merged with qc_ldpc_decoder_top:decoder|qc_llr_bank:llr_bank_inst|mem[12][1]                 ;
; qc_ldpc_decoder_top:decoder|qc_llr_bank:llr_bank_inst|mem[13][2]                ; Merged with qc_ldpc_decoder_top:decoder|qc_llr_bank:llr_bank_inst|mem[13][1]                 ;
; qc_ldpc_decoder_top:decoder|qc_llr_bank:llr_bank_inst|mem[13][3]                ; Merged with qc_ldpc_decoder_top:decoder|qc_llr_bank:llr_bank_inst|mem[13][1]                 ;
; qc_ldpc_decoder_top:decoder|qc_llr_bank:llr_bank_inst|mem[13][4]                ; Merged with qc_ldpc_decoder_top:decoder|qc_llr_bank:llr_bank_inst|mem[13][1]                 ;
; qc_ldpc_decoder_top:decoder|qc_llr_bank:llr_bank_inst|mem[13][6]                ; Merged with qc_ldpc_decoder_top:decoder|qc_llr_bank:llr_bank_inst|mem[13][1]                 ;
; qc_ldpc_decoder_top:decoder|qc_llr_bank:llr_bank_inst|mem[13][7]                ; Merged with qc_ldpc_decoder_top:decoder|qc_llr_bank:llr_bank_inst|mem[13][1]                 ;
; qc_ldpc_decoder_top:decoder|qc_llr_bank:llr_bank_inst|mem[14][2]                ; Merged with qc_ldpc_decoder_top:decoder|qc_llr_bank:llr_bank_inst|mem[14][1]                 ;
; qc_ldpc_decoder_top:decoder|qc_llr_bank:llr_bank_inst|mem[14][3]                ; Merged with qc_ldpc_decoder_top:decoder|qc_llr_bank:llr_bank_inst|mem[14][1]                 ;
; qc_ldpc_decoder_top:decoder|qc_llr_bank:llr_bank_inst|mem[14][4]                ; Merged with qc_ldpc_decoder_top:decoder|qc_llr_bank:llr_bank_inst|mem[14][1]                 ;
; qc_ldpc_decoder_top:decoder|qc_llr_bank:llr_bank_inst|mem[14][6]                ; Merged with qc_ldpc_decoder_top:decoder|qc_llr_bank:llr_bank_inst|mem[14][1]                 ;
; qc_ldpc_decoder_top:decoder|qc_llr_bank:llr_bank_inst|mem[14][7]                ; Merged with qc_ldpc_decoder_top:decoder|qc_llr_bank:llr_bank_inst|mem[14][1]                 ;
; qc_ldpc_decoder_top:decoder|qc_llr_bank:llr_bank_inst|mem[15][2]                ; Merged with qc_ldpc_decoder_top:decoder|qc_llr_bank:llr_bank_inst|mem[15][1]                 ;
; qc_ldpc_decoder_top:decoder|qc_llr_bank:llr_bank_inst|mem[15][3]                ; Merged with qc_ldpc_decoder_top:decoder|qc_llr_bank:llr_bank_inst|mem[15][1]                 ;
; qc_ldpc_decoder_top:decoder|qc_llr_bank:llr_bank_inst|mem[15][4]                ; Merged with qc_ldpc_decoder_top:decoder|qc_llr_bank:llr_bank_inst|mem[15][1]                 ;
; qc_ldpc_decoder_top:decoder|qc_llr_bank:llr_bank_inst|mem[15][6]                ; Merged with qc_ldpc_decoder_top:decoder|qc_llr_bank:llr_bank_inst|mem[15][1]                 ;
; qc_ldpc_decoder_top:decoder|qc_llr_bank:llr_bank_inst|mem[15][7]                ; Merged with qc_ldpc_decoder_top:decoder|qc_llr_bank:llr_bank_inst|mem[15][1]                 ;
; qc_ldpc_decoder_top:decoder|qc_llr_bank:llr_bank_inst|mem[16][2]                ; Merged with qc_ldpc_decoder_top:decoder|qc_llr_bank:llr_bank_inst|mem[16][1]                 ;
; qc_ldpc_decoder_top:decoder|qc_llr_bank:llr_bank_inst|mem[16][3]                ; Merged with qc_ldpc_decoder_top:decoder|qc_llr_bank:llr_bank_inst|mem[16][1]                 ;
; qc_ldpc_decoder_top:decoder|qc_llr_bank:llr_bank_inst|mem[16][4]                ; Merged with qc_ldpc_decoder_top:decoder|qc_llr_bank:llr_bank_inst|mem[16][1]                 ;
; qc_ldpc_decoder_top:decoder|qc_llr_bank:llr_bank_inst|mem[16][6]                ; Merged with qc_ldpc_decoder_top:decoder|qc_llr_bank:llr_bank_inst|mem[16][1]                 ;
; qc_ldpc_decoder_top:decoder|qc_llr_bank:llr_bank_inst|mem[16][7]                ; Merged with qc_ldpc_decoder_top:decoder|qc_llr_bank:llr_bank_inst|mem[16][1]                 ;
; qc_ldpc_decoder_top:decoder|qc_llr_bank:llr_bank_inst|mem[17][2]                ; Merged with qc_ldpc_decoder_top:decoder|qc_llr_bank:llr_bank_inst|mem[17][1]                 ;
; qc_ldpc_decoder_top:decoder|qc_llr_bank:llr_bank_inst|mem[17][3]                ; Merged with qc_ldpc_decoder_top:decoder|qc_llr_bank:llr_bank_inst|mem[17][1]                 ;
; qc_ldpc_decoder_top:decoder|qc_llr_bank:llr_bank_inst|mem[17][4]                ; Merged with qc_ldpc_decoder_top:decoder|qc_llr_bank:llr_bank_inst|mem[17][1]                 ;
; qc_ldpc_decoder_top:decoder|qc_llr_bank:llr_bank_inst|mem[17][6]                ; Merged with qc_ldpc_decoder_top:decoder|qc_llr_bank:llr_bank_inst|mem[17][1]                 ;
; qc_ldpc_decoder_top:decoder|qc_llr_bank:llr_bank_inst|mem[17][7]                ; Merged with qc_ldpc_decoder_top:decoder|qc_llr_bank:llr_bank_inst|mem[17][1]                 ;
; qc_ldpc_decoder_top:decoder|qc_llr_bank:llr_bank_inst|mem[18][2]                ; Merged with qc_ldpc_decoder_top:decoder|qc_llr_bank:llr_bank_inst|mem[18][1]                 ;
; qc_ldpc_decoder_top:decoder|qc_llr_bank:llr_bank_inst|mem[18][3]                ; Merged with qc_ldpc_decoder_top:decoder|qc_llr_bank:llr_bank_inst|mem[18][1]                 ;
; qc_ldpc_decoder_top:decoder|qc_llr_bank:llr_bank_inst|mem[18][4]                ; Merged with qc_ldpc_decoder_top:decoder|qc_llr_bank:llr_bank_inst|mem[18][1]                 ;
; qc_ldpc_decoder_top:decoder|qc_llr_bank:llr_bank_inst|mem[18][6]                ; Merged with qc_ldpc_decoder_top:decoder|qc_llr_bank:llr_bank_inst|mem[18][1]                 ;
; qc_ldpc_decoder_top:decoder|qc_llr_bank:llr_bank_inst|mem[18][7]                ; Merged with qc_ldpc_decoder_top:decoder|qc_llr_bank:llr_bank_inst|mem[18][1]                 ;
; qc_ldpc_decoder_top:decoder|qc_llr_bank:llr_bank_inst|mem[19][2]                ; Merged with qc_ldpc_decoder_top:decoder|qc_llr_bank:llr_bank_inst|mem[19][1]                 ;
; qc_ldpc_decoder_top:decoder|qc_llr_bank:llr_bank_inst|mem[19][3]                ; Merged with qc_ldpc_decoder_top:decoder|qc_llr_bank:llr_bank_inst|mem[19][1]                 ;
; qc_ldpc_decoder_top:decoder|qc_llr_bank:llr_bank_inst|mem[19][4]                ; Merged with qc_ldpc_decoder_top:decoder|qc_llr_bank:llr_bank_inst|mem[19][1]                 ;
; qc_ldpc_decoder_top:decoder|qc_llr_bank:llr_bank_inst|mem[19][6]                ; Merged with qc_ldpc_decoder_top:decoder|qc_llr_bank:llr_bank_inst|mem[19][1]                 ;
; qc_ldpc_decoder_top:decoder|qc_llr_bank:llr_bank_inst|mem[19][7]                ; Merged with qc_ldpc_decoder_top:decoder|qc_llr_bank:llr_bank_inst|mem[19][1]                 ;
; qc_ldpc_decoder_top:decoder|qc_llr_bank:llr_bank_inst|mem[20][2]                ; Merged with qc_ldpc_decoder_top:decoder|qc_llr_bank:llr_bank_inst|mem[20][1]                 ;
; qc_ldpc_decoder_top:decoder|qc_llr_bank:llr_bank_inst|mem[20][3]                ; Merged with qc_ldpc_decoder_top:decoder|qc_llr_bank:llr_bank_inst|mem[20][1]                 ;
; qc_ldpc_decoder_top:decoder|qc_llr_bank:llr_bank_inst|mem[20][4]                ; Merged with qc_ldpc_decoder_top:decoder|qc_llr_bank:llr_bank_inst|mem[20][1]                 ;
; qc_ldpc_decoder_top:decoder|qc_llr_bank:llr_bank_inst|mem[20][6]                ; Merged with qc_ldpc_decoder_top:decoder|qc_llr_bank:llr_bank_inst|mem[20][1]                 ;
; qc_ldpc_decoder_top:decoder|qc_llr_bank:llr_bank_inst|mem[20][7]                ; Merged with qc_ldpc_decoder_top:decoder|qc_llr_bank:llr_bank_inst|mem[20][1]                 ;
; qc_ldpc_decoder_top:decoder|qc_llr_bank:llr_bank_inst|mem[21][2]                ; Merged with qc_ldpc_decoder_top:decoder|qc_llr_bank:llr_bank_inst|mem[21][1]                 ;
; qc_ldpc_decoder_top:decoder|qc_llr_bank:llr_bank_inst|mem[21][3]                ; Merged with qc_ldpc_decoder_top:decoder|qc_llr_bank:llr_bank_inst|mem[21][1]                 ;
; qc_ldpc_decoder_top:decoder|qc_llr_bank:llr_bank_inst|mem[21][4]                ; Merged with qc_ldpc_decoder_top:decoder|qc_llr_bank:llr_bank_inst|mem[21][1]                 ;
; qc_ldpc_decoder_top:decoder|qc_llr_bank:llr_bank_inst|mem[21][6]                ; Merged with qc_ldpc_decoder_top:decoder|qc_llr_bank:llr_bank_inst|mem[21][1]                 ;
; qc_ldpc_decoder_top:decoder|qc_llr_bank:llr_bank_inst|mem[21][7]                ; Merged with qc_ldpc_decoder_top:decoder|qc_llr_bank:llr_bank_inst|mem[21][1]                 ;
; qc_ldpc_decoder_top:decoder|qc_llr_bank:llr_bank_inst|mem[22][2]                ; Merged with qc_ldpc_decoder_top:decoder|qc_llr_bank:llr_bank_inst|mem[22][1]                 ;
; qc_ldpc_decoder_top:decoder|qc_llr_bank:llr_bank_inst|mem[22][3]                ; Merged with qc_ldpc_decoder_top:decoder|qc_llr_bank:llr_bank_inst|mem[22][1]                 ;
; qc_ldpc_decoder_top:decoder|qc_llr_bank:llr_bank_inst|mem[22][4]                ; Merged with qc_ldpc_decoder_top:decoder|qc_llr_bank:llr_bank_inst|mem[22][1]                 ;
; qc_ldpc_decoder_top:decoder|qc_llr_bank:llr_bank_inst|mem[22][6]                ; Merged with qc_ldpc_decoder_top:decoder|qc_llr_bank:llr_bank_inst|mem[22][1]                 ;
; qc_ldpc_decoder_top:decoder|qc_llr_bank:llr_bank_inst|mem[22][7]                ; Merged with qc_ldpc_decoder_top:decoder|qc_llr_bank:llr_bank_inst|mem[22][1]                 ;
; qc_ldpc_decoder_top:decoder|qc_llr_bank:llr_bank_inst|mem[23][2]                ; Merged with qc_ldpc_decoder_top:decoder|qc_llr_bank:llr_bank_inst|mem[23][1]                 ;
; qc_ldpc_decoder_top:decoder|qc_llr_bank:llr_bank_inst|mem[23][3]                ; Merged with qc_ldpc_decoder_top:decoder|qc_llr_bank:llr_bank_inst|mem[23][1]                 ;
; qc_ldpc_decoder_top:decoder|qc_llr_bank:llr_bank_inst|mem[23][4]                ; Merged with qc_ldpc_decoder_top:decoder|qc_llr_bank:llr_bank_inst|mem[23][1]                 ;
; qc_ldpc_decoder_top:decoder|qc_llr_bank:llr_bank_inst|mem[23][6]                ; Merged with qc_ldpc_decoder_top:decoder|qc_llr_bank:llr_bank_inst|mem[23][1]                 ;
; qc_ldpc_decoder_top:decoder|qc_llr_bank:llr_bank_inst|mem[23][7]                ; Merged with qc_ldpc_decoder_top:decoder|qc_llr_bank:llr_bank_inst|mem[23][1]                 ;
; qc_ldpc_decoder_top:decoder|qc_llr_bank:llr_bank_inst|mem[24][2]                ; Merged with qc_ldpc_decoder_top:decoder|qc_llr_bank:llr_bank_inst|mem[24][1]                 ;
; qc_ldpc_decoder_top:decoder|qc_llr_bank:llr_bank_inst|mem[24][3]                ; Merged with qc_ldpc_decoder_top:decoder|qc_llr_bank:llr_bank_inst|mem[24][1]                 ;
; qc_ldpc_decoder_top:decoder|qc_llr_bank:llr_bank_inst|mem[24][4]                ; Merged with qc_ldpc_decoder_top:decoder|qc_llr_bank:llr_bank_inst|mem[24][1]                 ;
; qc_ldpc_decoder_top:decoder|qc_llr_bank:llr_bank_inst|mem[24][6]                ; Merged with qc_ldpc_decoder_top:decoder|qc_llr_bank:llr_bank_inst|mem[24][1]                 ;
; qc_ldpc_decoder_top:decoder|qc_llr_bank:llr_bank_inst|mem[24][7]                ; Merged with qc_ldpc_decoder_top:decoder|qc_llr_bank:llr_bank_inst|mem[24][1]                 ;
; qc_ldpc_decoder_top:decoder|qc_llr_bank:llr_bank_inst|mem[25][2]                ; Merged with qc_ldpc_decoder_top:decoder|qc_llr_bank:llr_bank_inst|mem[25][1]                 ;
; qc_ldpc_decoder_top:decoder|qc_llr_bank:llr_bank_inst|mem[25][3]                ; Merged with qc_ldpc_decoder_top:decoder|qc_llr_bank:llr_bank_inst|mem[25][1]                 ;
; qc_ldpc_decoder_top:decoder|qc_llr_bank:llr_bank_inst|mem[25][4]                ; Merged with qc_ldpc_decoder_top:decoder|qc_llr_bank:llr_bank_inst|mem[25][1]                 ;
; qc_ldpc_decoder_top:decoder|qc_llr_bank:llr_bank_inst|mem[25][6]                ; Merged with qc_ldpc_decoder_top:decoder|qc_llr_bank:llr_bank_inst|mem[25][1]                 ;
; qc_ldpc_decoder_top:decoder|qc_llr_bank:llr_bank_inst|mem[25][7]                ; Merged with qc_ldpc_decoder_top:decoder|qc_llr_bank:llr_bank_inst|mem[25][1]                 ;
; qc_ldpc_decoder_top:decoder|qc_llr_bank:llr_bank_inst|mem[26][2]                ; Merged with qc_ldpc_decoder_top:decoder|qc_llr_bank:llr_bank_inst|mem[26][1]                 ;
; qc_ldpc_decoder_top:decoder|qc_llr_bank:llr_bank_inst|mem[26][3]                ; Merged with qc_ldpc_decoder_top:decoder|qc_llr_bank:llr_bank_inst|mem[26][1]                 ;
; qc_ldpc_decoder_top:decoder|qc_llr_bank:llr_bank_inst|mem[26][4]                ; Merged with qc_ldpc_decoder_top:decoder|qc_llr_bank:llr_bank_inst|mem[26][1]                 ;
; qc_ldpc_decoder_top:decoder|qc_llr_bank:llr_bank_inst|mem[26][6]                ; Merged with qc_ldpc_decoder_top:decoder|qc_llr_bank:llr_bank_inst|mem[26][1]                 ;
; qc_ldpc_decoder_top:decoder|qc_llr_bank:llr_bank_inst|mem[26][7]                ; Merged with qc_ldpc_decoder_top:decoder|qc_llr_bank:llr_bank_inst|mem[26][1]                 ;
; qc_ldpc_decoder_top:decoder|qc_llr_bank:llr_bank_inst|mem[27][2]                ; Merged with qc_ldpc_decoder_top:decoder|qc_llr_bank:llr_bank_inst|mem[27][1]                 ;
; qc_ldpc_decoder_top:decoder|qc_llr_bank:llr_bank_inst|mem[27][3]                ; Merged with qc_ldpc_decoder_top:decoder|qc_llr_bank:llr_bank_inst|mem[27][1]                 ;
; qc_ldpc_decoder_top:decoder|qc_llr_bank:llr_bank_inst|mem[27][4]                ; Merged with qc_ldpc_decoder_top:decoder|qc_llr_bank:llr_bank_inst|mem[27][1]                 ;
; qc_ldpc_decoder_top:decoder|qc_llr_bank:llr_bank_inst|mem[27][6]                ; Merged with qc_ldpc_decoder_top:decoder|qc_llr_bank:llr_bank_inst|mem[27][1]                 ;
; qc_ldpc_decoder_top:decoder|qc_llr_bank:llr_bank_inst|mem[27][7]                ; Merged with qc_ldpc_decoder_top:decoder|qc_llr_bank:llr_bank_inst|mem[27][1]                 ;
; qc_ldpc_decoder_top:decoder|qc_llr_bank:llr_bank_inst|mem[28][2]                ; Merged with qc_ldpc_decoder_top:decoder|qc_llr_bank:llr_bank_inst|mem[28][1]                 ;
; qc_ldpc_decoder_top:decoder|qc_llr_bank:llr_bank_inst|mem[28][3]                ; Merged with qc_ldpc_decoder_top:decoder|qc_llr_bank:llr_bank_inst|mem[28][1]                 ;
; qc_ldpc_decoder_top:decoder|qc_llr_bank:llr_bank_inst|mem[28][4]                ; Merged with qc_ldpc_decoder_top:decoder|qc_llr_bank:llr_bank_inst|mem[28][1]                 ;
; qc_ldpc_decoder_top:decoder|qc_llr_bank:llr_bank_inst|mem[28][6]                ; Merged with qc_ldpc_decoder_top:decoder|qc_llr_bank:llr_bank_inst|mem[28][1]                 ;
; qc_ldpc_decoder_top:decoder|qc_llr_bank:llr_bank_inst|mem[28][7]                ; Merged with qc_ldpc_decoder_top:decoder|qc_llr_bank:llr_bank_inst|mem[28][1]                 ;
; qc_ldpc_decoder_top:decoder|qc_llr_bank:llr_bank_inst|mem[29][2]                ; Merged with qc_ldpc_decoder_top:decoder|qc_llr_bank:llr_bank_inst|mem[29][1]                 ;
; qc_ldpc_decoder_top:decoder|qc_llr_bank:llr_bank_inst|mem[29][3]                ; Merged with qc_ldpc_decoder_top:decoder|qc_llr_bank:llr_bank_inst|mem[29][1]                 ;
; qc_ldpc_decoder_top:decoder|qc_llr_bank:llr_bank_inst|mem[29][4]                ; Merged with qc_ldpc_decoder_top:decoder|qc_llr_bank:llr_bank_inst|mem[29][1]                 ;
; qc_ldpc_decoder_top:decoder|qc_llr_bank:llr_bank_inst|mem[29][6]                ; Merged with qc_ldpc_decoder_top:decoder|qc_llr_bank:llr_bank_inst|mem[29][1]                 ;
; qc_ldpc_decoder_top:decoder|qc_llr_bank:llr_bank_inst|mem[29][7]                ; Merged with qc_ldpc_decoder_top:decoder|qc_llr_bank:llr_bank_inst|mem[29][1]                 ;
; qc_ldpc_decoder_top:decoder|qc_llr_bank:llr_bank_inst|mem[30][2]                ; Merged with qc_ldpc_decoder_top:decoder|qc_llr_bank:llr_bank_inst|mem[30][1]                 ;
; qc_ldpc_decoder_top:decoder|qc_llr_bank:llr_bank_inst|mem[30][3]                ; Merged with qc_ldpc_decoder_top:decoder|qc_llr_bank:llr_bank_inst|mem[30][1]                 ;
; qc_ldpc_decoder_top:decoder|qc_llr_bank:llr_bank_inst|mem[30][4]                ; Merged with qc_ldpc_decoder_top:decoder|qc_llr_bank:llr_bank_inst|mem[30][1]                 ;
; qc_ldpc_decoder_top:decoder|qc_llr_bank:llr_bank_inst|mem[30][6]                ; Merged with qc_ldpc_decoder_top:decoder|qc_llr_bank:llr_bank_inst|mem[30][1]                 ;
; qc_ldpc_decoder_top:decoder|qc_llr_bank:llr_bank_inst|mem[30][7]                ; Merged with qc_ldpc_decoder_top:decoder|qc_llr_bank:llr_bank_inst|mem[30][1]                 ;
; qc_ldpc_decoder_top:decoder|qc_llr_bank:llr_bank_inst|mem[31][2]                ; Merged with qc_ldpc_decoder_top:decoder|qc_llr_bank:llr_bank_inst|mem[31][1]                 ;
; qc_ldpc_decoder_top:decoder|qc_llr_bank:llr_bank_inst|mem[31][3]                ; Merged with qc_ldpc_decoder_top:decoder|qc_llr_bank:llr_bank_inst|mem[31][1]                 ;
; qc_ldpc_decoder_top:decoder|qc_llr_bank:llr_bank_inst|mem[31][4]                ; Merged with qc_ldpc_decoder_top:decoder|qc_llr_bank:llr_bank_inst|mem[31][1]                 ;
; qc_ldpc_decoder_top:decoder|qc_llr_bank:llr_bank_inst|mem[31][6]                ; Merged with qc_ldpc_decoder_top:decoder|qc_llr_bank:llr_bank_inst|mem[31][1]                 ;
; qc_ldpc_decoder_top:decoder|qc_llr_bank:llr_bank_inst|mem[31][7]                ; Merged with qc_ldpc_decoder_top:decoder|qc_llr_bank:llr_bank_inst|mem[31][1]                 ;
; qc_ldpc_decoder_top:decoder|qc_llr_bank:llr_bank_inst|mem[32][2]                ; Merged with qc_ldpc_decoder_top:decoder|qc_llr_bank:llr_bank_inst|mem[32][1]                 ;
; qc_ldpc_decoder_top:decoder|qc_llr_bank:llr_bank_inst|mem[32][3]                ; Merged with qc_ldpc_decoder_top:decoder|qc_llr_bank:llr_bank_inst|mem[32][1]                 ;
; qc_ldpc_decoder_top:decoder|qc_llr_bank:llr_bank_inst|mem[32][4]                ; Merged with qc_ldpc_decoder_top:decoder|qc_llr_bank:llr_bank_inst|mem[32][1]                 ;
; qc_ldpc_decoder_top:decoder|qc_llr_bank:llr_bank_inst|mem[32][6]                ; Merged with qc_ldpc_decoder_top:decoder|qc_llr_bank:llr_bank_inst|mem[32][1]                 ;
; qc_ldpc_decoder_top:decoder|qc_llr_bank:llr_bank_inst|mem[32][7]                ; Merged with qc_ldpc_decoder_top:decoder|qc_llr_bank:llr_bank_inst|mem[32][1]                 ;
; qc_ldpc_decoder_top:decoder|qc_llr_bank:llr_bank_inst|mem[33][2]                ; Merged with qc_ldpc_decoder_top:decoder|qc_llr_bank:llr_bank_inst|mem[33][1]                 ;
; qc_ldpc_decoder_top:decoder|qc_llr_bank:llr_bank_inst|mem[33][3]                ; Merged with qc_ldpc_decoder_top:decoder|qc_llr_bank:llr_bank_inst|mem[33][1]                 ;
; qc_ldpc_decoder_top:decoder|qc_llr_bank:llr_bank_inst|mem[33][4]                ; Merged with qc_ldpc_decoder_top:decoder|qc_llr_bank:llr_bank_inst|mem[33][1]                 ;
; qc_ldpc_decoder_top:decoder|qc_llr_bank:llr_bank_inst|mem[33][6]                ; Merged with qc_ldpc_decoder_top:decoder|qc_llr_bank:llr_bank_inst|mem[33][1]                 ;
; qc_ldpc_decoder_top:decoder|qc_llr_bank:llr_bank_inst|mem[33][7]                ; Merged with qc_ldpc_decoder_top:decoder|qc_llr_bank:llr_bank_inst|mem[33][1]                 ;
; qc_ldpc_decoder_top:decoder|qc_llr_bank:llr_bank_inst|mem[34][2]                ; Merged with qc_ldpc_decoder_top:decoder|qc_llr_bank:llr_bank_inst|mem[34][1]                 ;
; qc_ldpc_decoder_top:decoder|qc_llr_bank:llr_bank_inst|mem[34][3]                ; Merged with qc_ldpc_decoder_top:decoder|qc_llr_bank:llr_bank_inst|mem[34][1]                 ;
; qc_ldpc_decoder_top:decoder|qc_llr_bank:llr_bank_inst|mem[34][4]                ; Merged with qc_ldpc_decoder_top:decoder|qc_llr_bank:llr_bank_inst|mem[34][1]                 ;
; qc_ldpc_decoder_top:decoder|qc_llr_bank:llr_bank_inst|mem[34][6]                ; Merged with qc_ldpc_decoder_top:decoder|qc_llr_bank:llr_bank_inst|mem[34][1]                 ;
; qc_ldpc_decoder_top:decoder|qc_llr_bank:llr_bank_inst|mem[34][7]                ; Merged with qc_ldpc_decoder_top:decoder|qc_llr_bank:llr_bank_inst|mem[34][1]                 ;
; qc_ldpc_decoder_top:decoder|qc_llr_bank:llr_bank_inst|mem[35][2]                ; Merged with qc_ldpc_decoder_top:decoder|qc_llr_bank:llr_bank_inst|mem[35][1]                 ;
; qc_ldpc_decoder_top:decoder|qc_llr_bank:llr_bank_inst|mem[35][3]                ; Merged with qc_ldpc_decoder_top:decoder|qc_llr_bank:llr_bank_inst|mem[35][1]                 ;
; qc_ldpc_decoder_top:decoder|qc_llr_bank:llr_bank_inst|mem[35][4]                ; Merged with qc_ldpc_decoder_top:decoder|qc_llr_bank:llr_bank_inst|mem[35][1]                 ;
; qc_ldpc_decoder_top:decoder|qc_llr_bank:llr_bank_inst|mem[35][6]                ; Merged with qc_ldpc_decoder_top:decoder|qc_llr_bank:llr_bank_inst|mem[35][1]                 ;
; qc_ldpc_decoder_top:decoder|qc_llr_bank:llr_bank_inst|mem[35][7]                ; Merged with qc_ldpc_decoder_top:decoder|qc_llr_bank:llr_bank_inst|mem[35][1]                 ;
; qc_ldpc_decoder_top:decoder|qc_llr_bank:llr_bank_inst|mem[36][2]                ; Merged with qc_ldpc_decoder_top:decoder|qc_llr_bank:llr_bank_inst|mem[36][1]                 ;
; qc_ldpc_decoder_top:decoder|qc_llr_bank:llr_bank_inst|mem[36][3]                ; Merged with qc_ldpc_decoder_top:decoder|qc_llr_bank:llr_bank_inst|mem[36][1]                 ;
; qc_ldpc_decoder_top:decoder|qc_llr_bank:llr_bank_inst|mem[36][4]                ; Merged with qc_ldpc_decoder_top:decoder|qc_llr_bank:llr_bank_inst|mem[36][1]                 ;
; qc_ldpc_decoder_top:decoder|qc_llr_bank:llr_bank_inst|mem[36][6]                ; Merged with qc_ldpc_decoder_top:decoder|qc_llr_bank:llr_bank_inst|mem[36][1]                 ;
; qc_ldpc_decoder_top:decoder|qc_llr_bank:llr_bank_inst|mem[36][7]                ; Merged with qc_ldpc_decoder_top:decoder|qc_llr_bank:llr_bank_inst|mem[36][1]                 ;
; qc_ldpc_decoder_top:decoder|qc_llr_bank:llr_bank_inst|mem[37][2]                ; Merged with qc_ldpc_decoder_top:decoder|qc_llr_bank:llr_bank_inst|mem[37][1]                 ;
; qc_ldpc_decoder_top:decoder|qc_llr_bank:llr_bank_inst|mem[37][3]                ; Merged with qc_ldpc_decoder_top:decoder|qc_llr_bank:llr_bank_inst|mem[37][1]                 ;
; qc_ldpc_decoder_top:decoder|qc_llr_bank:llr_bank_inst|mem[37][4]                ; Merged with qc_ldpc_decoder_top:decoder|qc_llr_bank:llr_bank_inst|mem[37][1]                 ;
; qc_ldpc_decoder_top:decoder|qc_llr_bank:llr_bank_inst|mem[37][6]                ; Merged with qc_ldpc_decoder_top:decoder|qc_llr_bank:llr_bank_inst|mem[37][1]                 ;
; qc_ldpc_decoder_top:decoder|qc_llr_bank:llr_bank_inst|mem[37][7]                ; Merged with qc_ldpc_decoder_top:decoder|qc_llr_bank:llr_bank_inst|mem[37][1]                 ;
; qc_ldpc_decoder_top:decoder|qc_llr_bank:llr_bank_inst|mem[38][2]                ; Merged with qc_ldpc_decoder_top:decoder|qc_llr_bank:llr_bank_inst|mem[38][1]                 ;
; qc_ldpc_decoder_top:decoder|qc_llr_bank:llr_bank_inst|mem[38][3]                ; Merged with qc_ldpc_decoder_top:decoder|qc_llr_bank:llr_bank_inst|mem[38][1]                 ;
; qc_ldpc_decoder_top:decoder|qc_llr_bank:llr_bank_inst|mem[38][4]                ; Merged with qc_ldpc_decoder_top:decoder|qc_llr_bank:llr_bank_inst|mem[38][1]                 ;
; qc_ldpc_decoder_top:decoder|qc_llr_bank:llr_bank_inst|mem[38][6]                ; Merged with qc_ldpc_decoder_top:decoder|qc_llr_bank:llr_bank_inst|mem[38][1]                 ;
; qc_ldpc_decoder_top:decoder|qc_llr_bank:llr_bank_inst|mem[38][7]                ; Merged with qc_ldpc_decoder_top:decoder|qc_llr_bank:llr_bank_inst|mem[38][1]                 ;
; qc_ldpc_decoder_top:decoder|qc_llr_bank:llr_bank_inst|mem[39][2]                ; Merged with qc_ldpc_decoder_top:decoder|qc_llr_bank:llr_bank_inst|mem[39][1]                 ;
; qc_ldpc_decoder_top:decoder|qc_llr_bank:llr_bank_inst|mem[39][3]                ; Merged with qc_ldpc_decoder_top:decoder|qc_llr_bank:llr_bank_inst|mem[39][1]                 ;
; qc_ldpc_decoder_top:decoder|qc_llr_bank:llr_bank_inst|mem[39][4]                ; Merged with qc_ldpc_decoder_top:decoder|qc_llr_bank:llr_bank_inst|mem[39][1]                 ;
; qc_ldpc_decoder_top:decoder|qc_llr_bank:llr_bank_inst|mem[39][6]                ; Merged with qc_ldpc_decoder_top:decoder|qc_llr_bank:llr_bank_inst|mem[39][1]                 ;
; qc_ldpc_decoder_top:decoder|qc_llr_bank:llr_bank_inst|mem[39][7]                ; Merged with qc_ldpc_decoder_top:decoder|qc_llr_bank:llr_bank_inst|mem[39][1]                 ;
; qc_ldpc_decoder_top:decoder|qc_llr_bank:llr_bank_inst|mem[40][2]                ; Merged with qc_ldpc_decoder_top:decoder|qc_llr_bank:llr_bank_inst|mem[40][1]                 ;
; qc_ldpc_decoder_top:decoder|qc_llr_bank:llr_bank_inst|mem[40][3]                ; Merged with qc_ldpc_decoder_top:decoder|qc_llr_bank:llr_bank_inst|mem[40][1]                 ;
; qc_ldpc_decoder_top:decoder|qc_llr_bank:llr_bank_inst|mem[40][4]                ; Merged with qc_ldpc_decoder_top:decoder|qc_llr_bank:llr_bank_inst|mem[40][1]                 ;
; qc_ldpc_decoder_top:decoder|qc_llr_bank:llr_bank_inst|mem[40][6]                ; Merged with qc_ldpc_decoder_top:decoder|qc_llr_bank:llr_bank_inst|mem[40][1]                 ;
; qc_ldpc_decoder_top:decoder|qc_llr_bank:llr_bank_inst|mem[40][7]                ; Merged with qc_ldpc_decoder_top:decoder|qc_llr_bank:llr_bank_inst|mem[40][1]                 ;
; qc_ldpc_decoder_top:decoder|qc_llr_bank:llr_bank_inst|mem[41][2]                ; Merged with qc_ldpc_decoder_top:decoder|qc_llr_bank:llr_bank_inst|mem[41][1]                 ;
; qc_ldpc_decoder_top:decoder|qc_llr_bank:llr_bank_inst|mem[41][3]                ; Merged with qc_ldpc_decoder_top:decoder|qc_llr_bank:llr_bank_inst|mem[41][1]                 ;
; qc_ldpc_decoder_top:decoder|qc_llr_bank:llr_bank_inst|mem[41][4]                ; Merged with qc_ldpc_decoder_top:decoder|qc_llr_bank:llr_bank_inst|mem[41][1]                 ;
; qc_ldpc_decoder_top:decoder|qc_llr_bank:llr_bank_inst|mem[41][6]                ; Merged with qc_ldpc_decoder_top:decoder|qc_llr_bank:llr_bank_inst|mem[41][1]                 ;
; qc_ldpc_decoder_top:decoder|qc_llr_bank:llr_bank_inst|mem[41][7]                ; Merged with qc_ldpc_decoder_top:decoder|qc_llr_bank:llr_bank_inst|mem[41][1]                 ;
; qc_ldpc_decoder_top:decoder|qc_llr_bank:llr_bank_inst|mem[42][2]                ; Merged with qc_ldpc_decoder_top:decoder|qc_llr_bank:llr_bank_inst|mem[42][1]                 ;
; qc_ldpc_decoder_top:decoder|qc_llr_bank:llr_bank_inst|mem[42][3]                ; Merged with qc_ldpc_decoder_top:decoder|qc_llr_bank:llr_bank_inst|mem[42][1]                 ;
; qc_ldpc_decoder_top:decoder|qc_llr_bank:llr_bank_inst|mem[42][4]                ; Merged with qc_ldpc_decoder_top:decoder|qc_llr_bank:llr_bank_inst|mem[42][1]                 ;
; qc_ldpc_decoder_top:decoder|qc_llr_bank:llr_bank_inst|mem[42][6]                ; Merged with qc_ldpc_decoder_top:decoder|qc_llr_bank:llr_bank_inst|mem[42][1]                 ;
; qc_ldpc_decoder_top:decoder|qc_llr_bank:llr_bank_inst|mem[42][7]                ; Merged with qc_ldpc_decoder_top:decoder|qc_llr_bank:llr_bank_inst|mem[42][1]                 ;
; qc_ldpc_decoder_top:decoder|qc_llr_bank:llr_bank_inst|mem[43][2]                ; Merged with qc_ldpc_decoder_top:decoder|qc_llr_bank:llr_bank_inst|mem[43][1]                 ;
; qc_ldpc_decoder_top:decoder|qc_llr_bank:llr_bank_inst|mem[43][3]                ; Merged with qc_ldpc_decoder_top:decoder|qc_llr_bank:llr_bank_inst|mem[43][1]                 ;
; qc_ldpc_decoder_top:decoder|qc_llr_bank:llr_bank_inst|mem[43][4]                ; Merged with qc_ldpc_decoder_top:decoder|qc_llr_bank:llr_bank_inst|mem[43][1]                 ;
; qc_ldpc_decoder_top:decoder|qc_llr_bank:llr_bank_inst|mem[43][6]                ; Merged with qc_ldpc_decoder_top:decoder|qc_llr_bank:llr_bank_inst|mem[43][1]                 ;
; qc_ldpc_decoder_top:decoder|qc_llr_bank:llr_bank_inst|mem[43][7]                ; Merged with qc_ldpc_decoder_top:decoder|qc_llr_bank:llr_bank_inst|mem[43][1]                 ;
; qc_ldpc_decoder_top:decoder|qc_llr_bank:llr_bank_inst|mem[44][2]                ; Merged with qc_ldpc_decoder_top:decoder|qc_llr_bank:llr_bank_inst|mem[44][1]                 ;
; qc_ldpc_decoder_top:decoder|qc_llr_bank:llr_bank_inst|mem[44][3]                ; Merged with qc_ldpc_decoder_top:decoder|qc_llr_bank:llr_bank_inst|mem[44][1]                 ;
; qc_ldpc_decoder_top:decoder|qc_llr_bank:llr_bank_inst|mem[44][4]                ; Merged with qc_ldpc_decoder_top:decoder|qc_llr_bank:llr_bank_inst|mem[44][1]                 ;
; qc_ldpc_decoder_top:decoder|qc_llr_bank:llr_bank_inst|mem[44][6]                ; Merged with qc_ldpc_decoder_top:decoder|qc_llr_bank:llr_bank_inst|mem[44][1]                 ;
; qc_ldpc_decoder_top:decoder|qc_llr_bank:llr_bank_inst|mem[44][7]                ; Merged with qc_ldpc_decoder_top:decoder|qc_llr_bank:llr_bank_inst|mem[44][1]                 ;
; qc_ldpc_decoder_top:decoder|qc_llr_bank:llr_bank_inst|mem[45][2]                ; Merged with qc_ldpc_decoder_top:decoder|qc_llr_bank:llr_bank_inst|mem[45][1]                 ;
; qc_ldpc_decoder_top:decoder|qc_llr_bank:llr_bank_inst|mem[45][3]                ; Merged with qc_ldpc_decoder_top:decoder|qc_llr_bank:llr_bank_inst|mem[45][1]                 ;
; qc_ldpc_decoder_top:decoder|qc_llr_bank:llr_bank_inst|mem[45][4]                ; Merged with qc_ldpc_decoder_top:decoder|qc_llr_bank:llr_bank_inst|mem[45][1]                 ;
; qc_ldpc_decoder_top:decoder|qc_llr_bank:llr_bank_inst|mem[45][6]                ; Merged with qc_ldpc_decoder_top:decoder|qc_llr_bank:llr_bank_inst|mem[45][1]                 ;
; qc_ldpc_decoder_top:decoder|qc_llr_bank:llr_bank_inst|mem[45][7]                ; Merged with qc_ldpc_decoder_top:decoder|qc_llr_bank:llr_bank_inst|mem[45][1]                 ;
; qc_ldpc_decoder_top:decoder|qc_llr_bank:llr_bank_inst|mem[46][2]                ; Merged with qc_ldpc_decoder_top:decoder|qc_llr_bank:llr_bank_inst|mem[46][1]                 ;
; qc_ldpc_decoder_top:decoder|qc_llr_bank:llr_bank_inst|mem[46][3]                ; Merged with qc_ldpc_decoder_top:decoder|qc_llr_bank:llr_bank_inst|mem[46][1]                 ;
; qc_ldpc_decoder_top:decoder|qc_llr_bank:llr_bank_inst|mem[46][4]                ; Merged with qc_ldpc_decoder_top:decoder|qc_llr_bank:llr_bank_inst|mem[46][1]                 ;
; qc_ldpc_decoder_top:decoder|qc_llr_bank:llr_bank_inst|mem[46][6]                ; Merged with qc_ldpc_decoder_top:decoder|qc_llr_bank:llr_bank_inst|mem[46][1]                 ;
; qc_ldpc_decoder_top:decoder|qc_llr_bank:llr_bank_inst|mem[46][7]                ; Merged with qc_ldpc_decoder_top:decoder|qc_llr_bank:llr_bank_inst|mem[46][1]                 ;
; qc_ldpc_decoder_top:decoder|qc_llr_bank:llr_bank_inst|mem[47][2]                ; Merged with qc_ldpc_decoder_top:decoder|qc_llr_bank:llr_bank_inst|mem[47][1]                 ;
; qc_ldpc_decoder_top:decoder|qc_llr_bank:llr_bank_inst|mem[47][3]                ; Merged with qc_ldpc_decoder_top:decoder|qc_llr_bank:llr_bank_inst|mem[47][1]                 ;
; qc_ldpc_decoder_top:decoder|qc_llr_bank:llr_bank_inst|mem[47][4]                ; Merged with qc_ldpc_decoder_top:decoder|qc_llr_bank:llr_bank_inst|mem[47][1]                 ;
; qc_ldpc_decoder_top:decoder|qc_llr_bank:llr_bank_inst|mem[47][6]                ; Merged with qc_ldpc_decoder_top:decoder|qc_llr_bank:llr_bank_inst|mem[47][1]                 ;
; qc_ldpc_decoder_top:decoder|qc_llr_bank:llr_bank_inst|mem[47][7]                ; Merged with qc_ldpc_decoder_top:decoder|qc_llr_bank:llr_bank_inst|mem[47][1]                 ;
; qc_ldpc_decoder_top:decoder|qc_llr_bank:llr_bank_inst|mem[48][2]                ; Merged with qc_ldpc_decoder_top:decoder|qc_llr_bank:llr_bank_inst|mem[48][1]                 ;
; qc_ldpc_decoder_top:decoder|qc_llr_bank:llr_bank_inst|mem[48][3]                ; Merged with qc_ldpc_decoder_top:decoder|qc_llr_bank:llr_bank_inst|mem[48][1]                 ;
; qc_ldpc_decoder_top:decoder|qc_llr_bank:llr_bank_inst|mem[48][4]                ; Merged with qc_ldpc_decoder_top:decoder|qc_llr_bank:llr_bank_inst|mem[48][1]                 ;
; qc_ldpc_decoder_top:decoder|qc_llr_bank:llr_bank_inst|mem[48][6]                ; Merged with qc_ldpc_decoder_top:decoder|qc_llr_bank:llr_bank_inst|mem[48][1]                 ;
; qc_ldpc_decoder_top:decoder|qc_llr_bank:llr_bank_inst|mem[48][7]                ; Merged with qc_ldpc_decoder_top:decoder|qc_llr_bank:llr_bank_inst|mem[48][1]                 ;
; qc_ldpc_decoder_top:decoder|qc_llr_bank:llr_bank_inst|mem[49][2]                ; Merged with qc_ldpc_decoder_top:decoder|qc_llr_bank:llr_bank_inst|mem[49][1]                 ;
; qc_ldpc_decoder_top:decoder|qc_llr_bank:llr_bank_inst|mem[49][3]                ; Merged with qc_ldpc_decoder_top:decoder|qc_llr_bank:llr_bank_inst|mem[49][1]                 ;
; qc_ldpc_decoder_top:decoder|qc_llr_bank:llr_bank_inst|mem[49][4]                ; Merged with qc_ldpc_decoder_top:decoder|qc_llr_bank:llr_bank_inst|mem[49][1]                 ;
; qc_ldpc_decoder_top:decoder|qc_llr_bank:llr_bank_inst|mem[49][6]                ; Merged with qc_ldpc_decoder_top:decoder|qc_llr_bank:llr_bank_inst|mem[49][1]                 ;
; qc_ldpc_decoder_top:decoder|qc_llr_bank:llr_bank_inst|mem[49][7]                ; Merged with qc_ldpc_decoder_top:decoder|qc_llr_bank:llr_bank_inst|mem[49][1]                 ;
; qc_ldpc_decoder_top:decoder|qc_llr_bank:llr_bank_inst|mem[50][2]                ; Merged with qc_ldpc_decoder_top:decoder|qc_llr_bank:llr_bank_inst|mem[50][1]                 ;
; qc_ldpc_decoder_top:decoder|qc_llr_bank:llr_bank_inst|mem[50][3]                ; Merged with qc_ldpc_decoder_top:decoder|qc_llr_bank:llr_bank_inst|mem[50][1]                 ;
; qc_ldpc_decoder_top:decoder|qc_llr_bank:llr_bank_inst|mem[50][4]                ; Merged with qc_ldpc_decoder_top:decoder|qc_llr_bank:llr_bank_inst|mem[50][1]                 ;
; qc_ldpc_decoder_top:decoder|qc_llr_bank:llr_bank_inst|mem[50][6]                ; Merged with qc_ldpc_decoder_top:decoder|qc_llr_bank:llr_bank_inst|mem[50][1]                 ;
; qc_ldpc_decoder_top:decoder|qc_llr_bank:llr_bank_inst|mem[50][7]                ; Merged with qc_ldpc_decoder_top:decoder|qc_llr_bank:llr_bank_inst|mem[50][1]                 ;
; qc_ldpc_decoder_top:decoder|qc_llr_bank:llr_bank_inst|mem[51][2]                ; Merged with qc_ldpc_decoder_top:decoder|qc_llr_bank:llr_bank_inst|mem[51][1]                 ;
; qc_ldpc_decoder_top:decoder|qc_llr_bank:llr_bank_inst|mem[51][3]                ; Merged with qc_ldpc_decoder_top:decoder|qc_llr_bank:llr_bank_inst|mem[51][1]                 ;
; qc_ldpc_decoder_top:decoder|qc_llr_bank:llr_bank_inst|mem[51][4]                ; Merged with qc_ldpc_decoder_top:decoder|qc_llr_bank:llr_bank_inst|mem[51][1]                 ;
; qc_ldpc_decoder_top:decoder|qc_llr_bank:llr_bank_inst|mem[51][6]                ; Merged with qc_ldpc_decoder_top:decoder|qc_llr_bank:llr_bank_inst|mem[51][1]                 ;
; qc_ldpc_decoder_top:decoder|qc_llr_bank:llr_bank_inst|mem[51][7]                ; Merged with qc_ldpc_decoder_top:decoder|qc_llr_bank:llr_bank_inst|mem[51][1]                 ;
; qc_ldpc_decoder_top:decoder|qc_llr_bank:llr_bank_inst|mem[52][2]                ; Merged with qc_ldpc_decoder_top:decoder|qc_llr_bank:llr_bank_inst|mem[52][1]                 ;
; qc_ldpc_decoder_top:decoder|qc_llr_bank:llr_bank_inst|mem[52][3]                ; Merged with qc_ldpc_decoder_top:decoder|qc_llr_bank:llr_bank_inst|mem[52][1]                 ;
; qc_ldpc_decoder_top:decoder|qc_llr_bank:llr_bank_inst|mem[52][4]                ; Merged with qc_ldpc_decoder_top:decoder|qc_llr_bank:llr_bank_inst|mem[52][1]                 ;
; qc_ldpc_decoder_top:decoder|qc_llr_bank:llr_bank_inst|mem[52][6]                ; Merged with qc_ldpc_decoder_top:decoder|qc_llr_bank:llr_bank_inst|mem[52][1]                 ;
; qc_ldpc_decoder_top:decoder|qc_llr_bank:llr_bank_inst|mem[52][7]                ; Merged with qc_ldpc_decoder_top:decoder|qc_llr_bank:llr_bank_inst|mem[52][1]                 ;
; qc_ldpc_decoder_top:decoder|qc_llr_bank:llr_bank_inst|mem[53][2]                ; Merged with qc_ldpc_decoder_top:decoder|qc_llr_bank:llr_bank_inst|mem[53][1]                 ;
; qc_ldpc_decoder_top:decoder|qc_llr_bank:llr_bank_inst|mem[53][3]                ; Merged with qc_ldpc_decoder_top:decoder|qc_llr_bank:llr_bank_inst|mem[53][1]                 ;
; qc_ldpc_decoder_top:decoder|qc_llr_bank:llr_bank_inst|mem[53][4]                ; Merged with qc_ldpc_decoder_top:decoder|qc_llr_bank:llr_bank_inst|mem[53][1]                 ;
; qc_ldpc_decoder_top:decoder|qc_llr_bank:llr_bank_inst|mem[53][6]                ; Merged with qc_ldpc_decoder_top:decoder|qc_llr_bank:llr_bank_inst|mem[53][1]                 ;
; qc_ldpc_decoder_top:decoder|qc_llr_bank:llr_bank_inst|mem[53][7]                ; Merged with qc_ldpc_decoder_top:decoder|qc_llr_bank:llr_bank_inst|mem[53][1]                 ;
; qc_ldpc_decoder_top:decoder|qc_llr_bank:llr_bank_inst|mem[54][2]                ; Merged with qc_ldpc_decoder_top:decoder|qc_llr_bank:llr_bank_inst|mem[54][1]                 ;
; qc_ldpc_decoder_top:decoder|qc_llr_bank:llr_bank_inst|mem[54][3]                ; Merged with qc_ldpc_decoder_top:decoder|qc_llr_bank:llr_bank_inst|mem[54][1]                 ;
; qc_ldpc_decoder_top:decoder|qc_llr_bank:llr_bank_inst|mem[54][4]                ; Merged with qc_ldpc_decoder_top:decoder|qc_llr_bank:llr_bank_inst|mem[54][1]                 ;
; qc_ldpc_decoder_top:decoder|qc_llr_bank:llr_bank_inst|mem[54][6]                ; Merged with qc_ldpc_decoder_top:decoder|qc_llr_bank:llr_bank_inst|mem[54][1]                 ;
; qc_ldpc_decoder_top:decoder|qc_llr_bank:llr_bank_inst|mem[54][7]                ; Merged with qc_ldpc_decoder_top:decoder|qc_llr_bank:llr_bank_inst|mem[54][1]                 ;
; qc_ldpc_decoder_top:decoder|qc_llr_bank:llr_bank_inst|mem[55][2]                ; Merged with qc_ldpc_decoder_top:decoder|qc_llr_bank:llr_bank_inst|mem[55][1]                 ;
; qc_ldpc_decoder_top:decoder|qc_llr_bank:llr_bank_inst|mem[55][3]                ; Merged with qc_ldpc_decoder_top:decoder|qc_llr_bank:llr_bank_inst|mem[55][1]                 ;
; qc_ldpc_decoder_top:decoder|qc_llr_bank:llr_bank_inst|mem[55][4]                ; Merged with qc_ldpc_decoder_top:decoder|qc_llr_bank:llr_bank_inst|mem[55][1]                 ;
; qc_ldpc_decoder_top:decoder|qc_llr_bank:llr_bank_inst|mem[55][6]                ; Merged with qc_ldpc_decoder_top:decoder|qc_llr_bank:llr_bank_inst|mem[55][1]                 ;
; qc_ldpc_decoder_top:decoder|qc_llr_bank:llr_bank_inst|mem[55][7]                ; Merged with qc_ldpc_decoder_top:decoder|qc_llr_bank:llr_bank_inst|mem[55][1]                 ;
; qc_ldpc_decoder_top:decoder|qc_llr_bank:llr_bank_inst|mem[56][2]                ; Merged with qc_ldpc_decoder_top:decoder|qc_llr_bank:llr_bank_inst|mem[56][1]                 ;
; qc_ldpc_decoder_top:decoder|qc_llr_bank:llr_bank_inst|mem[56][3]                ; Merged with qc_ldpc_decoder_top:decoder|qc_llr_bank:llr_bank_inst|mem[56][1]                 ;
; qc_ldpc_decoder_top:decoder|qc_llr_bank:llr_bank_inst|mem[56][4]                ; Merged with qc_ldpc_decoder_top:decoder|qc_llr_bank:llr_bank_inst|mem[56][1]                 ;
; qc_ldpc_decoder_top:decoder|qc_llr_bank:llr_bank_inst|mem[56][6]                ; Merged with qc_ldpc_decoder_top:decoder|qc_llr_bank:llr_bank_inst|mem[56][1]                 ;
; qc_ldpc_decoder_top:decoder|qc_llr_bank:llr_bank_inst|mem[56][7]                ; Merged with qc_ldpc_decoder_top:decoder|qc_llr_bank:llr_bank_inst|mem[56][1]                 ;
; qc_ldpc_decoder_top:decoder|qc_llr_bank:llr_bank_inst|mem[57][2]                ; Merged with qc_ldpc_decoder_top:decoder|qc_llr_bank:llr_bank_inst|mem[57][1]                 ;
; qc_ldpc_decoder_top:decoder|qc_llr_bank:llr_bank_inst|mem[57][3]                ; Merged with qc_ldpc_decoder_top:decoder|qc_llr_bank:llr_bank_inst|mem[57][1]                 ;
; qc_ldpc_decoder_top:decoder|qc_llr_bank:llr_bank_inst|mem[57][4]                ; Merged with qc_ldpc_decoder_top:decoder|qc_llr_bank:llr_bank_inst|mem[57][1]                 ;
; qc_ldpc_decoder_top:decoder|qc_llr_bank:llr_bank_inst|mem[57][6]                ; Merged with qc_ldpc_decoder_top:decoder|qc_llr_bank:llr_bank_inst|mem[57][1]                 ;
; qc_ldpc_decoder_top:decoder|qc_llr_bank:llr_bank_inst|mem[57][7]                ; Merged with qc_ldpc_decoder_top:decoder|qc_llr_bank:llr_bank_inst|mem[57][1]                 ;
; qc_ldpc_decoder_top:decoder|qc_llr_bank:llr_bank_inst|mem[58][2]                ; Merged with qc_ldpc_decoder_top:decoder|qc_llr_bank:llr_bank_inst|mem[58][1]                 ;
; qc_ldpc_decoder_top:decoder|qc_llr_bank:llr_bank_inst|mem[58][3]                ; Merged with qc_ldpc_decoder_top:decoder|qc_llr_bank:llr_bank_inst|mem[58][1]                 ;
; qc_ldpc_decoder_top:decoder|qc_llr_bank:llr_bank_inst|mem[58][4]                ; Merged with qc_ldpc_decoder_top:decoder|qc_llr_bank:llr_bank_inst|mem[58][1]                 ;
; qc_ldpc_decoder_top:decoder|qc_llr_bank:llr_bank_inst|mem[58][6]                ; Merged with qc_ldpc_decoder_top:decoder|qc_llr_bank:llr_bank_inst|mem[58][1]                 ;
; qc_ldpc_decoder_top:decoder|qc_llr_bank:llr_bank_inst|mem[58][7]                ; Merged with qc_ldpc_decoder_top:decoder|qc_llr_bank:llr_bank_inst|mem[58][1]                 ;
; qc_ldpc_decoder_top:decoder|qc_llr_bank:llr_bank_inst|mem[59][2]                ; Merged with qc_ldpc_decoder_top:decoder|qc_llr_bank:llr_bank_inst|mem[59][1]                 ;
; qc_ldpc_decoder_top:decoder|qc_llr_bank:llr_bank_inst|mem[59][3]                ; Merged with qc_ldpc_decoder_top:decoder|qc_llr_bank:llr_bank_inst|mem[59][1]                 ;
; qc_ldpc_decoder_top:decoder|qc_llr_bank:llr_bank_inst|mem[59][4]                ; Merged with qc_ldpc_decoder_top:decoder|qc_llr_bank:llr_bank_inst|mem[59][1]                 ;
; qc_ldpc_decoder_top:decoder|qc_llr_bank:llr_bank_inst|mem[59][6]                ; Merged with qc_ldpc_decoder_top:decoder|qc_llr_bank:llr_bank_inst|mem[59][1]                 ;
; qc_ldpc_decoder_top:decoder|qc_llr_bank:llr_bank_inst|mem[59][7]                ; Merged with qc_ldpc_decoder_top:decoder|qc_llr_bank:llr_bank_inst|mem[59][1]                 ;
; qc_ldpc_decoder_top:decoder|qc_llr_bank:llr_bank_inst|mem[60][2]                ; Merged with qc_ldpc_decoder_top:decoder|qc_llr_bank:llr_bank_inst|mem[60][1]                 ;
; qc_ldpc_decoder_top:decoder|qc_llr_bank:llr_bank_inst|mem[60][3]                ; Merged with qc_ldpc_decoder_top:decoder|qc_llr_bank:llr_bank_inst|mem[60][1]                 ;
; qc_ldpc_decoder_top:decoder|qc_llr_bank:llr_bank_inst|mem[60][4]                ; Merged with qc_ldpc_decoder_top:decoder|qc_llr_bank:llr_bank_inst|mem[60][1]                 ;
; qc_ldpc_decoder_top:decoder|qc_llr_bank:llr_bank_inst|mem[60][6]                ; Merged with qc_ldpc_decoder_top:decoder|qc_llr_bank:llr_bank_inst|mem[60][1]                 ;
; qc_ldpc_decoder_top:decoder|qc_llr_bank:llr_bank_inst|mem[60][7]                ; Merged with qc_ldpc_decoder_top:decoder|qc_llr_bank:llr_bank_inst|mem[60][1]                 ;
; qc_ldpc_decoder_top:decoder|qc_llr_bank:llr_bank_inst|mem[61][2]                ; Merged with qc_ldpc_decoder_top:decoder|qc_llr_bank:llr_bank_inst|mem[61][1]                 ;
; qc_ldpc_decoder_top:decoder|qc_llr_bank:llr_bank_inst|mem[61][3]                ; Merged with qc_ldpc_decoder_top:decoder|qc_llr_bank:llr_bank_inst|mem[61][1]                 ;
; qc_ldpc_decoder_top:decoder|qc_llr_bank:llr_bank_inst|mem[61][4]                ; Merged with qc_ldpc_decoder_top:decoder|qc_llr_bank:llr_bank_inst|mem[61][1]                 ;
; qc_ldpc_decoder_top:decoder|qc_llr_bank:llr_bank_inst|mem[61][6]                ; Merged with qc_ldpc_decoder_top:decoder|qc_llr_bank:llr_bank_inst|mem[61][1]                 ;
; qc_ldpc_decoder_top:decoder|qc_llr_bank:llr_bank_inst|mem[61][7]                ; Merged with qc_ldpc_decoder_top:decoder|qc_llr_bank:llr_bank_inst|mem[61][1]                 ;
; qc_ldpc_decoder_top:decoder|qc_llr_bank:llr_bank_inst|mem[62][2]                ; Merged with qc_ldpc_decoder_top:decoder|qc_llr_bank:llr_bank_inst|mem[62][1]                 ;
; qc_ldpc_decoder_top:decoder|qc_llr_bank:llr_bank_inst|mem[62][3]                ; Merged with qc_ldpc_decoder_top:decoder|qc_llr_bank:llr_bank_inst|mem[62][1]                 ;
; qc_ldpc_decoder_top:decoder|qc_llr_bank:llr_bank_inst|mem[62][4]                ; Merged with qc_ldpc_decoder_top:decoder|qc_llr_bank:llr_bank_inst|mem[62][1]                 ;
; qc_ldpc_decoder_top:decoder|qc_llr_bank:llr_bank_inst|mem[62][6]                ; Merged with qc_ldpc_decoder_top:decoder|qc_llr_bank:llr_bank_inst|mem[62][1]                 ;
; qc_ldpc_decoder_top:decoder|qc_llr_bank:llr_bank_inst|mem[62][7]                ; Merged with qc_ldpc_decoder_top:decoder|qc_llr_bank:llr_bank_inst|mem[62][1]                 ;
; qc_ldpc_decoder_top:decoder|qc_llr_bank:llr_bank_inst|mem[63][2]                ; Merged with qc_ldpc_decoder_top:decoder|qc_llr_bank:llr_bank_inst|mem[63][1]                 ;
; qc_ldpc_decoder_top:decoder|qc_llr_bank:llr_bank_inst|mem[63][3]                ; Merged with qc_ldpc_decoder_top:decoder|qc_llr_bank:llr_bank_inst|mem[63][1]                 ;
; qc_ldpc_decoder_top:decoder|qc_llr_bank:llr_bank_inst|mem[63][4]                ; Merged with qc_ldpc_decoder_top:decoder|qc_llr_bank:llr_bank_inst|mem[63][1]                 ;
; qc_ldpc_decoder_top:decoder|qc_llr_bank:llr_bank_inst|mem[63][6]                ; Merged with qc_ldpc_decoder_top:decoder|qc_llr_bank:llr_bank_inst|mem[63][1]                 ;
; qc_ldpc_decoder_top:decoder|qc_llr_bank:llr_bank_inst|mem[63][7]                ; Merged with qc_ldpc_decoder_top:decoder|qc_llr_bank:llr_bank_inst|mem[63][1]                 ;
; qc_ldpc_decoder_top:decoder|qc_llr_bank:llr_bank_inst|mem[0][57]                ; Merged with qc_ldpc_decoder_top:decoder|qc_llr_bank:llr_bank_inst|mem[0][56]                 ;
; qc_ldpc_decoder_top:decoder|qc_llr_bank:llr_bank_inst|mem[0][58]                ; Merged with qc_ldpc_decoder_top:decoder|qc_llr_bank:llr_bank_inst|mem[0][56]                 ;
; qc_ldpc_decoder_top:decoder|qc_llr_bank:llr_bank_inst|mem[0][59]                ; Merged with qc_ldpc_decoder_top:decoder|qc_llr_bank:llr_bank_inst|mem[0][56]                 ;
; qc_ldpc_decoder_top:decoder|qc_llr_bank:llr_bank_inst|mem[0][60]                ; Merged with qc_ldpc_decoder_top:decoder|qc_llr_bank:llr_bank_inst|mem[0][56]                 ;
; qc_ldpc_decoder_top:decoder|qc_llr_bank:llr_bank_inst|mem[0][62]                ; Merged with qc_ldpc_decoder_top:decoder|qc_llr_bank:llr_bank_inst|mem[0][56]                 ;
; qc_ldpc_decoder_top:decoder|qc_llr_bank:llr_bank_inst|mem[1][57]                ; Merged with qc_ldpc_decoder_top:decoder|qc_llr_bank:llr_bank_inst|mem[1][56]                 ;
; qc_ldpc_decoder_top:decoder|qc_llr_bank:llr_bank_inst|mem[1][58]                ; Merged with qc_ldpc_decoder_top:decoder|qc_llr_bank:llr_bank_inst|mem[1][56]                 ;
; qc_ldpc_decoder_top:decoder|qc_llr_bank:llr_bank_inst|mem[1][59]                ; Merged with qc_ldpc_decoder_top:decoder|qc_llr_bank:llr_bank_inst|mem[1][56]                 ;
; qc_ldpc_decoder_top:decoder|qc_llr_bank:llr_bank_inst|mem[1][60]                ; Merged with qc_ldpc_decoder_top:decoder|qc_llr_bank:llr_bank_inst|mem[1][56]                 ;
; qc_ldpc_decoder_top:decoder|qc_llr_bank:llr_bank_inst|mem[1][62]                ; Merged with qc_ldpc_decoder_top:decoder|qc_llr_bank:llr_bank_inst|mem[1][56]                 ;
; qc_ldpc_decoder_top:decoder|qc_llr_bank:llr_bank_inst|mem[2][57]                ; Merged with qc_ldpc_decoder_top:decoder|qc_llr_bank:llr_bank_inst|mem[2][56]                 ;
; qc_ldpc_decoder_top:decoder|qc_llr_bank:llr_bank_inst|mem[2][58]                ; Merged with qc_ldpc_decoder_top:decoder|qc_llr_bank:llr_bank_inst|mem[2][56]                 ;
; qc_ldpc_decoder_top:decoder|qc_llr_bank:llr_bank_inst|mem[2][59]                ; Merged with qc_ldpc_decoder_top:decoder|qc_llr_bank:llr_bank_inst|mem[2][56]                 ;
; qc_ldpc_decoder_top:decoder|qc_llr_bank:llr_bank_inst|mem[2][60]                ; Merged with qc_ldpc_decoder_top:decoder|qc_llr_bank:llr_bank_inst|mem[2][56]                 ;
; qc_ldpc_decoder_top:decoder|qc_llr_bank:llr_bank_inst|mem[2][62]                ; Merged with qc_ldpc_decoder_top:decoder|qc_llr_bank:llr_bank_inst|mem[2][56]                 ;
; qc_ldpc_decoder_top:decoder|qc_llr_bank:llr_bank_inst|mem[3][57]                ; Merged with qc_ldpc_decoder_top:decoder|qc_llr_bank:llr_bank_inst|mem[3][56]                 ;
; qc_ldpc_decoder_top:decoder|qc_llr_bank:llr_bank_inst|mem[3][58]                ; Merged with qc_ldpc_decoder_top:decoder|qc_llr_bank:llr_bank_inst|mem[3][56]                 ;
; qc_ldpc_decoder_top:decoder|qc_llr_bank:llr_bank_inst|mem[3][59]                ; Merged with qc_ldpc_decoder_top:decoder|qc_llr_bank:llr_bank_inst|mem[3][56]                 ;
; qc_ldpc_decoder_top:decoder|qc_llr_bank:llr_bank_inst|mem[3][60]                ; Merged with qc_ldpc_decoder_top:decoder|qc_llr_bank:llr_bank_inst|mem[3][56]                 ;
; qc_ldpc_decoder_top:decoder|qc_llr_bank:llr_bank_inst|mem[3][62]                ; Merged with qc_ldpc_decoder_top:decoder|qc_llr_bank:llr_bank_inst|mem[3][56]                 ;
; qc_ldpc_decoder_top:decoder|qc_llr_bank:llr_bank_inst|mem[4][57]                ; Merged with qc_ldpc_decoder_top:decoder|qc_llr_bank:llr_bank_inst|mem[4][56]                 ;
; qc_ldpc_decoder_top:decoder|qc_llr_bank:llr_bank_inst|mem[4][58]                ; Merged with qc_ldpc_decoder_top:decoder|qc_llr_bank:llr_bank_inst|mem[4][56]                 ;
; qc_ldpc_decoder_top:decoder|qc_llr_bank:llr_bank_inst|mem[4][59]                ; Merged with qc_ldpc_decoder_top:decoder|qc_llr_bank:llr_bank_inst|mem[4][56]                 ;
; qc_ldpc_decoder_top:decoder|qc_llr_bank:llr_bank_inst|mem[4][60]                ; Merged with qc_ldpc_decoder_top:decoder|qc_llr_bank:llr_bank_inst|mem[4][56]                 ;
; qc_ldpc_decoder_top:decoder|qc_llr_bank:llr_bank_inst|mem[4][62]                ; Merged with qc_ldpc_decoder_top:decoder|qc_llr_bank:llr_bank_inst|mem[4][56]                 ;
; qc_ldpc_decoder_top:decoder|qc_llr_bank:llr_bank_inst|mem[5][57]                ; Merged with qc_ldpc_decoder_top:decoder|qc_llr_bank:llr_bank_inst|mem[5][56]                 ;
; qc_ldpc_decoder_top:decoder|qc_llr_bank:llr_bank_inst|mem[5][58]                ; Merged with qc_ldpc_decoder_top:decoder|qc_llr_bank:llr_bank_inst|mem[5][56]                 ;
; qc_ldpc_decoder_top:decoder|qc_llr_bank:llr_bank_inst|mem[5][59]                ; Merged with qc_ldpc_decoder_top:decoder|qc_llr_bank:llr_bank_inst|mem[5][56]                 ;
; qc_ldpc_decoder_top:decoder|qc_llr_bank:llr_bank_inst|mem[5][60]                ; Merged with qc_ldpc_decoder_top:decoder|qc_llr_bank:llr_bank_inst|mem[5][56]                 ;
; qc_ldpc_decoder_top:decoder|qc_llr_bank:llr_bank_inst|mem[5][62]                ; Merged with qc_ldpc_decoder_top:decoder|qc_llr_bank:llr_bank_inst|mem[5][56]                 ;
; qc_ldpc_decoder_top:decoder|qc_llr_bank:llr_bank_inst|mem[6][57]                ; Merged with qc_ldpc_decoder_top:decoder|qc_llr_bank:llr_bank_inst|mem[6][56]                 ;
; qc_ldpc_decoder_top:decoder|qc_llr_bank:llr_bank_inst|mem[6][58]                ; Merged with qc_ldpc_decoder_top:decoder|qc_llr_bank:llr_bank_inst|mem[6][56]                 ;
; qc_ldpc_decoder_top:decoder|qc_llr_bank:llr_bank_inst|mem[6][59]                ; Merged with qc_ldpc_decoder_top:decoder|qc_llr_bank:llr_bank_inst|mem[6][56]                 ;
; qc_ldpc_decoder_top:decoder|qc_llr_bank:llr_bank_inst|mem[6][60]                ; Merged with qc_ldpc_decoder_top:decoder|qc_llr_bank:llr_bank_inst|mem[6][56]                 ;
; qc_ldpc_decoder_top:decoder|qc_llr_bank:llr_bank_inst|mem[6][62]                ; Merged with qc_ldpc_decoder_top:decoder|qc_llr_bank:llr_bank_inst|mem[6][56]                 ;
; qc_ldpc_decoder_top:decoder|qc_llr_bank:llr_bank_inst|mem[7][57]                ; Merged with qc_ldpc_decoder_top:decoder|qc_llr_bank:llr_bank_inst|mem[7][56]                 ;
; qc_ldpc_decoder_top:decoder|qc_llr_bank:llr_bank_inst|mem[7][58]                ; Merged with qc_ldpc_decoder_top:decoder|qc_llr_bank:llr_bank_inst|mem[7][56]                 ;
; qc_ldpc_decoder_top:decoder|qc_llr_bank:llr_bank_inst|mem[7][59]                ; Merged with qc_ldpc_decoder_top:decoder|qc_llr_bank:llr_bank_inst|mem[7][56]                 ;
; qc_ldpc_decoder_top:decoder|qc_llr_bank:llr_bank_inst|mem[7][60]                ; Merged with qc_ldpc_decoder_top:decoder|qc_llr_bank:llr_bank_inst|mem[7][56]                 ;
; qc_ldpc_decoder_top:decoder|qc_llr_bank:llr_bank_inst|mem[7][62]                ; Merged with qc_ldpc_decoder_top:decoder|qc_llr_bank:llr_bank_inst|mem[7][56]                 ;
; qc_ldpc_decoder_top:decoder|qc_llr_bank:llr_bank_inst|mem[8][57]                ; Merged with qc_ldpc_decoder_top:decoder|qc_llr_bank:llr_bank_inst|mem[8][56]                 ;
; qc_ldpc_decoder_top:decoder|qc_llr_bank:llr_bank_inst|mem[8][58]                ; Merged with qc_ldpc_decoder_top:decoder|qc_llr_bank:llr_bank_inst|mem[8][56]                 ;
; qc_ldpc_decoder_top:decoder|qc_llr_bank:llr_bank_inst|mem[8][59]                ; Merged with qc_ldpc_decoder_top:decoder|qc_llr_bank:llr_bank_inst|mem[8][56]                 ;
; qc_ldpc_decoder_top:decoder|qc_llr_bank:llr_bank_inst|mem[8][60]                ; Merged with qc_ldpc_decoder_top:decoder|qc_llr_bank:llr_bank_inst|mem[8][56]                 ;
; qc_ldpc_decoder_top:decoder|qc_llr_bank:llr_bank_inst|mem[8][62]                ; Merged with qc_ldpc_decoder_top:decoder|qc_llr_bank:llr_bank_inst|mem[8][56]                 ;
; qc_ldpc_decoder_top:decoder|qc_llr_bank:llr_bank_inst|mem[9][57]                ; Merged with qc_ldpc_decoder_top:decoder|qc_llr_bank:llr_bank_inst|mem[9][56]                 ;
; qc_ldpc_decoder_top:decoder|qc_llr_bank:llr_bank_inst|mem[9][58]                ; Merged with qc_ldpc_decoder_top:decoder|qc_llr_bank:llr_bank_inst|mem[9][56]                 ;
; qc_ldpc_decoder_top:decoder|qc_llr_bank:llr_bank_inst|mem[9][59]                ; Merged with qc_ldpc_decoder_top:decoder|qc_llr_bank:llr_bank_inst|mem[9][56]                 ;
; qc_ldpc_decoder_top:decoder|qc_llr_bank:llr_bank_inst|mem[9][60]                ; Merged with qc_ldpc_decoder_top:decoder|qc_llr_bank:llr_bank_inst|mem[9][56]                 ;
; qc_ldpc_decoder_top:decoder|qc_llr_bank:llr_bank_inst|mem[9][62]                ; Merged with qc_ldpc_decoder_top:decoder|qc_llr_bank:llr_bank_inst|mem[9][56]                 ;
; qc_ldpc_decoder_top:decoder|qc_llr_bank:llr_bank_inst|mem[10][57]               ; Merged with qc_ldpc_decoder_top:decoder|qc_llr_bank:llr_bank_inst|mem[10][56]                ;
; qc_ldpc_decoder_top:decoder|qc_llr_bank:llr_bank_inst|mem[10][58]               ; Merged with qc_ldpc_decoder_top:decoder|qc_llr_bank:llr_bank_inst|mem[10][56]                ;
; qc_ldpc_decoder_top:decoder|qc_llr_bank:llr_bank_inst|mem[10][59]               ; Merged with qc_ldpc_decoder_top:decoder|qc_llr_bank:llr_bank_inst|mem[10][56]                ;
; qc_ldpc_decoder_top:decoder|qc_llr_bank:llr_bank_inst|mem[10][60]               ; Merged with qc_ldpc_decoder_top:decoder|qc_llr_bank:llr_bank_inst|mem[10][56]                ;
; qc_ldpc_decoder_top:decoder|qc_llr_bank:llr_bank_inst|mem[10][62]               ; Merged with qc_ldpc_decoder_top:decoder|qc_llr_bank:llr_bank_inst|mem[10][56]                ;
; qc_ldpc_decoder_top:decoder|qc_llr_bank:llr_bank_inst|mem[11][57]               ; Merged with qc_ldpc_decoder_top:decoder|qc_llr_bank:llr_bank_inst|mem[11][56]                ;
; qc_ldpc_decoder_top:decoder|qc_llr_bank:llr_bank_inst|mem[11][58]               ; Merged with qc_ldpc_decoder_top:decoder|qc_llr_bank:llr_bank_inst|mem[11][56]                ;
; qc_ldpc_decoder_top:decoder|qc_llr_bank:llr_bank_inst|mem[11][59]               ; Merged with qc_ldpc_decoder_top:decoder|qc_llr_bank:llr_bank_inst|mem[11][56]                ;
; qc_ldpc_decoder_top:decoder|qc_llr_bank:llr_bank_inst|mem[11][60]               ; Merged with qc_ldpc_decoder_top:decoder|qc_llr_bank:llr_bank_inst|mem[11][56]                ;
; qc_ldpc_decoder_top:decoder|qc_llr_bank:llr_bank_inst|mem[11][62]               ; Merged with qc_ldpc_decoder_top:decoder|qc_llr_bank:llr_bank_inst|mem[11][56]                ;
; qc_ldpc_decoder_top:decoder|qc_llr_bank:llr_bank_inst|mem[12][57]               ; Merged with qc_ldpc_decoder_top:decoder|qc_llr_bank:llr_bank_inst|mem[12][56]                ;
; qc_ldpc_decoder_top:decoder|qc_llr_bank:llr_bank_inst|mem[12][58]               ; Merged with qc_ldpc_decoder_top:decoder|qc_llr_bank:llr_bank_inst|mem[12][56]                ;
; qc_ldpc_decoder_top:decoder|qc_llr_bank:llr_bank_inst|mem[12][59]               ; Merged with qc_ldpc_decoder_top:decoder|qc_llr_bank:llr_bank_inst|mem[12][56]                ;
; qc_ldpc_decoder_top:decoder|qc_llr_bank:llr_bank_inst|mem[12][60]               ; Merged with qc_ldpc_decoder_top:decoder|qc_llr_bank:llr_bank_inst|mem[12][56]                ;
; qc_ldpc_decoder_top:decoder|qc_llr_bank:llr_bank_inst|mem[12][62]               ; Merged with qc_ldpc_decoder_top:decoder|qc_llr_bank:llr_bank_inst|mem[12][56]                ;
; qc_ldpc_decoder_top:decoder|qc_llr_bank:llr_bank_inst|mem[13][57]               ; Merged with qc_ldpc_decoder_top:decoder|qc_llr_bank:llr_bank_inst|mem[13][56]                ;
; qc_ldpc_decoder_top:decoder|qc_llr_bank:llr_bank_inst|mem[13][58]               ; Merged with qc_ldpc_decoder_top:decoder|qc_llr_bank:llr_bank_inst|mem[13][56]                ;
; qc_ldpc_decoder_top:decoder|qc_llr_bank:llr_bank_inst|mem[13][59]               ; Merged with qc_ldpc_decoder_top:decoder|qc_llr_bank:llr_bank_inst|mem[13][56]                ;
; qc_ldpc_decoder_top:decoder|qc_llr_bank:llr_bank_inst|mem[13][60]               ; Merged with qc_ldpc_decoder_top:decoder|qc_llr_bank:llr_bank_inst|mem[13][56]                ;
; qc_ldpc_decoder_top:decoder|qc_llr_bank:llr_bank_inst|mem[13][62]               ; Merged with qc_ldpc_decoder_top:decoder|qc_llr_bank:llr_bank_inst|mem[13][56]                ;
; qc_ldpc_decoder_top:decoder|qc_llr_bank:llr_bank_inst|mem[14][57]               ; Merged with qc_ldpc_decoder_top:decoder|qc_llr_bank:llr_bank_inst|mem[14][56]                ;
; qc_ldpc_decoder_top:decoder|qc_llr_bank:llr_bank_inst|mem[14][58]               ; Merged with qc_ldpc_decoder_top:decoder|qc_llr_bank:llr_bank_inst|mem[14][56]                ;
; qc_ldpc_decoder_top:decoder|qc_llr_bank:llr_bank_inst|mem[14][59]               ; Merged with qc_ldpc_decoder_top:decoder|qc_llr_bank:llr_bank_inst|mem[14][56]                ;
; qc_ldpc_decoder_top:decoder|qc_llr_bank:llr_bank_inst|mem[14][60]               ; Merged with qc_ldpc_decoder_top:decoder|qc_llr_bank:llr_bank_inst|mem[14][56]                ;
; qc_ldpc_decoder_top:decoder|qc_llr_bank:llr_bank_inst|mem[14][62]               ; Merged with qc_ldpc_decoder_top:decoder|qc_llr_bank:llr_bank_inst|mem[14][56]                ;
; qc_ldpc_decoder_top:decoder|qc_llr_bank:llr_bank_inst|mem[15][57]               ; Merged with qc_ldpc_decoder_top:decoder|qc_llr_bank:llr_bank_inst|mem[15][56]                ;
; qc_ldpc_decoder_top:decoder|qc_llr_bank:llr_bank_inst|mem[15][58]               ; Merged with qc_ldpc_decoder_top:decoder|qc_llr_bank:llr_bank_inst|mem[15][56]                ;
; qc_ldpc_decoder_top:decoder|qc_llr_bank:llr_bank_inst|mem[15][59]               ; Merged with qc_ldpc_decoder_top:decoder|qc_llr_bank:llr_bank_inst|mem[15][56]                ;
; qc_ldpc_decoder_top:decoder|qc_llr_bank:llr_bank_inst|mem[15][60]               ; Merged with qc_ldpc_decoder_top:decoder|qc_llr_bank:llr_bank_inst|mem[15][56]                ;
; qc_ldpc_decoder_top:decoder|qc_llr_bank:llr_bank_inst|mem[15][62]               ; Merged with qc_ldpc_decoder_top:decoder|qc_llr_bank:llr_bank_inst|mem[15][56]                ;
; qc_ldpc_decoder_top:decoder|qc_llr_bank:llr_bank_inst|mem[16][57]               ; Merged with qc_ldpc_decoder_top:decoder|qc_llr_bank:llr_bank_inst|mem[16][56]                ;
; qc_ldpc_decoder_top:decoder|qc_llr_bank:llr_bank_inst|mem[16][58]               ; Merged with qc_ldpc_decoder_top:decoder|qc_llr_bank:llr_bank_inst|mem[16][56]                ;
; qc_ldpc_decoder_top:decoder|qc_llr_bank:llr_bank_inst|mem[16][59]               ; Merged with qc_ldpc_decoder_top:decoder|qc_llr_bank:llr_bank_inst|mem[16][56]                ;
; qc_ldpc_decoder_top:decoder|qc_llr_bank:llr_bank_inst|mem[16][60]               ; Merged with qc_ldpc_decoder_top:decoder|qc_llr_bank:llr_bank_inst|mem[16][56]                ;
; qc_ldpc_decoder_top:decoder|qc_llr_bank:llr_bank_inst|mem[16][62]               ; Merged with qc_ldpc_decoder_top:decoder|qc_llr_bank:llr_bank_inst|mem[16][56]                ;
; qc_ldpc_decoder_top:decoder|qc_llr_bank:llr_bank_inst|mem[17][57]               ; Merged with qc_ldpc_decoder_top:decoder|qc_llr_bank:llr_bank_inst|mem[17][56]                ;
; qc_ldpc_decoder_top:decoder|qc_llr_bank:llr_bank_inst|mem[17][58]               ; Merged with qc_ldpc_decoder_top:decoder|qc_llr_bank:llr_bank_inst|mem[17][56]                ;
; qc_ldpc_decoder_top:decoder|qc_llr_bank:llr_bank_inst|mem[17][59]               ; Merged with qc_ldpc_decoder_top:decoder|qc_llr_bank:llr_bank_inst|mem[17][56]                ;
; qc_ldpc_decoder_top:decoder|qc_llr_bank:llr_bank_inst|mem[17][60]               ; Merged with qc_ldpc_decoder_top:decoder|qc_llr_bank:llr_bank_inst|mem[17][56]                ;
; qc_ldpc_decoder_top:decoder|qc_llr_bank:llr_bank_inst|mem[17][62]               ; Merged with qc_ldpc_decoder_top:decoder|qc_llr_bank:llr_bank_inst|mem[17][56]                ;
; qc_ldpc_decoder_top:decoder|qc_llr_bank:llr_bank_inst|mem[18][57]               ; Merged with qc_ldpc_decoder_top:decoder|qc_llr_bank:llr_bank_inst|mem[18][56]                ;
; qc_ldpc_decoder_top:decoder|qc_llr_bank:llr_bank_inst|mem[18][58]               ; Merged with qc_ldpc_decoder_top:decoder|qc_llr_bank:llr_bank_inst|mem[18][56]                ;
; qc_ldpc_decoder_top:decoder|qc_llr_bank:llr_bank_inst|mem[18][59]               ; Merged with qc_ldpc_decoder_top:decoder|qc_llr_bank:llr_bank_inst|mem[18][56]                ;
; qc_ldpc_decoder_top:decoder|qc_llr_bank:llr_bank_inst|mem[18][60]               ; Merged with qc_ldpc_decoder_top:decoder|qc_llr_bank:llr_bank_inst|mem[18][56]                ;
; qc_ldpc_decoder_top:decoder|qc_llr_bank:llr_bank_inst|mem[18][62]               ; Merged with qc_ldpc_decoder_top:decoder|qc_llr_bank:llr_bank_inst|mem[18][56]                ;
; qc_ldpc_decoder_top:decoder|qc_llr_bank:llr_bank_inst|mem[19][57]               ; Merged with qc_ldpc_decoder_top:decoder|qc_llr_bank:llr_bank_inst|mem[19][56]                ;
; qc_ldpc_decoder_top:decoder|qc_llr_bank:llr_bank_inst|mem[19][58]               ; Merged with qc_ldpc_decoder_top:decoder|qc_llr_bank:llr_bank_inst|mem[19][56]                ;
; qc_ldpc_decoder_top:decoder|qc_llr_bank:llr_bank_inst|mem[19][59]               ; Merged with qc_ldpc_decoder_top:decoder|qc_llr_bank:llr_bank_inst|mem[19][56]                ;
; qc_ldpc_decoder_top:decoder|qc_llr_bank:llr_bank_inst|mem[19][60]               ; Merged with qc_ldpc_decoder_top:decoder|qc_llr_bank:llr_bank_inst|mem[19][56]                ;
; qc_ldpc_decoder_top:decoder|qc_llr_bank:llr_bank_inst|mem[19][62]               ; Merged with qc_ldpc_decoder_top:decoder|qc_llr_bank:llr_bank_inst|mem[19][56]                ;
; qc_ldpc_decoder_top:decoder|qc_llr_bank:llr_bank_inst|mem[20][57]               ; Merged with qc_ldpc_decoder_top:decoder|qc_llr_bank:llr_bank_inst|mem[20][56]                ;
; qc_ldpc_decoder_top:decoder|qc_llr_bank:llr_bank_inst|mem[20][58]               ; Merged with qc_ldpc_decoder_top:decoder|qc_llr_bank:llr_bank_inst|mem[20][56]                ;
; qc_ldpc_decoder_top:decoder|qc_llr_bank:llr_bank_inst|mem[20][59]               ; Merged with qc_ldpc_decoder_top:decoder|qc_llr_bank:llr_bank_inst|mem[20][56]                ;
; qc_ldpc_decoder_top:decoder|qc_llr_bank:llr_bank_inst|mem[20][60]               ; Merged with qc_ldpc_decoder_top:decoder|qc_llr_bank:llr_bank_inst|mem[20][56]                ;
; qc_ldpc_decoder_top:decoder|qc_llr_bank:llr_bank_inst|mem[20][62]               ; Merged with qc_ldpc_decoder_top:decoder|qc_llr_bank:llr_bank_inst|mem[20][56]                ;
; qc_ldpc_decoder_top:decoder|qc_llr_bank:llr_bank_inst|mem[21][57]               ; Merged with qc_ldpc_decoder_top:decoder|qc_llr_bank:llr_bank_inst|mem[21][56]                ;
; qc_ldpc_decoder_top:decoder|qc_llr_bank:llr_bank_inst|mem[21][58]               ; Merged with qc_ldpc_decoder_top:decoder|qc_llr_bank:llr_bank_inst|mem[21][56]                ;
; qc_ldpc_decoder_top:decoder|qc_llr_bank:llr_bank_inst|mem[21][59]               ; Merged with qc_ldpc_decoder_top:decoder|qc_llr_bank:llr_bank_inst|mem[21][56]                ;
; qc_ldpc_decoder_top:decoder|qc_llr_bank:llr_bank_inst|mem[21][60]               ; Merged with qc_ldpc_decoder_top:decoder|qc_llr_bank:llr_bank_inst|mem[21][56]                ;
; qc_ldpc_decoder_top:decoder|qc_llr_bank:llr_bank_inst|mem[21][62]               ; Merged with qc_ldpc_decoder_top:decoder|qc_llr_bank:llr_bank_inst|mem[21][56]                ;
; qc_ldpc_decoder_top:decoder|qc_llr_bank:llr_bank_inst|mem[22][57]               ; Merged with qc_ldpc_decoder_top:decoder|qc_llr_bank:llr_bank_inst|mem[22][56]                ;
; qc_ldpc_decoder_top:decoder|qc_llr_bank:llr_bank_inst|mem[22][58]               ; Merged with qc_ldpc_decoder_top:decoder|qc_llr_bank:llr_bank_inst|mem[22][56]                ;
; qc_ldpc_decoder_top:decoder|qc_llr_bank:llr_bank_inst|mem[22][59]               ; Merged with qc_ldpc_decoder_top:decoder|qc_llr_bank:llr_bank_inst|mem[22][56]                ;
; qc_ldpc_decoder_top:decoder|qc_llr_bank:llr_bank_inst|mem[22][60]               ; Merged with qc_ldpc_decoder_top:decoder|qc_llr_bank:llr_bank_inst|mem[22][56]                ;
; qc_ldpc_decoder_top:decoder|qc_llr_bank:llr_bank_inst|mem[22][62]               ; Merged with qc_ldpc_decoder_top:decoder|qc_llr_bank:llr_bank_inst|mem[22][56]                ;
; qc_ldpc_decoder_top:decoder|qc_llr_bank:llr_bank_inst|mem[23][57]               ; Merged with qc_ldpc_decoder_top:decoder|qc_llr_bank:llr_bank_inst|mem[23][56]                ;
; qc_ldpc_decoder_top:decoder|qc_llr_bank:llr_bank_inst|mem[23][58]               ; Merged with qc_ldpc_decoder_top:decoder|qc_llr_bank:llr_bank_inst|mem[23][56]                ;
; qc_ldpc_decoder_top:decoder|qc_llr_bank:llr_bank_inst|mem[23][59]               ; Merged with qc_ldpc_decoder_top:decoder|qc_llr_bank:llr_bank_inst|mem[23][56]                ;
; qc_ldpc_decoder_top:decoder|qc_llr_bank:llr_bank_inst|mem[23][60]               ; Merged with qc_ldpc_decoder_top:decoder|qc_llr_bank:llr_bank_inst|mem[23][56]                ;
; qc_ldpc_decoder_top:decoder|qc_llr_bank:llr_bank_inst|mem[23][62]               ; Merged with qc_ldpc_decoder_top:decoder|qc_llr_bank:llr_bank_inst|mem[23][56]                ;
; qc_ldpc_decoder_top:decoder|qc_llr_bank:llr_bank_inst|mem[24][57]               ; Merged with qc_ldpc_decoder_top:decoder|qc_llr_bank:llr_bank_inst|mem[24][56]                ;
; qc_ldpc_decoder_top:decoder|qc_llr_bank:llr_bank_inst|mem[24][58]               ; Merged with qc_ldpc_decoder_top:decoder|qc_llr_bank:llr_bank_inst|mem[24][56]                ;
; qc_ldpc_decoder_top:decoder|qc_llr_bank:llr_bank_inst|mem[24][59]               ; Merged with qc_ldpc_decoder_top:decoder|qc_llr_bank:llr_bank_inst|mem[24][56]                ;
; qc_ldpc_decoder_top:decoder|qc_llr_bank:llr_bank_inst|mem[24][60]               ; Merged with qc_ldpc_decoder_top:decoder|qc_llr_bank:llr_bank_inst|mem[24][56]                ;
; qc_ldpc_decoder_top:decoder|qc_llr_bank:llr_bank_inst|mem[24][62]               ; Merged with qc_ldpc_decoder_top:decoder|qc_llr_bank:llr_bank_inst|mem[24][56]                ;
; qc_ldpc_decoder_top:decoder|qc_llr_bank:llr_bank_inst|mem[25][57]               ; Merged with qc_ldpc_decoder_top:decoder|qc_llr_bank:llr_bank_inst|mem[25][56]                ;
; qc_ldpc_decoder_top:decoder|qc_llr_bank:llr_bank_inst|mem[25][58]               ; Merged with qc_ldpc_decoder_top:decoder|qc_llr_bank:llr_bank_inst|mem[25][56]                ;
; qc_ldpc_decoder_top:decoder|qc_llr_bank:llr_bank_inst|mem[25][59]               ; Merged with qc_ldpc_decoder_top:decoder|qc_llr_bank:llr_bank_inst|mem[25][56]                ;
; qc_ldpc_decoder_top:decoder|qc_llr_bank:llr_bank_inst|mem[25][60]               ; Merged with qc_ldpc_decoder_top:decoder|qc_llr_bank:llr_bank_inst|mem[25][56]                ;
; qc_ldpc_decoder_top:decoder|qc_llr_bank:llr_bank_inst|mem[25][62]               ; Merged with qc_ldpc_decoder_top:decoder|qc_llr_bank:llr_bank_inst|mem[25][56]                ;
; qc_ldpc_decoder_top:decoder|qc_llr_bank:llr_bank_inst|mem[26][57]               ; Merged with qc_ldpc_decoder_top:decoder|qc_llr_bank:llr_bank_inst|mem[26][56]                ;
; qc_ldpc_decoder_top:decoder|qc_llr_bank:llr_bank_inst|mem[26][58]               ; Merged with qc_ldpc_decoder_top:decoder|qc_llr_bank:llr_bank_inst|mem[26][56]                ;
; qc_ldpc_decoder_top:decoder|qc_llr_bank:llr_bank_inst|mem[26][59]               ; Merged with qc_ldpc_decoder_top:decoder|qc_llr_bank:llr_bank_inst|mem[26][56]                ;
; qc_ldpc_decoder_top:decoder|qc_llr_bank:llr_bank_inst|mem[26][60]               ; Merged with qc_ldpc_decoder_top:decoder|qc_llr_bank:llr_bank_inst|mem[26][56]                ;
; qc_ldpc_decoder_top:decoder|qc_llr_bank:llr_bank_inst|mem[26][62]               ; Merged with qc_ldpc_decoder_top:decoder|qc_llr_bank:llr_bank_inst|mem[26][56]                ;
; qc_ldpc_decoder_top:decoder|qc_llr_bank:llr_bank_inst|mem[27][57]               ; Merged with qc_ldpc_decoder_top:decoder|qc_llr_bank:llr_bank_inst|mem[27][56]                ;
; qc_ldpc_decoder_top:decoder|qc_llr_bank:llr_bank_inst|mem[27][58]               ; Merged with qc_ldpc_decoder_top:decoder|qc_llr_bank:llr_bank_inst|mem[27][56]                ;
; qc_ldpc_decoder_top:decoder|qc_llr_bank:llr_bank_inst|mem[27][59]               ; Merged with qc_ldpc_decoder_top:decoder|qc_llr_bank:llr_bank_inst|mem[27][56]                ;
; qc_ldpc_decoder_top:decoder|qc_llr_bank:llr_bank_inst|mem[27][60]               ; Merged with qc_ldpc_decoder_top:decoder|qc_llr_bank:llr_bank_inst|mem[27][56]                ;
; qc_ldpc_decoder_top:decoder|qc_llr_bank:llr_bank_inst|mem[27][62]               ; Merged with qc_ldpc_decoder_top:decoder|qc_llr_bank:llr_bank_inst|mem[27][56]                ;
; qc_ldpc_decoder_top:decoder|qc_llr_bank:llr_bank_inst|mem[28][57]               ; Merged with qc_ldpc_decoder_top:decoder|qc_llr_bank:llr_bank_inst|mem[28][56]                ;
; qc_ldpc_decoder_top:decoder|qc_llr_bank:llr_bank_inst|mem[28][58]               ; Merged with qc_ldpc_decoder_top:decoder|qc_llr_bank:llr_bank_inst|mem[28][56]                ;
; qc_ldpc_decoder_top:decoder|qc_llr_bank:llr_bank_inst|mem[28][59]               ; Merged with qc_ldpc_decoder_top:decoder|qc_llr_bank:llr_bank_inst|mem[28][56]                ;
; qc_ldpc_decoder_top:decoder|qc_llr_bank:llr_bank_inst|mem[28][60]               ; Merged with qc_ldpc_decoder_top:decoder|qc_llr_bank:llr_bank_inst|mem[28][56]                ;
; qc_ldpc_decoder_top:decoder|qc_llr_bank:llr_bank_inst|mem[28][62]               ; Merged with qc_ldpc_decoder_top:decoder|qc_llr_bank:llr_bank_inst|mem[28][56]                ;
; qc_ldpc_decoder_top:decoder|qc_llr_bank:llr_bank_inst|mem[29][57]               ; Merged with qc_ldpc_decoder_top:decoder|qc_llr_bank:llr_bank_inst|mem[29][56]                ;
; qc_ldpc_decoder_top:decoder|qc_llr_bank:llr_bank_inst|mem[29][58]               ; Merged with qc_ldpc_decoder_top:decoder|qc_llr_bank:llr_bank_inst|mem[29][56]                ;
; qc_ldpc_decoder_top:decoder|qc_llr_bank:llr_bank_inst|mem[29][59]               ; Merged with qc_ldpc_decoder_top:decoder|qc_llr_bank:llr_bank_inst|mem[29][56]                ;
; qc_ldpc_decoder_top:decoder|qc_llr_bank:llr_bank_inst|mem[29][60]               ; Merged with qc_ldpc_decoder_top:decoder|qc_llr_bank:llr_bank_inst|mem[29][56]                ;
; qc_ldpc_decoder_top:decoder|qc_llr_bank:llr_bank_inst|mem[29][62]               ; Merged with qc_ldpc_decoder_top:decoder|qc_llr_bank:llr_bank_inst|mem[29][56]                ;
; qc_ldpc_decoder_top:decoder|qc_llr_bank:llr_bank_inst|mem[30][57]               ; Merged with qc_ldpc_decoder_top:decoder|qc_llr_bank:llr_bank_inst|mem[30][56]                ;
; qc_ldpc_decoder_top:decoder|qc_llr_bank:llr_bank_inst|mem[30][58]               ; Merged with qc_ldpc_decoder_top:decoder|qc_llr_bank:llr_bank_inst|mem[30][56]                ;
; qc_ldpc_decoder_top:decoder|qc_llr_bank:llr_bank_inst|mem[30][59]               ; Merged with qc_ldpc_decoder_top:decoder|qc_llr_bank:llr_bank_inst|mem[30][56]                ;
; qc_ldpc_decoder_top:decoder|qc_llr_bank:llr_bank_inst|mem[30][60]               ; Merged with qc_ldpc_decoder_top:decoder|qc_llr_bank:llr_bank_inst|mem[30][56]                ;
; qc_ldpc_decoder_top:decoder|qc_llr_bank:llr_bank_inst|mem[30][62]               ; Merged with qc_ldpc_decoder_top:decoder|qc_llr_bank:llr_bank_inst|mem[30][56]                ;
; qc_ldpc_decoder_top:decoder|qc_llr_bank:llr_bank_inst|mem[31][57]               ; Merged with qc_ldpc_decoder_top:decoder|qc_llr_bank:llr_bank_inst|mem[31][56]                ;
; qc_ldpc_decoder_top:decoder|qc_llr_bank:llr_bank_inst|mem[31][58]               ; Merged with qc_ldpc_decoder_top:decoder|qc_llr_bank:llr_bank_inst|mem[31][56]                ;
; qc_ldpc_decoder_top:decoder|qc_llr_bank:llr_bank_inst|mem[31][59]               ; Merged with qc_ldpc_decoder_top:decoder|qc_llr_bank:llr_bank_inst|mem[31][56]                ;
; qc_ldpc_decoder_top:decoder|qc_llr_bank:llr_bank_inst|mem[31][60]               ; Merged with qc_ldpc_decoder_top:decoder|qc_llr_bank:llr_bank_inst|mem[31][56]                ;
; qc_ldpc_decoder_top:decoder|qc_llr_bank:llr_bank_inst|mem[31][62]               ; Merged with qc_ldpc_decoder_top:decoder|qc_llr_bank:llr_bank_inst|mem[31][56]                ;
; qc_ldpc_decoder_top:decoder|qc_llr_bank:llr_bank_inst|mem[32][57]               ; Merged with qc_ldpc_decoder_top:decoder|qc_llr_bank:llr_bank_inst|mem[32][56]                ;
; qc_ldpc_decoder_top:decoder|qc_llr_bank:llr_bank_inst|mem[32][58]               ; Merged with qc_ldpc_decoder_top:decoder|qc_llr_bank:llr_bank_inst|mem[32][56]                ;
; qc_ldpc_decoder_top:decoder|qc_llr_bank:llr_bank_inst|mem[32][59]               ; Merged with qc_ldpc_decoder_top:decoder|qc_llr_bank:llr_bank_inst|mem[32][56]                ;
; qc_ldpc_decoder_top:decoder|qc_llr_bank:llr_bank_inst|mem[32][60]               ; Merged with qc_ldpc_decoder_top:decoder|qc_llr_bank:llr_bank_inst|mem[32][56]                ;
; qc_ldpc_decoder_top:decoder|qc_llr_bank:llr_bank_inst|mem[32][62]               ; Merged with qc_ldpc_decoder_top:decoder|qc_llr_bank:llr_bank_inst|mem[32][56]                ;
; qc_ldpc_decoder_top:decoder|qc_llr_bank:llr_bank_inst|mem[33][57]               ; Merged with qc_ldpc_decoder_top:decoder|qc_llr_bank:llr_bank_inst|mem[33][56]                ;
; qc_ldpc_decoder_top:decoder|qc_llr_bank:llr_bank_inst|mem[33][58]               ; Merged with qc_ldpc_decoder_top:decoder|qc_llr_bank:llr_bank_inst|mem[33][56]                ;
; qc_ldpc_decoder_top:decoder|qc_llr_bank:llr_bank_inst|mem[33][59]               ; Merged with qc_ldpc_decoder_top:decoder|qc_llr_bank:llr_bank_inst|mem[33][56]                ;
; qc_ldpc_decoder_top:decoder|qc_llr_bank:llr_bank_inst|mem[33][60]               ; Merged with qc_ldpc_decoder_top:decoder|qc_llr_bank:llr_bank_inst|mem[33][56]                ;
; qc_ldpc_decoder_top:decoder|qc_llr_bank:llr_bank_inst|mem[33][62]               ; Merged with qc_ldpc_decoder_top:decoder|qc_llr_bank:llr_bank_inst|mem[33][56]                ;
; qc_ldpc_decoder_top:decoder|qc_llr_bank:llr_bank_inst|mem[34][57]               ; Merged with qc_ldpc_decoder_top:decoder|qc_llr_bank:llr_bank_inst|mem[34][56]                ;
; qc_ldpc_decoder_top:decoder|qc_llr_bank:llr_bank_inst|mem[34][58]               ; Merged with qc_ldpc_decoder_top:decoder|qc_llr_bank:llr_bank_inst|mem[34][56]                ;
; qc_ldpc_decoder_top:decoder|qc_llr_bank:llr_bank_inst|mem[34][59]               ; Merged with qc_ldpc_decoder_top:decoder|qc_llr_bank:llr_bank_inst|mem[34][56]                ;
; qc_ldpc_decoder_top:decoder|qc_llr_bank:llr_bank_inst|mem[34][60]               ; Merged with qc_ldpc_decoder_top:decoder|qc_llr_bank:llr_bank_inst|mem[34][56]                ;
; qc_ldpc_decoder_top:decoder|qc_llr_bank:llr_bank_inst|mem[34][62]               ; Merged with qc_ldpc_decoder_top:decoder|qc_llr_bank:llr_bank_inst|mem[34][56]                ;
; qc_ldpc_decoder_top:decoder|qc_llr_bank:llr_bank_inst|mem[35][57]               ; Merged with qc_ldpc_decoder_top:decoder|qc_llr_bank:llr_bank_inst|mem[35][56]                ;
; qc_ldpc_decoder_top:decoder|qc_llr_bank:llr_bank_inst|mem[35][58]               ; Merged with qc_ldpc_decoder_top:decoder|qc_llr_bank:llr_bank_inst|mem[35][56]                ;
; qc_ldpc_decoder_top:decoder|qc_llr_bank:llr_bank_inst|mem[35][59]               ; Merged with qc_ldpc_decoder_top:decoder|qc_llr_bank:llr_bank_inst|mem[35][56]                ;
; qc_ldpc_decoder_top:decoder|qc_llr_bank:llr_bank_inst|mem[35][60]               ; Merged with qc_ldpc_decoder_top:decoder|qc_llr_bank:llr_bank_inst|mem[35][56]                ;
; qc_ldpc_decoder_top:decoder|qc_llr_bank:llr_bank_inst|mem[35][62]               ; Merged with qc_ldpc_decoder_top:decoder|qc_llr_bank:llr_bank_inst|mem[35][56]                ;
; qc_ldpc_decoder_top:decoder|qc_llr_bank:llr_bank_inst|mem[36][57]               ; Merged with qc_ldpc_decoder_top:decoder|qc_llr_bank:llr_bank_inst|mem[36][56]                ;
; qc_ldpc_decoder_top:decoder|qc_llr_bank:llr_bank_inst|mem[36][58]               ; Merged with qc_ldpc_decoder_top:decoder|qc_llr_bank:llr_bank_inst|mem[36][56]                ;
; qc_ldpc_decoder_top:decoder|qc_llr_bank:llr_bank_inst|mem[36][59]               ; Merged with qc_ldpc_decoder_top:decoder|qc_llr_bank:llr_bank_inst|mem[36][56]                ;
; qc_ldpc_decoder_top:decoder|qc_llr_bank:llr_bank_inst|mem[36][60]               ; Merged with qc_ldpc_decoder_top:decoder|qc_llr_bank:llr_bank_inst|mem[36][56]                ;
; qc_ldpc_decoder_top:decoder|qc_llr_bank:llr_bank_inst|mem[36][62]               ; Merged with qc_ldpc_decoder_top:decoder|qc_llr_bank:llr_bank_inst|mem[36][56]                ;
; qc_ldpc_decoder_top:decoder|qc_llr_bank:llr_bank_inst|mem[37][57]               ; Merged with qc_ldpc_decoder_top:decoder|qc_llr_bank:llr_bank_inst|mem[37][56]                ;
; qc_ldpc_decoder_top:decoder|qc_llr_bank:llr_bank_inst|mem[37][58]               ; Merged with qc_ldpc_decoder_top:decoder|qc_llr_bank:llr_bank_inst|mem[37][56]                ;
; qc_ldpc_decoder_top:decoder|qc_llr_bank:llr_bank_inst|mem[37][59]               ; Merged with qc_ldpc_decoder_top:decoder|qc_llr_bank:llr_bank_inst|mem[37][56]                ;
; qc_ldpc_decoder_top:decoder|qc_llr_bank:llr_bank_inst|mem[37][60]               ; Merged with qc_ldpc_decoder_top:decoder|qc_llr_bank:llr_bank_inst|mem[37][56]                ;
; qc_ldpc_decoder_top:decoder|qc_llr_bank:llr_bank_inst|mem[37][62]               ; Merged with qc_ldpc_decoder_top:decoder|qc_llr_bank:llr_bank_inst|mem[37][56]                ;
; qc_ldpc_decoder_top:decoder|qc_llr_bank:llr_bank_inst|mem[38][57]               ; Merged with qc_ldpc_decoder_top:decoder|qc_llr_bank:llr_bank_inst|mem[38][56]                ;
; qc_ldpc_decoder_top:decoder|qc_llr_bank:llr_bank_inst|mem[38][58]               ; Merged with qc_ldpc_decoder_top:decoder|qc_llr_bank:llr_bank_inst|mem[38][56]                ;
; qc_ldpc_decoder_top:decoder|qc_llr_bank:llr_bank_inst|mem[38][59]               ; Merged with qc_ldpc_decoder_top:decoder|qc_llr_bank:llr_bank_inst|mem[38][56]                ;
; qc_ldpc_decoder_top:decoder|qc_llr_bank:llr_bank_inst|mem[38][60]               ; Merged with qc_ldpc_decoder_top:decoder|qc_llr_bank:llr_bank_inst|mem[38][56]                ;
; qc_ldpc_decoder_top:decoder|qc_llr_bank:llr_bank_inst|mem[38][62]               ; Merged with qc_ldpc_decoder_top:decoder|qc_llr_bank:llr_bank_inst|mem[38][56]                ;
; qc_ldpc_decoder_top:decoder|qc_llr_bank:llr_bank_inst|mem[39][57]               ; Merged with qc_ldpc_decoder_top:decoder|qc_llr_bank:llr_bank_inst|mem[39][56]                ;
; qc_ldpc_decoder_top:decoder|qc_llr_bank:llr_bank_inst|mem[39][58]               ; Merged with qc_ldpc_decoder_top:decoder|qc_llr_bank:llr_bank_inst|mem[39][56]                ;
; qc_ldpc_decoder_top:decoder|qc_llr_bank:llr_bank_inst|mem[39][59]               ; Merged with qc_ldpc_decoder_top:decoder|qc_llr_bank:llr_bank_inst|mem[39][56]                ;
; qc_ldpc_decoder_top:decoder|qc_llr_bank:llr_bank_inst|mem[39][60]               ; Merged with qc_ldpc_decoder_top:decoder|qc_llr_bank:llr_bank_inst|mem[39][56]                ;
; qc_ldpc_decoder_top:decoder|qc_llr_bank:llr_bank_inst|mem[39][62]               ; Merged with qc_ldpc_decoder_top:decoder|qc_llr_bank:llr_bank_inst|mem[39][56]                ;
; qc_ldpc_decoder_top:decoder|qc_llr_bank:llr_bank_inst|mem[40][57]               ; Merged with qc_ldpc_decoder_top:decoder|qc_llr_bank:llr_bank_inst|mem[40][56]                ;
; qc_ldpc_decoder_top:decoder|qc_llr_bank:llr_bank_inst|mem[40][58]               ; Merged with qc_ldpc_decoder_top:decoder|qc_llr_bank:llr_bank_inst|mem[40][56]                ;
; qc_ldpc_decoder_top:decoder|qc_llr_bank:llr_bank_inst|mem[40][59]               ; Merged with qc_ldpc_decoder_top:decoder|qc_llr_bank:llr_bank_inst|mem[40][56]                ;
; qc_ldpc_decoder_top:decoder|qc_llr_bank:llr_bank_inst|mem[40][60]               ; Merged with qc_ldpc_decoder_top:decoder|qc_llr_bank:llr_bank_inst|mem[40][56]                ;
; qc_ldpc_decoder_top:decoder|qc_llr_bank:llr_bank_inst|mem[40][62]               ; Merged with qc_ldpc_decoder_top:decoder|qc_llr_bank:llr_bank_inst|mem[40][56]                ;
; qc_ldpc_decoder_top:decoder|qc_llr_bank:llr_bank_inst|mem[41][57]               ; Merged with qc_ldpc_decoder_top:decoder|qc_llr_bank:llr_bank_inst|mem[41][56]                ;
; qc_ldpc_decoder_top:decoder|qc_llr_bank:llr_bank_inst|mem[41][58]               ; Merged with qc_ldpc_decoder_top:decoder|qc_llr_bank:llr_bank_inst|mem[41][56]                ;
; qc_ldpc_decoder_top:decoder|qc_llr_bank:llr_bank_inst|mem[41][59]               ; Merged with qc_ldpc_decoder_top:decoder|qc_llr_bank:llr_bank_inst|mem[41][56]                ;
; qc_ldpc_decoder_top:decoder|qc_llr_bank:llr_bank_inst|mem[41][60]               ; Merged with qc_ldpc_decoder_top:decoder|qc_llr_bank:llr_bank_inst|mem[41][56]                ;
; qc_ldpc_decoder_top:decoder|qc_llr_bank:llr_bank_inst|mem[41][62]               ; Merged with qc_ldpc_decoder_top:decoder|qc_llr_bank:llr_bank_inst|mem[41][56]                ;
; qc_ldpc_decoder_top:decoder|qc_llr_bank:llr_bank_inst|mem[42][57]               ; Merged with qc_ldpc_decoder_top:decoder|qc_llr_bank:llr_bank_inst|mem[42][56]                ;
; qc_ldpc_decoder_top:decoder|qc_llr_bank:llr_bank_inst|mem[42][58]               ; Merged with qc_ldpc_decoder_top:decoder|qc_llr_bank:llr_bank_inst|mem[42][56]                ;
; qc_ldpc_decoder_top:decoder|qc_llr_bank:llr_bank_inst|mem[42][59]               ; Merged with qc_ldpc_decoder_top:decoder|qc_llr_bank:llr_bank_inst|mem[42][56]                ;
; qc_ldpc_decoder_top:decoder|qc_llr_bank:llr_bank_inst|mem[42][60]               ; Merged with qc_ldpc_decoder_top:decoder|qc_llr_bank:llr_bank_inst|mem[42][56]                ;
; qc_ldpc_decoder_top:decoder|qc_llr_bank:llr_bank_inst|mem[42][62]               ; Merged with qc_ldpc_decoder_top:decoder|qc_llr_bank:llr_bank_inst|mem[42][56]                ;
; qc_ldpc_decoder_top:decoder|qc_llr_bank:llr_bank_inst|mem[43][57]               ; Merged with qc_ldpc_decoder_top:decoder|qc_llr_bank:llr_bank_inst|mem[43][56]                ;
; qc_ldpc_decoder_top:decoder|qc_llr_bank:llr_bank_inst|mem[43][58]               ; Merged with qc_ldpc_decoder_top:decoder|qc_llr_bank:llr_bank_inst|mem[43][56]                ;
; qc_ldpc_decoder_top:decoder|qc_llr_bank:llr_bank_inst|mem[43][59]               ; Merged with qc_ldpc_decoder_top:decoder|qc_llr_bank:llr_bank_inst|mem[43][56]                ;
; qc_ldpc_decoder_top:decoder|qc_llr_bank:llr_bank_inst|mem[43][60]               ; Merged with qc_ldpc_decoder_top:decoder|qc_llr_bank:llr_bank_inst|mem[43][56]                ;
; qc_ldpc_decoder_top:decoder|qc_llr_bank:llr_bank_inst|mem[43][62]               ; Merged with qc_ldpc_decoder_top:decoder|qc_llr_bank:llr_bank_inst|mem[43][56]                ;
; qc_ldpc_decoder_top:decoder|qc_llr_bank:llr_bank_inst|mem[44][57]               ; Merged with qc_ldpc_decoder_top:decoder|qc_llr_bank:llr_bank_inst|mem[44][56]                ;
; qc_ldpc_decoder_top:decoder|qc_llr_bank:llr_bank_inst|mem[44][58]               ; Merged with qc_ldpc_decoder_top:decoder|qc_llr_bank:llr_bank_inst|mem[44][56]                ;
; qc_ldpc_decoder_top:decoder|qc_llr_bank:llr_bank_inst|mem[44][59]               ; Merged with qc_ldpc_decoder_top:decoder|qc_llr_bank:llr_bank_inst|mem[44][56]                ;
; qc_ldpc_decoder_top:decoder|qc_llr_bank:llr_bank_inst|mem[44][60]               ; Merged with qc_ldpc_decoder_top:decoder|qc_llr_bank:llr_bank_inst|mem[44][56]                ;
; qc_ldpc_decoder_top:decoder|qc_llr_bank:llr_bank_inst|mem[44][62]               ; Merged with qc_ldpc_decoder_top:decoder|qc_llr_bank:llr_bank_inst|mem[44][56]                ;
; qc_ldpc_decoder_top:decoder|qc_llr_bank:llr_bank_inst|mem[45][57]               ; Merged with qc_ldpc_decoder_top:decoder|qc_llr_bank:llr_bank_inst|mem[45][56]                ;
; qc_ldpc_decoder_top:decoder|qc_llr_bank:llr_bank_inst|mem[45][58]               ; Merged with qc_ldpc_decoder_top:decoder|qc_llr_bank:llr_bank_inst|mem[45][56]                ;
; qc_ldpc_decoder_top:decoder|qc_llr_bank:llr_bank_inst|mem[45][59]               ; Merged with qc_ldpc_decoder_top:decoder|qc_llr_bank:llr_bank_inst|mem[45][56]                ;
; qc_ldpc_decoder_top:decoder|qc_llr_bank:llr_bank_inst|mem[45][60]               ; Merged with qc_ldpc_decoder_top:decoder|qc_llr_bank:llr_bank_inst|mem[45][56]                ;
; qc_ldpc_decoder_top:decoder|qc_llr_bank:llr_bank_inst|mem[45][62]               ; Merged with qc_ldpc_decoder_top:decoder|qc_llr_bank:llr_bank_inst|mem[45][56]                ;
; qc_ldpc_decoder_top:decoder|qc_llr_bank:llr_bank_inst|mem[46][57]               ; Merged with qc_ldpc_decoder_top:decoder|qc_llr_bank:llr_bank_inst|mem[46][56]                ;
; qc_ldpc_decoder_top:decoder|qc_llr_bank:llr_bank_inst|mem[46][58]               ; Merged with qc_ldpc_decoder_top:decoder|qc_llr_bank:llr_bank_inst|mem[46][56]                ;
; qc_ldpc_decoder_top:decoder|qc_llr_bank:llr_bank_inst|mem[46][59]               ; Merged with qc_ldpc_decoder_top:decoder|qc_llr_bank:llr_bank_inst|mem[46][56]                ;
; qc_ldpc_decoder_top:decoder|qc_llr_bank:llr_bank_inst|mem[46][60]               ; Merged with qc_ldpc_decoder_top:decoder|qc_llr_bank:llr_bank_inst|mem[46][56]                ;
; qc_ldpc_decoder_top:decoder|qc_llr_bank:llr_bank_inst|mem[46][62]               ; Merged with qc_ldpc_decoder_top:decoder|qc_llr_bank:llr_bank_inst|mem[46][56]                ;
; qc_ldpc_decoder_top:decoder|qc_llr_bank:llr_bank_inst|mem[47][57]               ; Merged with qc_ldpc_decoder_top:decoder|qc_llr_bank:llr_bank_inst|mem[47][56]                ;
; qc_ldpc_decoder_top:decoder|qc_llr_bank:llr_bank_inst|mem[47][58]               ; Merged with qc_ldpc_decoder_top:decoder|qc_llr_bank:llr_bank_inst|mem[47][56]                ;
; qc_ldpc_decoder_top:decoder|qc_llr_bank:llr_bank_inst|mem[47][59]               ; Merged with qc_ldpc_decoder_top:decoder|qc_llr_bank:llr_bank_inst|mem[47][56]                ;
; qc_ldpc_decoder_top:decoder|qc_llr_bank:llr_bank_inst|mem[47][60]               ; Merged with qc_ldpc_decoder_top:decoder|qc_llr_bank:llr_bank_inst|mem[47][56]                ;
; qc_ldpc_decoder_top:decoder|qc_llr_bank:llr_bank_inst|mem[47][62]               ; Merged with qc_ldpc_decoder_top:decoder|qc_llr_bank:llr_bank_inst|mem[47][56]                ;
; qc_ldpc_decoder_top:decoder|qc_llr_bank:llr_bank_inst|mem[48][57]               ; Merged with qc_ldpc_decoder_top:decoder|qc_llr_bank:llr_bank_inst|mem[48][56]                ;
; qc_ldpc_decoder_top:decoder|qc_llr_bank:llr_bank_inst|mem[48][58]               ; Merged with qc_ldpc_decoder_top:decoder|qc_llr_bank:llr_bank_inst|mem[48][56]                ;
; qc_ldpc_decoder_top:decoder|qc_llr_bank:llr_bank_inst|mem[48][59]               ; Merged with qc_ldpc_decoder_top:decoder|qc_llr_bank:llr_bank_inst|mem[48][56]                ;
; qc_ldpc_decoder_top:decoder|qc_llr_bank:llr_bank_inst|mem[48][60]               ; Merged with qc_ldpc_decoder_top:decoder|qc_llr_bank:llr_bank_inst|mem[48][56]                ;
; qc_ldpc_decoder_top:decoder|qc_llr_bank:llr_bank_inst|mem[48][62]               ; Merged with qc_ldpc_decoder_top:decoder|qc_llr_bank:llr_bank_inst|mem[48][56]                ;
; qc_ldpc_decoder_top:decoder|qc_llr_bank:llr_bank_inst|mem[49][57]               ; Merged with qc_ldpc_decoder_top:decoder|qc_llr_bank:llr_bank_inst|mem[49][56]                ;
; qc_ldpc_decoder_top:decoder|qc_llr_bank:llr_bank_inst|mem[49][58]               ; Merged with qc_ldpc_decoder_top:decoder|qc_llr_bank:llr_bank_inst|mem[49][56]                ;
; qc_ldpc_decoder_top:decoder|qc_llr_bank:llr_bank_inst|mem[49][59]               ; Merged with qc_ldpc_decoder_top:decoder|qc_llr_bank:llr_bank_inst|mem[49][56]                ;
; qc_ldpc_decoder_top:decoder|qc_llr_bank:llr_bank_inst|mem[49][60]               ; Merged with qc_ldpc_decoder_top:decoder|qc_llr_bank:llr_bank_inst|mem[49][56]                ;
; qc_ldpc_decoder_top:decoder|qc_llr_bank:llr_bank_inst|mem[49][62]               ; Merged with qc_ldpc_decoder_top:decoder|qc_llr_bank:llr_bank_inst|mem[49][56]                ;
; qc_ldpc_decoder_top:decoder|qc_llr_bank:llr_bank_inst|mem[50][57]               ; Merged with qc_ldpc_decoder_top:decoder|qc_llr_bank:llr_bank_inst|mem[50][56]                ;
; qc_ldpc_decoder_top:decoder|qc_llr_bank:llr_bank_inst|mem[50][58]               ; Merged with qc_ldpc_decoder_top:decoder|qc_llr_bank:llr_bank_inst|mem[50][56]                ;
; qc_ldpc_decoder_top:decoder|qc_llr_bank:llr_bank_inst|mem[50][59]               ; Merged with qc_ldpc_decoder_top:decoder|qc_llr_bank:llr_bank_inst|mem[50][56]                ;
; qc_ldpc_decoder_top:decoder|qc_llr_bank:llr_bank_inst|mem[50][60]               ; Merged with qc_ldpc_decoder_top:decoder|qc_llr_bank:llr_bank_inst|mem[50][56]                ;
; qc_ldpc_decoder_top:decoder|qc_llr_bank:llr_bank_inst|mem[50][62]               ; Merged with qc_ldpc_decoder_top:decoder|qc_llr_bank:llr_bank_inst|mem[50][56]                ;
; qc_ldpc_decoder_top:decoder|qc_llr_bank:llr_bank_inst|mem[51][57]               ; Merged with qc_ldpc_decoder_top:decoder|qc_llr_bank:llr_bank_inst|mem[51][56]                ;
; qc_ldpc_decoder_top:decoder|qc_llr_bank:llr_bank_inst|mem[51][58]               ; Merged with qc_ldpc_decoder_top:decoder|qc_llr_bank:llr_bank_inst|mem[51][56]                ;
; qc_ldpc_decoder_top:decoder|qc_llr_bank:llr_bank_inst|mem[51][59]               ; Merged with qc_ldpc_decoder_top:decoder|qc_llr_bank:llr_bank_inst|mem[51][56]                ;
; qc_ldpc_decoder_top:decoder|qc_llr_bank:llr_bank_inst|mem[51][60]               ; Merged with qc_ldpc_decoder_top:decoder|qc_llr_bank:llr_bank_inst|mem[51][56]                ;
; qc_ldpc_decoder_top:decoder|qc_llr_bank:llr_bank_inst|mem[51][62]               ; Merged with qc_ldpc_decoder_top:decoder|qc_llr_bank:llr_bank_inst|mem[51][56]                ;
; qc_ldpc_decoder_top:decoder|qc_llr_bank:llr_bank_inst|mem[52][57]               ; Merged with qc_ldpc_decoder_top:decoder|qc_llr_bank:llr_bank_inst|mem[52][56]                ;
; qc_ldpc_decoder_top:decoder|qc_llr_bank:llr_bank_inst|mem[52][58]               ; Merged with qc_ldpc_decoder_top:decoder|qc_llr_bank:llr_bank_inst|mem[52][56]                ;
; qc_ldpc_decoder_top:decoder|qc_llr_bank:llr_bank_inst|mem[52][59]               ; Merged with qc_ldpc_decoder_top:decoder|qc_llr_bank:llr_bank_inst|mem[52][56]                ;
; qc_ldpc_decoder_top:decoder|qc_llr_bank:llr_bank_inst|mem[52][60]               ; Merged with qc_ldpc_decoder_top:decoder|qc_llr_bank:llr_bank_inst|mem[52][56]                ;
; qc_ldpc_decoder_top:decoder|qc_llr_bank:llr_bank_inst|mem[52][62]               ; Merged with qc_ldpc_decoder_top:decoder|qc_llr_bank:llr_bank_inst|mem[52][56]                ;
; qc_ldpc_decoder_top:decoder|qc_llr_bank:llr_bank_inst|mem[53][57]               ; Merged with qc_ldpc_decoder_top:decoder|qc_llr_bank:llr_bank_inst|mem[53][56]                ;
; qc_ldpc_decoder_top:decoder|qc_llr_bank:llr_bank_inst|mem[53][58]               ; Merged with qc_ldpc_decoder_top:decoder|qc_llr_bank:llr_bank_inst|mem[53][56]                ;
; qc_ldpc_decoder_top:decoder|qc_llr_bank:llr_bank_inst|mem[53][59]               ; Merged with qc_ldpc_decoder_top:decoder|qc_llr_bank:llr_bank_inst|mem[53][56]                ;
; qc_ldpc_decoder_top:decoder|qc_llr_bank:llr_bank_inst|mem[53][60]               ; Merged with qc_ldpc_decoder_top:decoder|qc_llr_bank:llr_bank_inst|mem[53][56]                ;
; qc_ldpc_decoder_top:decoder|qc_llr_bank:llr_bank_inst|mem[53][62]               ; Merged with qc_ldpc_decoder_top:decoder|qc_llr_bank:llr_bank_inst|mem[53][56]                ;
; qc_ldpc_decoder_top:decoder|qc_llr_bank:llr_bank_inst|mem[54][57]               ; Merged with qc_ldpc_decoder_top:decoder|qc_llr_bank:llr_bank_inst|mem[54][56]                ;
; qc_ldpc_decoder_top:decoder|qc_llr_bank:llr_bank_inst|mem[54][58]               ; Merged with qc_ldpc_decoder_top:decoder|qc_llr_bank:llr_bank_inst|mem[54][56]                ;
; qc_ldpc_decoder_top:decoder|qc_llr_bank:llr_bank_inst|mem[54][59]               ; Merged with qc_ldpc_decoder_top:decoder|qc_llr_bank:llr_bank_inst|mem[54][56]                ;
; qc_ldpc_decoder_top:decoder|qc_llr_bank:llr_bank_inst|mem[54][60]               ; Merged with qc_ldpc_decoder_top:decoder|qc_llr_bank:llr_bank_inst|mem[54][56]                ;
; qc_ldpc_decoder_top:decoder|qc_llr_bank:llr_bank_inst|mem[54][62]               ; Merged with qc_ldpc_decoder_top:decoder|qc_llr_bank:llr_bank_inst|mem[54][56]                ;
; qc_ldpc_decoder_top:decoder|qc_llr_bank:llr_bank_inst|mem[55][57]               ; Merged with qc_ldpc_decoder_top:decoder|qc_llr_bank:llr_bank_inst|mem[55][56]                ;
; qc_ldpc_decoder_top:decoder|qc_llr_bank:llr_bank_inst|mem[55][58]               ; Merged with qc_ldpc_decoder_top:decoder|qc_llr_bank:llr_bank_inst|mem[55][56]                ;
; qc_ldpc_decoder_top:decoder|qc_llr_bank:llr_bank_inst|mem[55][59]               ; Merged with qc_ldpc_decoder_top:decoder|qc_llr_bank:llr_bank_inst|mem[55][56]                ;
; qc_ldpc_decoder_top:decoder|qc_llr_bank:llr_bank_inst|mem[55][60]               ; Merged with qc_ldpc_decoder_top:decoder|qc_llr_bank:llr_bank_inst|mem[55][56]                ;
; qc_ldpc_decoder_top:decoder|qc_llr_bank:llr_bank_inst|mem[55][62]               ; Merged with qc_ldpc_decoder_top:decoder|qc_llr_bank:llr_bank_inst|mem[55][56]                ;
; qc_ldpc_decoder_top:decoder|qc_llr_bank:llr_bank_inst|mem[56][57]               ; Merged with qc_ldpc_decoder_top:decoder|qc_llr_bank:llr_bank_inst|mem[56][56]                ;
; qc_ldpc_decoder_top:decoder|qc_llr_bank:llr_bank_inst|mem[56][58]               ; Merged with qc_ldpc_decoder_top:decoder|qc_llr_bank:llr_bank_inst|mem[56][56]                ;
; qc_ldpc_decoder_top:decoder|qc_llr_bank:llr_bank_inst|mem[56][59]               ; Merged with qc_ldpc_decoder_top:decoder|qc_llr_bank:llr_bank_inst|mem[56][56]                ;
; qc_ldpc_decoder_top:decoder|qc_llr_bank:llr_bank_inst|mem[56][60]               ; Merged with qc_ldpc_decoder_top:decoder|qc_llr_bank:llr_bank_inst|mem[56][56]                ;
; qc_ldpc_decoder_top:decoder|qc_llr_bank:llr_bank_inst|mem[56][62]               ; Merged with qc_ldpc_decoder_top:decoder|qc_llr_bank:llr_bank_inst|mem[56][56]                ;
; qc_ldpc_decoder_top:decoder|qc_llr_bank:llr_bank_inst|mem[57][57]               ; Merged with qc_ldpc_decoder_top:decoder|qc_llr_bank:llr_bank_inst|mem[57][56]                ;
; qc_ldpc_decoder_top:decoder|qc_llr_bank:llr_bank_inst|mem[57][58]               ; Merged with qc_ldpc_decoder_top:decoder|qc_llr_bank:llr_bank_inst|mem[57][56]                ;
; qc_ldpc_decoder_top:decoder|qc_llr_bank:llr_bank_inst|mem[57][59]               ; Merged with qc_ldpc_decoder_top:decoder|qc_llr_bank:llr_bank_inst|mem[57][56]                ;
; qc_ldpc_decoder_top:decoder|qc_llr_bank:llr_bank_inst|mem[57][60]               ; Merged with qc_ldpc_decoder_top:decoder|qc_llr_bank:llr_bank_inst|mem[57][56]                ;
; qc_ldpc_decoder_top:decoder|qc_llr_bank:llr_bank_inst|mem[57][62]               ; Merged with qc_ldpc_decoder_top:decoder|qc_llr_bank:llr_bank_inst|mem[57][56]                ;
; qc_ldpc_decoder_top:decoder|qc_llr_bank:llr_bank_inst|mem[58][57]               ; Merged with qc_ldpc_decoder_top:decoder|qc_llr_bank:llr_bank_inst|mem[58][56]                ;
; qc_ldpc_decoder_top:decoder|qc_llr_bank:llr_bank_inst|mem[58][58]               ; Merged with qc_ldpc_decoder_top:decoder|qc_llr_bank:llr_bank_inst|mem[58][56]                ;
; qc_ldpc_decoder_top:decoder|qc_llr_bank:llr_bank_inst|mem[58][59]               ; Merged with qc_ldpc_decoder_top:decoder|qc_llr_bank:llr_bank_inst|mem[58][56]                ;
; qc_ldpc_decoder_top:decoder|qc_llr_bank:llr_bank_inst|mem[58][60]               ; Merged with qc_ldpc_decoder_top:decoder|qc_llr_bank:llr_bank_inst|mem[58][56]                ;
; qc_ldpc_decoder_top:decoder|qc_llr_bank:llr_bank_inst|mem[58][62]               ; Merged with qc_ldpc_decoder_top:decoder|qc_llr_bank:llr_bank_inst|mem[58][56]                ;
; qc_ldpc_decoder_top:decoder|qc_llr_bank:llr_bank_inst|mem[59][57]               ; Merged with qc_ldpc_decoder_top:decoder|qc_llr_bank:llr_bank_inst|mem[59][56]                ;
; qc_ldpc_decoder_top:decoder|qc_llr_bank:llr_bank_inst|mem[59][58]               ; Merged with qc_ldpc_decoder_top:decoder|qc_llr_bank:llr_bank_inst|mem[59][56]                ;
; qc_ldpc_decoder_top:decoder|qc_llr_bank:llr_bank_inst|mem[59][59]               ; Merged with qc_ldpc_decoder_top:decoder|qc_llr_bank:llr_bank_inst|mem[59][56]                ;
; qc_ldpc_decoder_top:decoder|qc_llr_bank:llr_bank_inst|mem[59][60]               ; Merged with qc_ldpc_decoder_top:decoder|qc_llr_bank:llr_bank_inst|mem[59][56]                ;
; qc_ldpc_decoder_top:decoder|qc_llr_bank:llr_bank_inst|mem[59][62]               ; Merged with qc_ldpc_decoder_top:decoder|qc_llr_bank:llr_bank_inst|mem[59][56]                ;
; qc_ldpc_decoder_top:decoder|qc_llr_bank:llr_bank_inst|mem[60][57]               ; Merged with qc_ldpc_decoder_top:decoder|qc_llr_bank:llr_bank_inst|mem[60][56]                ;
; qc_ldpc_decoder_top:decoder|qc_llr_bank:llr_bank_inst|mem[60][58]               ; Merged with qc_ldpc_decoder_top:decoder|qc_llr_bank:llr_bank_inst|mem[60][56]                ;
; qc_ldpc_decoder_top:decoder|qc_llr_bank:llr_bank_inst|mem[60][59]               ; Merged with qc_ldpc_decoder_top:decoder|qc_llr_bank:llr_bank_inst|mem[60][56]                ;
; qc_ldpc_decoder_top:decoder|qc_llr_bank:llr_bank_inst|mem[60][60]               ; Merged with qc_ldpc_decoder_top:decoder|qc_llr_bank:llr_bank_inst|mem[60][56]                ;
; qc_ldpc_decoder_top:decoder|qc_llr_bank:llr_bank_inst|mem[60][62]               ; Merged with qc_ldpc_decoder_top:decoder|qc_llr_bank:llr_bank_inst|mem[60][56]                ;
; qc_ldpc_decoder_top:decoder|qc_llr_bank:llr_bank_inst|mem[61][57]               ; Merged with qc_ldpc_decoder_top:decoder|qc_llr_bank:llr_bank_inst|mem[61][56]                ;
; qc_ldpc_decoder_top:decoder|qc_llr_bank:llr_bank_inst|mem[61][58]               ; Merged with qc_ldpc_decoder_top:decoder|qc_llr_bank:llr_bank_inst|mem[61][56]                ;
; qc_ldpc_decoder_top:decoder|qc_llr_bank:llr_bank_inst|mem[61][59]               ; Merged with qc_ldpc_decoder_top:decoder|qc_llr_bank:llr_bank_inst|mem[61][56]                ;
; qc_ldpc_decoder_top:decoder|qc_llr_bank:llr_bank_inst|mem[61][60]               ; Merged with qc_ldpc_decoder_top:decoder|qc_llr_bank:llr_bank_inst|mem[61][56]                ;
; qc_ldpc_decoder_top:decoder|qc_llr_bank:llr_bank_inst|mem[61][62]               ; Merged with qc_ldpc_decoder_top:decoder|qc_llr_bank:llr_bank_inst|mem[61][56]                ;
; qc_ldpc_decoder_top:decoder|qc_llr_bank:llr_bank_inst|mem[62][57]               ; Merged with qc_ldpc_decoder_top:decoder|qc_llr_bank:llr_bank_inst|mem[62][56]                ;
; qc_ldpc_decoder_top:decoder|qc_llr_bank:llr_bank_inst|mem[62][58]               ; Merged with qc_ldpc_decoder_top:decoder|qc_llr_bank:llr_bank_inst|mem[62][56]                ;
; qc_ldpc_decoder_top:decoder|qc_llr_bank:llr_bank_inst|mem[62][59]               ; Merged with qc_ldpc_decoder_top:decoder|qc_llr_bank:llr_bank_inst|mem[62][56]                ;
; qc_ldpc_decoder_top:decoder|qc_llr_bank:llr_bank_inst|mem[62][60]               ; Merged with qc_ldpc_decoder_top:decoder|qc_llr_bank:llr_bank_inst|mem[62][56]                ;
; qc_ldpc_decoder_top:decoder|qc_llr_bank:llr_bank_inst|mem[62][62]               ; Merged with qc_ldpc_decoder_top:decoder|qc_llr_bank:llr_bank_inst|mem[62][56]                ;
; qc_ldpc_decoder_top:decoder|qc_llr_bank:llr_bank_inst|mem[63][57]               ; Merged with qc_ldpc_decoder_top:decoder|qc_llr_bank:llr_bank_inst|mem[63][56]                ;
; qc_ldpc_decoder_top:decoder|qc_llr_bank:llr_bank_inst|mem[63][58]               ; Merged with qc_ldpc_decoder_top:decoder|qc_llr_bank:llr_bank_inst|mem[63][56]                ;
; qc_ldpc_decoder_top:decoder|qc_llr_bank:llr_bank_inst|mem[63][59]               ; Merged with qc_ldpc_decoder_top:decoder|qc_llr_bank:llr_bank_inst|mem[63][56]                ;
; qc_ldpc_decoder_top:decoder|qc_llr_bank:llr_bank_inst|mem[63][60]               ; Merged with qc_ldpc_decoder_top:decoder|qc_llr_bank:llr_bank_inst|mem[63][56]                ;
; qc_ldpc_decoder_top:decoder|qc_llr_bank:llr_bank_inst|mem[63][62]               ; Merged with qc_ldpc_decoder_top:decoder|qc_llr_bank:llr_bank_inst|mem[63][56]                ;
; qc_ldpc_decoder_top:decoder|qc_llr_bank:llr_bank_inst|mem[0][49]                ; Merged with qc_ldpc_decoder_top:decoder|qc_llr_bank:llr_bank_inst|mem[0][48]                 ;
; qc_ldpc_decoder_top:decoder|qc_llr_bank:llr_bank_inst|mem[0][50]                ; Merged with qc_ldpc_decoder_top:decoder|qc_llr_bank:llr_bank_inst|mem[0][48]                 ;
; qc_ldpc_decoder_top:decoder|qc_llr_bank:llr_bank_inst|mem[0][51]                ; Merged with qc_ldpc_decoder_top:decoder|qc_llr_bank:llr_bank_inst|mem[0][48]                 ;
; qc_ldpc_decoder_top:decoder|qc_llr_bank:llr_bank_inst|mem[0][52]                ; Merged with qc_ldpc_decoder_top:decoder|qc_llr_bank:llr_bank_inst|mem[0][48]                 ;
; qc_ldpc_decoder_top:decoder|qc_llr_bank:llr_bank_inst|mem[0][54]                ; Merged with qc_ldpc_decoder_top:decoder|qc_llr_bank:llr_bank_inst|mem[0][48]                 ;
; qc_ldpc_decoder_top:decoder|qc_llr_bank:llr_bank_inst|mem[1][49]                ; Merged with qc_ldpc_decoder_top:decoder|qc_llr_bank:llr_bank_inst|mem[1][48]                 ;
; qc_ldpc_decoder_top:decoder|qc_llr_bank:llr_bank_inst|mem[1][50]                ; Merged with qc_ldpc_decoder_top:decoder|qc_llr_bank:llr_bank_inst|mem[1][48]                 ;
; qc_ldpc_decoder_top:decoder|qc_llr_bank:llr_bank_inst|mem[1][51]                ; Merged with qc_ldpc_decoder_top:decoder|qc_llr_bank:llr_bank_inst|mem[1][48]                 ;
; qc_ldpc_decoder_top:decoder|qc_llr_bank:llr_bank_inst|mem[1][52]                ; Merged with qc_ldpc_decoder_top:decoder|qc_llr_bank:llr_bank_inst|mem[1][48]                 ;
; qc_ldpc_decoder_top:decoder|qc_llr_bank:llr_bank_inst|mem[1][54]                ; Merged with qc_ldpc_decoder_top:decoder|qc_llr_bank:llr_bank_inst|mem[1][48]                 ;
; qc_ldpc_decoder_top:decoder|qc_llr_bank:llr_bank_inst|mem[2][49]                ; Merged with qc_ldpc_decoder_top:decoder|qc_llr_bank:llr_bank_inst|mem[2][48]                 ;
; qc_ldpc_decoder_top:decoder|qc_llr_bank:llr_bank_inst|mem[2][50]                ; Merged with qc_ldpc_decoder_top:decoder|qc_llr_bank:llr_bank_inst|mem[2][48]                 ;
; qc_ldpc_decoder_top:decoder|qc_llr_bank:llr_bank_inst|mem[2][51]                ; Merged with qc_ldpc_decoder_top:decoder|qc_llr_bank:llr_bank_inst|mem[2][48]                 ;
; qc_ldpc_decoder_top:decoder|qc_llr_bank:llr_bank_inst|mem[2][52]                ; Merged with qc_ldpc_decoder_top:decoder|qc_llr_bank:llr_bank_inst|mem[2][48]                 ;
; qc_ldpc_decoder_top:decoder|qc_llr_bank:llr_bank_inst|mem[2][54]                ; Merged with qc_ldpc_decoder_top:decoder|qc_llr_bank:llr_bank_inst|mem[2][48]                 ;
; qc_ldpc_decoder_top:decoder|qc_llr_bank:llr_bank_inst|mem[3][49]                ; Merged with qc_ldpc_decoder_top:decoder|qc_llr_bank:llr_bank_inst|mem[3][48]                 ;
; qc_ldpc_decoder_top:decoder|qc_llr_bank:llr_bank_inst|mem[3][50]                ; Merged with qc_ldpc_decoder_top:decoder|qc_llr_bank:llr_bank_inst|mem[3][48]                 ;
; qc_ldpc_decoder_top:decoder|qc_llr_bank:llr_bank_inst|mem[3][51]                ; Merged with qc_ldpc_decoder_top:decoder|qc_llr_bank:llr_bank_inst|mem[3][48]                 ;
; qc_ldpc_decoder_top:decoder|qc_llr_bank:llr_bank_inst|mem[3][52]                ; Merged with qc_ldpc_decoder_top:decoder|qc_llr_bank:llr_bank_inst|mem[3][48]                 ;
; qc_ldpc_decoder_top:decoder|qc_llr_bank:llr_bank_inst|mem[3][54]                ; Merged with qc_ldpc_decoder_top:decoder|qc_llr_bank:llr_bank_inst|mem[3][48]                 ;
; qc_ldpc_decoder_top:decoder|qc_llr_bank:llr_bank_inst|mem[4][49]                ; Merged with qc_ldpc_decoder_top:decoder|qc_llr_bank:llr_bank_inst|mem[4][48]                 ;
; qc_ldpc_decoder_top:decoder|qc_llr_bank:llr_bank_inst|mem[4][50]                ; Merged with qc_ldpc_decoder_top:decoder|qc_llr_bank:llr_bank_inst|mem[4][48]                 ;
; qc_ldpc_decoder_top:decoder|qc_llr_bank:llr_bank_inst|mem[4][51]                ; Merged with qc_ldpc_decoder_top:decoder|qc_llr_bank:llr_bank_inst|mem[4][48]                 ;
; qc_ldpc_decoder_top:decoder|qc_llr_bank:llr_bank_inst|mem[4][52]                ; Merged with qc_ldpc_decoder_top:decoder|qc_llr_bank:llr_bank_inst|mem[4][48]                 ;
; qc_ldpc_decoder_top:decoder|qc_llr_bank:llr_bank_inst|mem[4][54]                ; Merged with qc_ldpc_decoder_top:decoder|qc_llr_bank:llr_bank_inst|mem[4][48]                 ;
; qc_ldpc_decoder_top:decoder|qc_llr_bank:llr_bank_inst|mem[5][49]                ; Merged with qc_ldpc_decoder_top:decoder|qc_llr_bank:llr_bank_inst|mem[5][48]                 ;
; qc_ldpc_decoder_top:decoder|qc_llr_bank:llr_bank_inst|mem[5][50]                ; Merged with qc_ldpc_decoder_top:decoder|qc_llr_bank:llr_bank_inst|mem[5][48]                 ;
; qc_ldpc_decoder_top:decoder|qc_llr_bank:llr_bank_inst|mem[5][51]                ; Merged with qc_ldpc_decoder_top:decoder|qc_llr_bank:llr_bank_inst|mem[5][48]                 ;
; qc_ldpc_decoder_top:decoder|qc_llr_bank:llr_bank_inst|mem[5][52]                ; Merged with qc_ldpc_decoder_top:decoder|qc_llr_bank:llr_bank_inst|mem[5][48]                 ;
; qc_ldpc_decoder_top:decoder|qc_llr_bank:llr_bank_inst|mem[5][54]                ; Merged with qc_ldpc_decoder_top:decoder|qc_llr_bank:llr_bank_inst|mem[5][48]                 ;
; qc_ldpc_decoder_top:decoder|qc_llr_bank:llr_bank_inst|mem[6][49]                ; Merged with qc_ldpc_decoder_top:decoder|qc_llr_bank:llr_bank_inst|mem[6][48]                 ;
; qc_ldpc_decoder_top:decoder|qc_llr_bank:llr_bank_inst|mem[6][50]                ; Merged with qc_ldpc_decoder_top:decoder|qc_llr_bank:llr_bank_inst|mem[6][48]                 ;
; qc_ldpc_decoder_top:decoder|qc_llr_bank:llr_bank_inst|mem[6][51]                ; Merged with qc_ldpc_decoder_top:decoder|qc_llr_bank:llr_bank_inst|mem[6][48]                 ;
; qc_ldpc_decoder_top:decoder|qc_llr_bank:llr_bank_inst|mem[6][52]                ; Merged with qc_ldpc_decoder_top:decoder|qc_llr_bank:llr_bank_inst|mem[6][48]                 ;
; qc_ldpc_decoder_top:decoder|qc_llr_bank:llr_bank_inst|mem[6][54]                ; Merged with qc_ldpc_decoder_top:decoder|qc_llr_bank:llr_bank_inst|mem[6][48]                 ;
; qc_ldpc_decoder_top:decoder|qc_llr_bank:llr_bank_inst|mem[7][49]                ; Merged with qc_ldpc_decoder_top:decoder|qc_llr_bank:llr_bank_inst|mem[7][48]                 ;
; qc_ldpc_decoder_top:decoder|qc_llr_bank:llr_bank_inst|mem[7][50]                ; Merged with qc_ldpc_decoder_top:decoder|qc_llr_bank:llr_bank_inst|mem[7][48]                 ;
; qc_ldpc_decoder_top:decoder|qc_llr_bank:llr_bank_inst|mem[7][51]                ; Merged with qc_ldpc_decoder_top:decoder|qc_llr_bank:llr_bank_inst|mem[7][48]                 ;
; qc_ldpc_decoder_top:decoder|qc_llr_bank:llr_bank_inst|mem[7][52]                ; Merged with qc_ldpc_decoder_top:decoder|qc_llr_bank:llr_bank_inst|mem[7][48]                 ;
; qc_ldpc_decoder_top:decoder|qc_llr_bank:llr_bank_inst|mem[7][54]                ; Merged with qc_ldpc_decoder_top:decoder|qc_llr_bank:llr_bank_inst|mem[7][48]                 ;
; qc_ldpc_decoder_top:decoder|qc_llr_bank:llr_bank_inst|mem[8][49]                ; Merged with qc_ldpc_decoder_top:decoder|qc_llr_bank:llr_bank_inst|mem[8][48]                 ;
; qc_ldpc_decoder_top:decoder|qc_llr_bank:llr_bank_inst|mem[8][50]                ; Merged with qc_ldpc_decoder_top:decoder|qc_llr_bank:llr_bank_inst|mem[8][48]                 ;
; qc_ldpc_decoder_top:decoder|qc_llr_bank:llr_bank_inst|mem[8][51]                ; Merged with qc_ldpc_decoder_top:decoder|qc_llr_bank:llr_bank_inst|mem[8][48]                 ;
; qc_ldpc_decoder_top:decoder|qc_llr_bank:llr_bank_inst|mem[8][52]                ; Merged with qc_ldpc_decoder_top:decoder|qc_llr_bank:llr_bank_inst|mem[8][48]                 ;
; qc_ldpc_decoder_top:decoder|qc_llr_bank:llr_bank_inst|mem[8][54]                ; Merged with qc_ldpc_decoder_top:decoder|qc_llr_bank:llr_bank_inst|mem[8][48]                 ;
; qc_ldpc_decoder_top:decoder|qc_llr_bank:llr_bank_inst|mem[9][49]                ; Merged with qc_ldpc_decoder_top:decoder|qc_llr_bank:llr_bank_inst|mem[9][48]                 ;
; qc_ldpc_decoder_top:decoder|qc_llr_bank:llr_bank_inst|mem[9][50]                ; Merged with qc_ldpc_decoder_top:decoder|qc_llr_bank:llr_bank_inst|mem[9][48]                 ;
; qc_ldpc_decoder_top:decoder|qc_llr_bank:llr_bank_inst|mem[9][51]                ; Merged with qc_ldpc_decoder_top:decoder|qc_llr_bank:llr_bank_inst|mem[9][48]                 ;
; qc_ldpc_decoder_top:decoder|qc_llr_bank:llr_bank_inst|mem[9][52]                ; Merged with qc_ldpc_decoder_top:decoder|qc_llr_bank:llr_bank_inst|mem[9][48]                 ;
; qc_ldpc_decoder_top:decoder|qc_llr_bank:llr_bank_inst|mem[9][54]                ; Merged with qc_ldpc_decoder_top:decoder|qc_llr_bank:llr_bank_inst|mem[9][48]                 ;
; qc_ldpc_decoder_top:decoder|qc_llr_bank:llr_bank_inst|mem[10][49]               ; Merged with qc_ldpc_decoder_top:decoder|qc_llr_bank:llr_bank_inst|mem[10][48]                ;
; qc_ldpc_decoder_top:decoder|qc_llr_bank:llr_bank_inst|mem[10][50]               ; Merged with qc_ldpc_decoder_top:decoder|qc_llr_bank:llr_bank_inst|mem[10][48]                ;
; qc_ldpc_decoder_top:decoder|qc_llr_bank:llr_bank_inst|mem[10][51]               ; Merged with qc_ldpc_decoder_top:decoder|qc_llr_bank:llr_bank_inst|mem[10][48]                ;
; qc_ldpc_decoder_top:decoder|qc_llr_bank:llr_bank_inst|mem[10][52]               ; Merged with qc_ldpc_decoder_top:decoder|qc_llr_bank:llr_bank_inst|mem[10][48]                ;
; qc_ldpc_decoder_top:decoder|qc_llr_bank:llr_bank_inst|mem[10][54]               ; Merged with qc_ldpc_decoder_top:decoder|qc_llr_bank:llr_bank_inst|mem[10][48]                ;
; qc_ldpc_decoder_top:decoder|qc_llr_bank:llr_bank_inst|mem[11][49]               ; Merged with qc_ldpc_decoder_top:decoder|qc_llr_bank:llr_bank_inst|mem[11][48]                ;
; qc_ldpc_decoder_top:decoder|qc_llr_bank:llr_bank_inst|mem[11][50]               ; Merged with qc_ldpc_decoder_top:decoder|qc_llr_bank:llr_bank_inst|mem[11][48]                ;
; qc_ldpc_decoder_top:decoder|qc_llr_bank:llr_bank_inst|mem[11][51]               ; Merged with qc_ldpc_decoder_top:decoder|qc_llr_bank:llr_bank_inst|mem[11][48]                ;
; qc_ldpc_decoder_top:decoder|qc_llr_bank:llr_bank_inst|mem[11][52]               ; Merged with qc_ldpc_decoder_top:decoder|qc_llr_bank:llr_bank_inst|mem[11][48]                ;
; qc_ldpc_decoder_top:decoder|qc_llr_bank:llr_bank_inst|mem[11][54]               ; Merged with qc_ldpc_decoder_top:decoder|qc_llr_bank:llr_bank_inst|mem[11][48]                ;
; qc_ldpc_decoder_top:decoder|qc_llr_bank:llr_bank_inst|mem[12][49]               ; Merged with qc_ldpc_decoder_top:decoder|qc_llr_bank:llr_bank_inst|mem[12][48]                ;
; qc_ldpc_decoder_top:decoder|qc_llr_bank:llr_bank_inst|mem[12][50]               ; Merged with qc_ldpc_decoder_top:decoder|qc_llr_bank:llr_bank_inst|mem[12][48]                ;
; qc_ldpc_decoder_top:decoder|qc_llr_bank:llr_bank_inst|mem[12][51]               ; Merged with qc_ldpc_decoder_top:decoder|qc_llr_bank:llr_bank_inst|mem[12][48]                ;
; qc_ldpc_decoder_top:decoder|qc_llr_bank:llr_bank_inst|mem[12][52]               ; Merged with qc_ldpc_decoder_top:decoder|qc_llr_bank:llr_bank_inst|mem[12][48]                ;
; qc_ldpc_decoder_top:decoder|qc_llr_bank:llr_bank_inst|mem[12][54]               ; Merged with qc_ldpc_decoder_top:decoder|qc_llr_bank:llr_bank_inst|mem[12][48]                ;
; qc_ldpc_decoder_top:decoder|qc_llr_bank:llr_bank_inst|mem[13][49]               ; Merged with qc_ldpc_decoder_top:decoder|qc_llr_bank:llr_bank_inst|mem[13][48]                ;
; qc_ldpc_decoder_top:decoder|qc_llr_bank:llr_bank_inst|mem[13][50]               ; Merged with qc_ldpc_decoder_top:decoder|qc_llr_bank:llr_bank_inst|mem[13][48]                ;
; qc_ldpc_decoder_top:decoder|qc_llr_bank:llr_bank_inst|mem[13][51]               ; Merged with qc_ldpc_decoder_top:decoder|qc_llr_bank:llr_bank_inst|mem[13][48]                ;
; qc_ldpc_decoder_top:decoder|qc_llr_bank:llr_bank_inst|mem[13][52]               ; Merged with qc_ldpc_decoder_top:decoder|qc_llr_bank:llr_bank_inst|mem[13][48]                ;
; qc_ldpc_decoder_top:decoder|qc_llr_bank:llr_bank_inst|mem[13][54]               ; Merged with qc_ldpc_decoder_top:decoder|qc_llr_bank:llr_bank_inst|mem[13][48]                ;
; qc_ldpc_decoder_top:decoder|qc_llr_bank:llr_bank_inst|mem[14][49]               ; Merged with qc_ldpc_decoder_top:decoder|qc_llr_bank:llr_bank_inst|mem[14][48]                ;
; qc_ldpc_decoder_top:decoder|qc_llr_bank:llr_bank_inst|mem[14][50]               ; Merged with qc_ldpc_decoder_top:decoder|qc_llr_bank:llr_bank_inst|mem[14][48]                ;
; qc_ldpc_decoder_top:decoder|qc_llr_bank:llr_bank_inst|mem[14][51]               ; Merged with qc_ldpc_decoder_top:decoder|qc_llr_bank:llr_bank_inst|mem[14][48]                ;
; qc_ldpc_decoder_top:decoder|qc_llr_bank:llr_bank_inst|mem[14][52]               ; Merged with qc_ldpc_decoder_top:decoder|qc_llr_bank:llr_bank_inst|mem[14][48]                ;
; qc_ldpc_decoder_top:decoder|qc_llr_bank:llr_bank_inst|mem[14][54]               ; Merged with qc_ldpc_decoder_top:decoder|qc_llr_bank:llr_bank_inst|mem[14][48]                ;
; qc_ldpc_decoder_top:decoder|qc_llr_bank:llr_bank_inst|mem[15][49]               ; Merged with qc_ldpc_decoder_top:decoder|qc_llr_bank:llr_bank_inst|mem[15][48]                ;
; qc_ldpc_decoder_top:decoder|qc_llr_bank:llr_bank_inst|mem[15][50]               ; Merged with qc_ldpc_decoder_top:decoder|qc_llr_bank:llr_bank_inst|mem[15][48]                ;
; qc_ldpc_decoder_top:decoder|qc_llr_bank:llr_bank_inst|mem[15][51]               ; Merged with qc_ldpc_decoder_top:decoder|qc_llr_bank:llr_bank_inst|mem[15][48]                ;
; qc_ldpc_decoder_top:decoder|qc_llr_bank:llr_bank_inst|mem[15][52]               ; Merged with qc_ldpc_decoder_top:decoder|qc_llr_bank:llr_bank_inst|mem[15][48]                ;
; qc_ldpc_decoder_top:decoder|qc_llr_bank:llr_bank_inst|mem[15][54]               ; Merged with qc_ldpc_decoder_top:decoder|qc_llr_bank:llr_bank_inst|mem[15][48]                ;
; qc_ldpc_decoder_top:decoder|qc_llr_bank:llr_bank_inst|mem[16][49]               ; Merged with qc_ldpc_decoder_top:decoder|qc_llr_bank:llr_bank_inst|mem[16][48]                ;
; qc_ldpc_decoder_top:decoder|qc_llr_bank:llr_bank_inst|mem[16][50]               ; Merged with qc_ldpc_decoder_top:decoder|qc_llr_bank:llr_bank_inst|mem[16][48]                ;
; qc_ldpc_decoder_top:decoder|qc_llr_bank:llr_bank_inst|mem[16][51]               ; Merged with qc_ldpc_decoder_top:decoder|qc_llr_bank:llr_bank_inst|mem[16][48]                ;
; qc_ldpc_decoder_top:decoder|qc_llr_bank:llr_bank_inst|mem[16][52]               ; Merged with qc_ldpc_decoder_top:decoder|qc_llr_bank:llr_bank_inst|mem[16][48]                ;
; qc_ldpc_decoder_top:decoder|qc_llr_bank:llr_bank_inst|mem[16][54]               ; Merged with qc_ldpc_decoder_top:decoder|qc_llr_bank:llr_bank_inst|mem[16][48]                ;
; qc_ldpc_decoder_top:decoder|qc_llr_bank:llr_bank_inst|mem[17][49]               ; Merged with qc_ldpc_decoder_top:decoder|qc_llr_bank:llr_bank_inst|mem[17][48]                ;
; qc_ldpc_decoder_top:decoder|qc_llr_bank:llr_bank_inst|mem[17][50]               ; Merged with qc_ldpc_decoder_top:decoder|qc_llr_bank:llr_bank_inst|mem[17][48]                ;
; qc_ldpc_decoder_top:decoder|qc_llr_bank:llr_bank_inst|mem[17][51]               ; Merged with qc_ldpc_decoder_top:decoder|qc_llr_bank:llr_bank_inst|mem[17][48]                ;
; qc_ldpc_decoder_top:decoder|qc_llr_bank:llr_bank_inst|mem[17][52]               ; Merged with qc_ldpc_decoder_top:decoder|qc_llr_bank:llr_bank_inst|mem[17][48]                ;
; qc_ldpc_decoder_top:decoder|qc_llr_bank:llr_bank_inst|mem[17][54]               ; Merged with qc_ldpc_decoder_top:decoder|qc_llr_bank:llr_bank_inst|mem[17][48]                ;
; qc_ldpc_decoder_top:decoder|qc_llr_bank:llr_bank_inst|mem[18][49]               ; Merged with qc_ldpc_decoder_top:decoder|qc_llr_bank:llr_bank_inst|mem[18][48]                ;
; qc_ldpc_decoder_top:decoder|qc_llr_bank:llr_bank_inst|mem[18][50]               ; Merged with qc_ldpc_decoder_top:decoder|qc_llr_bank:llr_bank_inst|mem[18][48]                ;
; qc_ldpc_decoder_top:decoder|qc_llr_bank:llr_bank_inst|mem[18][51]               ; Merged with qc_ldpc_decoder_top:decoder|qc_llr_bank:llr_bank_inst|mem[18][48]                ;
; qc_ldpc_decoder_top:decoder|qc_llr_bank:llr_bank_inst|mem[18][52]               ; Merged with qc_ldpc_decoder_top:decoder|qc_llr_bank:llr_bank_inst|mem[18][48]                ;
; qc_ldpc_decoder_top:decoder|qc_llr_bank:llr_bank_inst|mem[18][54]               ; Merged with qc_ldpc_decoder_top:decoder|qc_llr_bank:llr_bank_inst|mem[18][48]                ;
; qc_ldpc_decoder_top:decoder|qc_llr_bank:llr_bank_inst|mem[19][49]               ; Merged with qc_ldpc_decoder_top:decoder|qc_llr_bank:llr_bank_inst|mem[19][48]                ;
; qc_ldpc_decoder_top:decoder|qc_llr_bank:llr_bank_inst|mem[19][50]               ; Merged with qc_ldpc_decoder_top:decoder|qc_llr_bank:llr_bank_inst|mem[19][48]                ;
; qc_ldpc_decoder_top:decoder|qc_llr_bank:llr_bank_inst|mem[19][51]               ; Merged with qc_ldpc_decoder_top:decoder|qc_llr_bank:llr_bank_inst|mem[19][48]                ;
; qc_ldpc_decoder_top:decoder|qc_llr_bank:llr_bank_inst|mem[19][52]               ; Merged with qc_ldpc_decoder_top:decoder|qc_llr_bank:llr_bank_inst|mem[19][48]                ;
; qc_ldpc_decoder_top:decoder|qc_llr_bank:llr_bank_inst|mem[19][54]               ; Merged with qc_ldpc_decoder_top:decoder|qc_llr_bank:llr_bank_inst|mem[19][48]                ;
; qc_ldpc_decoder_top:decoder|qc_llr_bank:llr_bank_inst|mem[20][49]               ; Merged with qc_ldpc_decoder_top:decoder|qc_llr_bank:llr_bank_inst|mem[20][48]                ;
; qc_ldpc_decoder_top:decoder|qc_llr_bank:llr_bank_inst|mem[20][50]               ; Merged with qc_ldpc_decoder_top:decoder|qc_llr_bank:llr_bank_inst|mem[20][48]                ;
; qc_ldpc_decoder_top:decoder|qc_llr_bank:llr_bank_inst|mem[20][51]               ; Merged with qc_ldpc_decoder_top:decoder|qc_llr_bank:llr_bank_inst|mem[20][48]                ;
; qc_ldpc_decoder_top:decoder|qc_llr_bank:llr_bank_inst|mem[20][52]               ; Merged with qc_ldpc_decoder_top:decoder|qc_llr_bank:llr_bank_inst|mem[20][48]                ;
; qc_ldpc_decoder_top:decoder|qc_llr_bank:llr_bank_inst|mem[20][54]               ; Merged with qc_ldpc_decoder_top:decoder|qc_llr_bank:llr_bank_inst|mem[20][48]                ;
; qc_ldpc_decoder_top:decoder|qc_llr_bank:llr_bank_inst|mem[21][49]               ; Merged with qc_ldpc_decoder_top:decoder|qc_llr_bank:llr_bank_inst|mem[21][48]                ;
; qc_ldpc_decoder_top:decoder|qc_llr_bank:llr_bank_inst|mem[21][50]               ; Merged with qc_ldpc_decoder_top:decoder|qc_llr_bank:llr_bank_inst|mem[21][48]                ;
; qc_ldpc_decoder_top:decoder|qc_llr_bank:llr_bank_inst|mem[21][51]               ; Merged with qc_ldpc_decoder_top:decoder|qc_llr_bank:llr_bank_inst|mem[21][48]                ;
; qc_ldpc_decoder_top:decoder|qc_llr_bank:llr_bank_inst|mem[21][52]               ; Merged with qc_ldpc_decoder_top:decoder|qc_llr_bank:llr_bank_inst|mem[21][48]                ;
; qc_ldpc_decoder_top:decoder|qc_llr_bank:llr_bank_inst|mem[21][54]               ; Merged with qc_ldpc_decoder_top:decoder|qc_llr_bank:llr_bank_inst|mem[21][48]                ;
; qc_ldpc_decoder_top:decoder|qc_llr_bank:llr_bank_inst|mem[22][49]               ; Merged with qc_ldpc_decoder_top:decoder|qc_llr_bank:llr_bank_inst|mem[22][48]                ;
; qc_ldpc_decoder_top:decoder|qc_llr_bank:llr_bank_inst|mem[22][50]               ; Merged with qc_ldpc_decoder_top:decoder|qc_llr_bank:llr_bank_inst|mem[22][48]                ;
; qc_ldpc_decoder_top:decoder|qc_llr_bank:llr_bank_inst|mem[22][51]               ; Merged with qc_ldpc_decoder_top:decoder|qc_llr_bank:llr_bank_inst|mem[22][48]                ;
; qc_ldpc_decoder_top:decoder|qc_llr_bank:llr_bank_inst|mem[22][52]               ; Merged with qc_ldpc_decoder_top:decoder|qc_llr_bank:llr_bank_inst|mem[22][48]                ;
; qc_ldpc_decoder_top:decoder|qc_llr_bank:llr_bank_inst|mem[22][54]               ; Merged with qc_ldpc_decoder_top:decoder|qc_llr_bank:llr_bank_inst|mem[22][48]                ;
; qc_ldpc_decoder_top:decoder|qc_llr_bank:llr_bank_inst|mem[23][49]               ; Merged with qc_ldpc_decoder_top:decoder|qc_llr_bank:llr_bank_inst|mem[23][48]                ;
; qc_ldpc_decoder_top:decoder|qc_llr_bank:llr_bank_inst|mem[23][50]               ; Merged with qc_ldpc_decoder_top:decoder|qc_llr_bank:llr_bank_inst|mem[23][48]                ;
; qc_ldpc_decoder_top:decoder|qc_llr_bank:llr_bank_inst|mem[23][51]               ; Merged with qc_ldpc_decoder_top:decoder|qc_llr_bank:llr_bank_inst|mem[23][48]                ;
; qc_ldpc_decoder_top:decoder|qc_llr_bank:llr_bank_inst|mem[23][52]               ; Merged with qc_ldpc_decoder_top:decoder|qc_llr_bank:llr_bank_inst|mem[23][48]                ;
; qc_ldpc_decoder_top:decoder|qc_llr_bank:llr_bank_inst|mem[23][54]               ; Merged with qc_ldpc_decoder_top:decoder|qc_llr_bank:llr_bank_inst|mem[23][48]                ;
; qc_ldpc_decoder_top:decoder|qc_llr_bank:llr_bank_inst|mem[24][49]               ; Merged with qc_ldpc_decoder_top:decoder|qc_llr_bank:llr_bank_inst|mem[24][48]                ;
; qc_ldpc_decoder_top:decoder|qc_llr_bank:llr_bank_inst|mem[24][50]               ; Merged with qc_ldpc_decoder_top:decoder|qc_llr_bank:llr_bank_inst|mem[24][48]                ;
; qc_ldpc_decoder_top:decoder|qc_llr_bank:llr_bank_inst|mem[24][51]               ; Merged with qc_ldpc_decoder_top:decoder|qc_llr_bank:llr_bank_inst|mem[24][48]                ;
; qc_ldpc_decoder_top:decoder|qc_llr_bank:llr_bank_inst|mem[24][52]               ; Merged with qc_ldpc_decoder_top:decoder|qc_llr_bank:llr_bank_inst|mem[24][48]                ;
; qc_ldpc_decoder_top:decoder|qc_llr_bank:llr_bank_inst|mem[24][54]               ; Merged with qc_ldpc_decoder_top:decoder|qc_llr_bank:llr_bank_inst|mem[24][48]                ;
; qc_ldpc_decoder_top:decoder|qc_llr_bank:llr_bank_inst|mem[25][49]               ; Merged with qc_ldpc_decoder_top:decoder|qc_llr_bank:llr_bank_inst|mem[25][48]                ;
; qc_ldpc_decoder_top:decoder|qc_llr_bank:llr_bank_inst|mem[25][50]               ; Merged with qc_ldpc_decoder_top:decoder|qc_llr_bank:llr_bank_inst|mem[25][48]                ;
; qc_ldpc_decoder_top:decoder|qc_llr_bank:llr_bank_inst|mem[25][51]               ; Merged with qc_ldpc_decoder_top:decoder|qc_llr_bank:llr_bank_inst|mem[25][48]                ;
; qc_ldpc_decoder_top:decoder|qc_llr_bank:llr_bank_inst|mem[25][52]               ; Merged with qc_ldpc_decoder_top:decoder|qc_llr_bank:llr_bank_inst|mem[25][48]                ;
; qc_ldpc_decoder_top:decoder|qc_llr_bank:llr_bank_inst|mem[25][54]               ; Merged with qc_ldpc_decoder_top:decoder|qc_llr_bank:llr_bank_inst|mem[25][48]                ;
; qc_ldpc_decoder_top:decoder|qc_llr_bank:llr_bank_inst|mem[26][49]               ; Merged with qc_ldpc_decoder_top:decoder|qc_llr_bank:llr_bank_inst|mem[26][48]                ;
; qc_ldpc_decoder_top:decoder|qc_llr_bank:llr_bank_inst|mem[26][50]               ; Merged with qc_ldpc_decoder_top:decoder|qc_llr_bank:llr_bank_inst|mem[26][48]                ;
; qc_ldpc_decoder_top:decoder|qc_llr_bank:llr_bank_inst|mem[26][51]               ; Merged with qc_ldpc_decoder_top:decoder|qc_llr_bank:llr_bank_inst|mem[26][48]                ;
; qc_ldpc_decoder_top:decoder|qc_llr_bank:llr_bank_inst|mem[26][52]               ; Merged with qc_ldpc_decoder_top:decoder|qc_llr_bank:llr_bank_inst|mem[26][48]                ;
; qc_ldpc_decoder_top:decoder|qc_llr_bank:llr_bank_inst|mem[26][54]               ; Merged with qc_ldpc_decoder_top:decoder|qc_llr_bank:llr_bank_inst|mem[26][48]                ;
; qc_ldpc_decoder_top:decoder|qc_llr_bank:llr_bank_inst|mem[27][49]               ; Merged with qc_ldpc_decoder_top:decoder|qc_llr_bank:llr_bank_inst|mem[27][48]                ;
; qc_ldpc_decoder_top:decoder|qc_llr_bank:llr_bank_inst|mem[27][50]               ; Merged with qc_ldpc_decoder_top:decoder|qc_llr_bank:llr_bank_inst|mem[27][48]                ;
; qc_ldpc_decoder_top:decoder|qc_llr_bank:llr_bank_inst|mem[27][51]               ; Merged with qc_ldpc_decoder_top:decoder|qc_llr_bank:llr_bank_inst|mem[27][48]                ;
; qc_ldpc_decoder_top:decoder|qc_llr_bank:llr_bank_inst|mem[27][52]               ; Merged with qc_ldpc_decoder_top:decoder|qc_llr_bank:llr_bank_inst|mem[27][48]                ;
; qc_ldpc_decoder_top:decoder|qc_llr_bank:llr_bank_inst|mem[27][54]               ; Merged with qc_ldpc_decoder_top:decoder|qc_llr_bank:llr_bank_inst|mem[27][48]                ;
; qc_ldpc_decoder_top:decoder|qc_llr_bank:llr_bank_inst|mem[28][49]               ; Merged with qc_ldpc_decoder_top:decoder|qc_llr_bank:llr_bank_inst|mem[28][48]                ;
; qc_ldpc_decoder_top:decoder|qc_llr_bank:llr_bank_inst|mem[28][50]               ; Merged with qc_ldpc_decoder_top:decoder|qc_llr_bank:llr_bank_inst|mem[28][48]                ;
; qc_ldpc_decoder_top:decoder|qc_llr_bank:llr_bank_inst|mem[28][51]               ; Merged with qc_ldpc_decoder_top:decoder|qc_llr_bank:llr_bank_inst|mem[28][48]                ;
; qc_ldpc_decoder_top:decoder|qc_llr_bank:llr_bank_inst|mem[28][52]               ; Merged with qc_ldpc_decoder_top:decoder|qc_llr_bank:llr_bank_inst|mem[28][48]                ;
; qc_ldpc_decoder_top:decoder|qc_llr_bank:llr_bank_inst|mem[28][54]               ; Merged with qc_ldpc_decoder_top:decoder|qc_llr_bank:llr_bank_inst|mem[28][48]                ;
; qc_ldpc_decoder_top:decoder|qc_llr_bank:llr_bank_inst|mem[29][49]               ; Merged with qc_ldpc_decoder_top:decoder|qc_llr_bank:llr_bank_inst|mem[29][48]                ;
; qc_ldpc_decoder_top:decoder|qc_llr_bank:llr_bank_inst|mem[29][50]               ; Merged with qc_ldpc_decoder_top:decoder|qc_llr_bank:llr_bank_inst|mem[29][48]                ;
; qc_ldpc_decoder_top:decoder|qc_llr_bank:llr_bank_inst|mem[29][51]               ; Merged with qc_ldpc_decoder_top:decoder|qc_llr_bank:llr_bank_inst|mem[29][48]                ;
; qc_ldpc_decoder_top:decoder|qc_llr_bank:llr_bank_inst|mem[29][52]               ; Merged with qc_ldpc_decoder_top:decoder|qc_llr_bank:llr_bank_inst|mem[29][48]                ;
; qc_ldpc_decoder_top:decoder|qc_llr_bank:llr_bank_inst|mem[29][54]               ; Merged with qc_ldpc_decoder_top:decoder|qc_llr_bank:llr_bank_inst|mem[29][48]                ;
; qc_ldpc_decoder_top:decoder|qc_llr_bank:llr_bank_inst|mem[30][49]               ; Merged with qc_ldpc_decoder_top:decoder|qc_llr_bank:llr_bank_inst|mem[30][48]                ;
; qc_ldpc_decoder_top:decoder|qc_llr_bank:llr_bank_inst|mem[30][50]               ; Merged with qc_ldpc_decoder_top:decoder|qc_llr_bank:llr_bank_inst|mem[30][48]                ;
; qc_ldpc_decoder_top:decoder|qc_llr_bank:llr_bank_inst|mem[30][51]               ; Merged with qc_ldpc_decoder_top:decoder|qc_llr_bank:llr_bank_inst|mem[30][48]                ;
; qc_ldpc_decoder_top:decoder|qc_llr_bank:llr_bank_inst|mem[30][52]               ; Merged with qc_ldpc_decoder_top:decoder|qc_llr_bank:llr_bank_inst|mem[30][48]                ;
; qc_ldpc_decoder_top:decoder|qc_llr_bank:llr_bank_inst|mem[30][54]               ; Merged with qc_ldpc_decoder_top:decoder|qc_llr_bank:llr_bank_inst|mem[30][48]                ;
; qc_ldpc_decoder_top:decoder|qc_llr_bank:llr_bank_inst|mem[31][49]               ; Merged with qc_ldpc_decoder_top:decoder|qc_llr_bank:llr_bank_inst|mem[31][48]                ;
; qc_ldpc_decoder_top:decoder|qc_llr_bank:llr_bank_inst|mem[31][50]               ; Merged with qc_ldpc_decoder_top:decoder|qc_llr_bank:llr_bank_inst|mem[31][48]                ;
; qc_ldpc_decoder_top:decoder|qc_llr_bank:llr_bank_inst|mem[31][51]               ; Merged with qc_ldpc_decoder_top:decoder|qc_llr_bank:llr_bank_inst|mem[31][48]                ;
; qc_ldpc_decoder_top:decoder|qc_llr_bank:llr_bank_inst|mem[31][52]               ; Merged with qc_ldpc_decoder_top:decoder|qc_llr_bank:llr_bank_inst|mem[31][48]                ;
; qc_ldpc_decoder_top:decoder|qc_llr_bank:llr_bank_inst|mem[31][54]               ; Merged with qc_ldpc_decoder_top:decoder|qc_llr_bank:llr_bank_inst|mem[31][48]                ;
; qc_ldpc_decoder_top:decoder|qc_llr_bank:llr_bank_inst|mem[32][49]               ; Merged with qc_ldpc_decoder_top:decoder|qc_llr_bank:llr_bank_inst|mem[32][48]                ;
; qc_ldpc_decoder_top:decoder|qc_llr_bank:llr_bank_inst|mem[32][50]               ; Merged with qc_ldpc_decoder_top:decoder|qc_llr_bank:llr_bank_inst|mem[32][48]                ;
; qc_ldpc_decoder_top:decoder|qc_llr_bank:llr_bank_inst|mem[32][51]               ; Merged with qc_ldpc_decoder_top:decoder|qc_llr_bank:llr_bank_inst|mem[32][48]                ;
; qc_ldpc_decoder_top:decoder|qc_llr_bank:llr_bank_inst|mem[32][52]               ; Merged with qc_ldpc_decoder_top:decoder|qc_llr_bank:llr_bank_inst|mem[32][48]                ;
; qc_ldpc_decoder_top:decoder|qc_llr_bank:llr_bank_inst|mem[32][54]               ; Merged with qc_ldpc_decoder_top:decoder|qc_llr_bank:llr_bank_inst|mem[32][48]                ;
; qc_ldpc_decoder_top:decoder|qc_llr_bank:llr_bank_inst|mem[33][49]               ; Merged with qc_ldpc_decoder_top:decoder|qc_llr_bank:llr_bank_inst|mem[33][48]                ;
; qc_ldpc_decoder_top:decoder|qc_llr_bank:llr_bank_inst|mem[33][50]               ; Merged with qc_ldpc_decoder_top:decoder|qc_llr_bank:llr_bank_inst|mem[33][48]                ;
; qc_ldpc_decoder_top:decoder|qc_llr_bank:llr_bank_inst|mem[33][51]               ; Merged with qc_ldpc_decoder_top:decoder|qc_llr_bank:llr_bank_inst|mem[33][48]                ;
; qc_ldpc_decoder_top:decoder|qc_llr_bank:llr_bank_inst|mem[33][52]               ; Merged with qc_ldpc_decoder_top:decoder|qc_llr_bank:llr_bank_inst|mem[33][48]                ;
; qc_ldpc_decoder_top:decoder|qc_llr_bank:llr_bank_inst|mem[33][54]               ; Merged with qc_ldpc_decoder_top:decoder|qc_llr_bank:llr_bank_inst|mem[33][48]                ;
; qc_ldpc_decoder_top:decoder|qc_llr_bank:llr_bank_inst|mem[34][49]               ; Merged with qc_ldpc_decoder_top:decoder|qc_llr_bank:llr_bank_inst|mem[34][48]                ;
; qc_ldpc_decoder_top:decoder|qc_llr_bank:llr_bank_inst|mem[34][50]               ; Merged with qc_ldpc_decoder_top:decoder|qc_llr_bank:llr_bank_inst|mem[34][48]                ;
; qc_ldpc_decoder_top:decoder|qc_llr_bank:llr_bank_inst|mem[34][51]               ; Merged with qc_ldpc_decoder_top:decoder|qc_llr_bank:llr_bank_inst|mem[34][48]                ;
; qc_ldpc_decoder_top:decoder|qc_llr_bank:llr_bank_inst|mem[34][52]               ; Merged with qc_ldpc_decoder_top:decoder|qc_llr_bank:llr_bank_inst|mem[34][48]                ;
; qc_ldpc_decoder_top:decoder|qc_llr_bank:llr_bank_inst|mem[34][54]               ; Merged with qc_ldpc_decoder_top:decoder|qc_llr_bank:llr_bank_inst|mem[34][48]                ;
; qc_ldpc_decoder_top:decoder|qc_llr_bank:llr_bank_inst|mem[35][49]               ; Merged with qc_ldpc_decoder_top:decoder|qc_llr_bank:llr_bank_inst|mem[35][48]                ;
; qc_ldpc_decoder_top:decoder|qc_llr_bank:llr_bank_inst|mem[35][50]               ; Merged with qc_ldpc_decoder_top:decoder|qc_llr_bank:llr_bank_inst|mem[35][48]                ;
; qc_ldpc_decoder_top:decoder|qc_llr_bank:llr_bank_inst|mem[35][51]               ; Merged with qc_ldpc_decoder_top:decoder|qc_llr_bank:llr_bank_inst|mem[35][48]                ;
; qc_ldpc_decoder_top:decoder|qc_llr_bank:llr_bank_inst|mem[35][52]               ; Merged with qc_ldpc_decoder_top:decoder|qc_llr_bank:llr_bank_inst|mem[35][48]                ;
; qc_ldpc_decoder_top:decoder|qc_llr_bank:llr_bank_inst|mem[35][54]               ; Merged with qc_ldpc_decoder_top:decoder|qc_llr_bank:llr_bank_inst|mem[35][48]                ;
; qc_ldpc_decoder_top:decoder|qc_llr_bank:llr_bank_inst|mem[36][49]               ; Merged with qc_ldpc_decoder_top:decoder|qc_llr_bank:llr_bank_inst|mem[36][48]                ;
; qc_ldpc_decoder_top:decoder|qc_llr_bank:llr_bank_inst|mem[36][50]               ; Merged with qc_ldpc_decoder_top:decoder|qc_llr_bank:llr_bank_inst|mem[36][48]                ;
; qc_ldpc_decoder_top:decoder|qc_llr_bank:llr_bank_inst|mem[36][51]               ; Merged with qc_ldpc_decoder_top:decoder|qc_llr_bank:llr_bank_inst|mem[36][48]                ;
; qc_ldpc_decoder_top:decoder|qc_llr_bank:llr_bank_inst|mem[36][52]               ; Merged with qc_ldpc_decoder_top:decoder|qc_llr_bank:llr_bank_inst|mem[36][48]                ;
; qc_ldpc_decoder_top:decoder|qc_llr_bank:llr_bank_inst|mem[36][54]               ; Merged with qc_ldpc_decoder_top:decoder|qc_llr_bank:llr_bank_inst|mem[36][48]                ;
; qc_ldpc_decoder_top:decoder|qc_llr_bank:llr_bank_inst|mem[37][49]               ; Merged with qc_ldpc_decoder_top:decoder|qc_llr_bank:llr_bank_inst|mem[37][48]                ;
; qc_ldpc_decoder_top:decoder|qc_llr_bank:llr_bank_inst|mem[37][50]               ; Merged with qc_ldpc_decoder_top:decoder|qc_llr_bank:llr_bank_inst|mem[37][48]                ;
; qc_ldpc_decoder_top:decoder|qc_llr_bank:llr_bank_inst|mem[37][51]               ; Merged with qc_ldpc_decoder_top:decoder|qc_llr_bank:llr_bank_inst|mem[37][48]                ;
; qc_ldpc_decoder_top:decoder|qc_llr_bank:llr_bank_inst|mem[37][52]               ; Merged with qc_ldpc_decoder_top:decoder|qc_llr_bank:llr_bank_inst|mem[37][48]                ;
; qc_ldpc_decoder_top:decoder|qc_llr_bank:llr_bank_inst|mem[37][54]               ; Merged with qc_ldpc_decoder_top:decoder|qc_llr_bank:llr_bank_inst|mem[37][48]                ;
; qc_ldpc_decoder_top:decoder|qc_llr_bank:llr_bank_inst|mem[38][49]               ; Merged with qc_ldpc_decoder_top:decoder|qc_llr_bank:llr_bank_inst|mem[38][48]                ;
; qc_ldpc_decoder_top:decoder|qc_llr_bank:llr_bank_inst|mem[38][50]               ; Merged with qc_ldpc_decoder_top:decoder|qc_llr_bank:llr_bank_inst|mem[38][48]                ;
; qc_ldpc_decoder_top:decoder|qc_llr_bank:llr_bank_inst|mem[38][51]               ; Merged with qc_ldpc_decoder_top:decoder|qc_llr_bank:llr_bank_inst|mem[38][48]                ;
; qc_ldpc_decoder_top:decoder|qc_llr_bank:llr_bank_inst|mem[38][52]               ; Merged with qc_ldpc_decoder_top:decoder|qc_llr_bank:llr_bank_inst|mem[38][48]                ;
; qc_ldpc_decoder_top:decoder|qc_llr_bank:llr_bank_inst|mem[38][54]               ; Merged with qc_ldpc_decoder_top:decoder|qc_llr_bank:llr_bank_inst|mem[38][48]                ;
; qc_ldpc_decoder_top:decoder|qc_llr_bank:llr_bank_inst|mem[39][49]               ; Merged with qc_ldpc_decoder_top:decoder|qc_llr_bank:llr_bank_inst|mem[39][48]                ;
; qc_ldpc_decoder_top:decoder|qc_llr_bank:llr_bank_inst|mem[39][50]               ; Merged with qc_ldpc_decoder_top:decoder|qc_llr_bank:llr_bank_inst|mem[39][48]                ;
; qc_ldpc_decoder_top:decoder|qc_llr_bank:llr_bank_inst|mem[39][51]               ; Merged with qc_ldpc_decoder_top:decoder|qc_llr_bank:llr_bank_inst|mem[39][48]                ;
; qc_ldpc_decoder_top:decoder|qc_llr_bank:llr_bank_inst|mem[39][52]               ; Merged with qc_ldpc_decoder_top:decoder|qc_llr_bank:llr_bank_inst|mem[39][48]                ;
; qc_ldpc_decoder_top:decoder|qc_llr_bank:llr_bank_inst|mem[39][54]               ; Merged with qc_ldpc_decoder_top:decoder|qc_llr_bank:llr_bank_inst|mem[39][48]                ;
; qc_ldpc_decoder_top:decoder|qc_llr_bank:llr_bank_inst|mem[40][49]               ; Merged with qc_ldpc_decoder_top:decoder|qc_llr_bank:llr_bank_inst|mem[40][48]                ;
; qc_ldpc_decoder_top:decoder|qc_llr_bank:llr_bank_inst|mem[40][50]               ; Merged with qc_ldpc_decoder_top:decoder|qc_llr_bank:llr_bank_inst|mem[40][48]                ;
; qc_ldpc_decoder_top:decoder|qc_llr_bank:llr_bank_inst|mem[40][51]               ; Merged with qc_ldpc_decoder_top:decoder|qc_llr_bank:llr_bank_inst|mem[40][48]                ;
; qc_ldpc_decoder_top:decoder|qc_llr_bank:llr_bank_inst|mem[40][52]               ; Merged with qc_ldpc_decoder_top:decoder|qc_llr_bank:llr_bank_inst|mem[40][48]                ;
; qc_ldpc_decoder_top:decoder|qc_llr_bank:llr_bank_inst|mem[40][54]               ; Merged with qc_ldpc_decoder_top:decoder|qc_llr_bank:llr_bank_inst|mem[40][48]                ;
; qc_ldpc_decoder_top:decoder|qc_llr_bank:llr_bank_inst|mem[41][49]               ; Merged with qc_ldpc_decoder_top:decoder|qc_llr_bank:llr_bank_inst|mem[41][48]                ;
; qc_ldpc_decoder_top:decoder|qc_llr_bank:llr_bank_inst|mem[41][50]               ; Merged with qc_ldpc_decoder_top:decoder|qc_llr_bank:llr_bank_inst|mem[41][48]                ;
; qc_ldpc_decoder_top:decoder|qc_llr_bank:llr_bank_inst|mem[41][51]               ; Merged with qc_ldpc_decoder_top:decoder|qc_llr_bank:llr_bank_inst|mem[41][48]                ;
; qc_ldpc_decoder_top:decoder|qc_llr_bank:llr_bank_inst|mem[41][52]               ; Merged with qc_ldpc_decoder_top:decoder|qc_llr_bank:llr_bank_inst|mem[41][48]                ;
; qc_ldpc_decoder_top:decoder|qc_llr_bank:llr_bank_inst|mem[41][54]               ; Merged with qc_ldpc_decoder_top:decoder|qc_llr_bank:llr_bank_inst|mem[41][48]                ;
; qc_ldpc_decoder_top:decoder|qc_llr_bank:llr_bank_inst|mem[42][49]               ; Merged with qc_ldpc_decoder_top:decoder|qc_llr_bank:llr_bank_inst|mem[42][48]                ;
; qc_ldpc_decoder_top:decoder|qc_llr_bank:llr_bank_inst|mem[42][50]               ; Merged with qc_ldpc_decoder_top:decoder|qc_llr_bank:llr_bank_inst|mem[42][48]                ;
; qc_ldpc_decoder_top:decoder|qc_llr_bank:llr_bank_inst|mem[42][51]               ; Merged with qc_ldpc_decoder_top:decoder|qc_llr_bank:llr_bank_inst|mem[42][48]                ;
; qc_ldpc_decoder_top:decoder|qc_llr_bank:llr_bank_inst|mem[42][52]               ; Merged with qc_ldpc_decoder_top:decoder|qc_llr_bank:llr_bank_inst|mem[42][48]                ;
; qc_ldpc_decoder_top:decoder|qc_llr_bank:llr_bank_inst|mem[42][54]               ; Merged with qc_ldpc_decoder_top:decoder|qc_llr_bank:llr_bank_inst|mem[42][48]                ;
; qc_ldpc_decoder_top:decoder|qc_llr_bank:llr_bank_inst|mem[43][49]               ; Merged with qc_ldpc_decoder_top:decoder|qc_llr_bank:llr_bank_inst|mem[43][48]                ;
; qc_ldpc_decoder_top:decoder|qc_llr_bank:llr_bank_inst|mem[43][50]               ; Merged with qc_ldpc_decoder_top:decoder|qc_llr_bank:llr_bank_inst|mem[43][48]                ;
; qc_ldpc_decoder_top:decoder|qc_llr_bank:llr_bank_inst|mem[43][51]               ; Merged with qc_ldpc_decoder_top:decoder|qc_llr_bank:llr_bank_inst|mem[43][48]                ;
; qc_ldpc_decoder_top:decoder|qc_llr_bank:llr_bank_inst|mem[43][52]               ; Merged with qc_ldpc_decoder_top:decoder|qc_llr_bank:llr_bank_inst|mem[43][48]                ;
; qc_ldpc_decoder_top:decoder|qc_llr_bank:llr_bank_inst|mem[43][54]               ; Merged with qc_ldpc_decoder_top:decoder|qc_llr_bank:llr_bank_inst|mem[43][48]                ;
; qc_ldpc_decoder_top:decoder|qc_llr_bank:llr_bank_inst|mem[44][49]               ; Merged with qc_ldpc_decoder_top:decoder|qc_llr_bank:llr_bank_inst|mem[44][48]                ;
; qc_ldpc_decoder_top:decoder|qc_llr_bank:llr_bank_inst|mem[44][50]               ; Merged with qc_ldpc_decoder_top:decoder|qc_llr_bank:llr_bank_inst|mem[44][48]                ;
; qc_ldpc_decoder_top:decoder|qc_llr_bank:llr_bank_inst|mem[44][51]               ; Merged with qc_ldpc_decoder_top:decoder|qc_llr_bank:llr_bank_inst|mem[44][48]                ;
; qc_ldpc_decoder_top:decoder|qc_llr_bank:llr_bank_inst|mem[44][52]               ; Merged with qc_ldpc_decoder_top:decoder|qc_llr_bank:llr_bank_inst|mem[44][48]                ;
; qc_ldpc_decoder_top:decoder|qc_llr_bank:llr_bank_inst|mem[44][54]               ; Merged with qc_ldpc_decoder_top:decoder|qc_llr_bank:llr_bank_inst|mem[44][48]                ;
; qc_ldpc_decoder_top:decoder|qc_llr_bank:llr_bank_inst|mem[45][49]               ; Merged with qc_ldpc_decoder_top:decoder|qc_llr_bank:llr_bank_inst|mem[45][48]                ;
; qc_ldpc_decoder_top:decoder|qc_llr_bank:llr_bank_inst|mem[45][50]               ; Merged with qc_ldpc_decoder_top:decoder|qc_llr_bank:llr_bank_inst|mem[45][48]                ;
; qc_ldpc_decoder_top:decoder|qc_llr_bank:llr_bank_inst|mem[45][51]               ; Merged with qc_ldpc_decoder_top:decoder|qc_llr_bank:llr_bank_inst|mem[45][48]                ;
; qc_ldpc_decoder_top:decoder|qc_llr_bank:llr_bank_inst|mem[45][52]               ; Merged with qc_ldpc_decoder_top:decoder|qc_llr_bank:llr_bank_inst|mem[45][48]                ;
; qc_ldpc_decoder_top:decoder|qc_llr_bank:llr_bank_inst|mem[45][54]               ; Merged with qc_ldpc_decoder_top:decoder|qc_llr_bank:llr_bank_inst|mem[45][48]                ;
; qc_ldpc_decoder_top:decoder|qc_llr_bank:llr_bank_inst|mem[46][49]               ; Merged with qc_ldpc_decoder_top:decoder|qc_llr_bank:llr_bank_inst|mem[46][48]                ;
; qc_ldpc_decoder_top:decoder|qc_llr_bank:llr_bank_inst|mem[46][50]               ; Merged with qc_ldpc_decoder_top:decoder|qc_llr_bank:llr_bank_inst|mem[46][48]                ;
; qc_ldpc_decoder_top:decoder|qc_llr_bank:llr_bank_inst|mem[46][51]               ; Merged with qc_ldpc_decoder_top:decoder|qc_llr_bank:llr_bank_inst|mem[46][48]                ;
; qc_ldpc_decoder_top:decoder|qc_llr_bank:llr_bank_inst|mem[46][52]               ; Merged with qc_ldpc_decoder_top:decoder|qc_llr_bank:llr_bank_inst|mem[46][48]                ;
; qc_ldpc_decoder_top:decoder|qc_llr_bank:llr_bank_inst|mem[46][54]               ; Merged with qc_ldpc_decoder_top:decoder|qc_llr_bank:llr_bank_inst|mem[46][48]                ;
; qc_ldpc_decoder_top:decoder|qc_llr_bank:llr_bank_inst|mem[47][49]               ; Merged with qc_ldpc_decoder_top:decoder|qc_llr_bank:llr_bank_inst|mem[47][48]                ;
; qc_ldpc_decoder_top:decoder|qc_llr_bank:llr_bank_inst|mem[47][50]               ; Merged with qc_ldpc_decoder_top:decoder|qc_llr_bank:llr_bank_inst|mem[47][48]                ;
; qc_ldpc_decoder_top:decoder|qc_llr_bank:llr_bank_inst|mem[47][51]               ; Merged with qc_ldpc_decoder_top:decoder|qc_llr_bank:llr_bank_inst|mem[47][48]                ;
; qc_ldpc_decoder_top:decoder|qc_llr_bank:llr_bank_inst|mem[47][52]               ; Merged with qc_ldpc_decoder_top:decoder|qc_llr_bank:llr_bank_inst|mem[47][48]                ;
; qc_ldpc_decoder_top:decoder|qc_llr_bank:llr_bank_inst|mem[47][54]               ; Merged with qc_ldpc_decoder_top:decoder|qc_llr_bank:llr_bank_inst|mem[47][48]                ;
; qc_ldpc_decoder_top:decoder|qc_llr_bank:llr_bank_inst|mem[48][49]               ; Merged with qc_ldpc_decoder_top:decoder|qc_llr_bank:llr_bank_inst|mem[48][48]                ;
; qc_ldpc_decoder_top:decoder|qc_llr_bank:llr_bank_inst|mem[48][50]               ; Merged with qc_ldpc_decoder_top:decoder|qc_llr_bank:llr_bank_inst|mem[48][48]                ;
; qc_ldpc_decoder_top:decoder|qc_llr_bank:llr_bank_inst|mem[48][51]               ; Merged with qc_ldpc_decoder_top:decoder|qc_llr_bank:llr_bank_inst|mem[48][48]                ;
; qc_ldpc_decoder_top:decoder|qc_llr_bank:llr_bank_inst|mem[48][52]               ; Merged with qc_ldpc_decoder_top:decoder|qc_llr_bank:llr_bank_inst|mem[48][48]                ;
; qc_ldpc_decoder_top:decoder|qc_llr_bank:llr_bank_inst|mem[48][54]               ; Merged with qc_ldpc_decoder_top:decoder|qc_llr_bank:llr_bank_inst|mem[48][48]                ;
; qc_ldpc_decoder_top:decoder|qc_llr_bank:llr_bank_inst|mem[49][49]               ; Merged with qc_ldpc_decoder_top:decoder|qc_llr_bank:llr_bank_inst|mem[49][48]                ;
; qc_ldpc_decoder_top:decoder|qc_llr_bank:llr_bank_inst|mem[49][50]               ; Merged with qc_ldpc_decoder_top:decoder|qc_llr_bank:llr_bank_inst|mem[49][48]                ;
; qc_ldpc_decoder_top:decoder|qc_llr_bank:llr_bank_inst|mem[49][51]               ; Merged with qc_ldpc_decoder_top:decoder|qc_llr_bank:llr_bank_inst|mem[49][48]                ;
; qc_ldpc_decoder_top:decoder|qc_llr_bank:llr_bank_inst|mem[49][52]               ; Merged with qc_ldpc_decoder_top:decoder|qc_llr_bank:llr_bank_inst|mem[49][48]                ;
; qc_ldpc_decoder_top:decoder|qc_llr_bank:llr_bank_inst|mem[49][54]               ; Merged with qc_ldpc_decoder_top:decoder|qc_llr_bank:llr_bank_inst|mem[49][48]                ;
; qc_ldpc_decoder_top:decoder|qc_llr_bank:llr_bank_inst|mem[50][49]               ; Merged with qc_ldpc_decoder_top:decoder|qc_llr_bank:llr_bank_inst|mem[50][48]                ;
; qc_ldpc_decoder_top:decoder|qc_llr_bank:llr_bank_inst|mem[50][50]               ; Merged with qc_ldpc_decoder_top:decoder|qc_llr_bank:llr_bank_inst|mem[50][48]                ;
; qc_ldpc_decoder_top:decoder|qc_llr_bank:llr_bank_inst|mem[50][51]               ; Merged with qc_ldpc_decoder_top:decoder|qc_llr_bank:llr_bank_inst|mem[50][48]                ;
; qc_ldpc_decoder_top:decoder|qc_llr_bank:llr_bank_inst|mem[50][52]               ; Merged with qc_ldpc_decoder_top:decoder|qc_llr_bank:llr_bank_inst|mem[50][48]                ;
; qc_ldpc_decoder_top:decoder|qc_llr_bank:llr_bank_inst|mem[50][54]               ; Merged with qc_ldpc_decoder_top:decoder|qc_llr_bank:llr_bank_inst|mem[50][48]                ;
; qc_ldpc_decoder_top:decoder|qc_llr_bank:llr_bank_inst|mem[51][49]               ; Merged with qc_ldpc_decoder_top:decoder|qc_llr_bank:llr_bank_inst|mem[51][48]                ;
; qc_ldpc_decoder_top:decoder|qc_llr_bank:llr_bank_inst|mem[51][50]               ; Merged with qc_ldpc_decoder_top:decoder|qc_llr_bank:llr_bank_inst|mem[51][48]                ;
; qc_ldpc_decoder_top:decoder|qc_llr_bank:llr_bank_inst|mem[51][51]               ; Merged with qc_ldpc_decoder_top:decoder|qc_llr_bank:llr_bank_inst|mem[51][48]                ;
; qc_ldpc_decoder_top:decoder|qc_llr_bank:llr_bank_inst|mem[51][52]               ; Merged with qc_ldpc_decoder_top:decoder|qc_llr_bank:llr_bank_inst|mem[51][48]                ;
; qc_ldpc_decoder_top:decoder|qc_llr_bank:llr_bank_inst|mem[51][54]               ; Merged with qc_ldpc_decoder_top:decoder|qc_llr_bank:llr_bank_inst|mem[51][48]                ;
; qc_ldpc_decoder_top:decoder|qc_llr_bank:llr_bank_inst|mem[52][49]               ; Merged with qc_ldpc_decoder_top:decoder|qc_llr_bank:llr_bank_inst|mem[52][48]                ;
; qc_ldpc_decoder_top:decoder|qc_llr_bank:llr_bank_inst|mem[52][50]               ; Merged with qc_ldpc_decoder_top:decoder|qc_llr_bank:llr_bank_inst|mem[52][48]                ;
; qc_ldpc_decoder_top:decoder|qc_llr_bank:llr_bank_inst|mem[52][51]               ; Merged with qc_ldpc_decoder_top:decoder|qc_llr_bank:llr_bank_inst|mem[52][48]                ;
; qc_ldpc_decoder_top:decoder|qc_llr_bank:llr_bank_inst|mem[52][52]               ; Merged with qc_ldpc_decoder_top:decoder|qc_llr_bank:llr_bank_inst|mem[52][48]                ;
; qc_ldpc_decoder_top:decoder|qc_llr_bank:llr_bank_inst|mem[52][54]               ; Merged with qc_ldpc_decoder_top:decoder|qc_llr_bank:llr_bank_inst|mem[52][48]                ;
; qc_ldpc_decoder_top:decoder|qc_llr_bank:llr_bank_inst|mem[53][49]               ; Merged with qc_ldpc_decoder_top:decoder|qc_llr_bank:llr_bank_inst|mem[53][48]                ;
; qc_ldpc_decoder_top:decoder|qc_llr_bank:llr_bank_inst|mem[53][50]               ; Merged with qc_ldpc_decoder_top:decoder|qc_llr_bank:llr_bank_inst|mem[53][48]                ;
; qc_ldpc_decoder_top:decoder|qc_llr_bank:llr_bank_inst|mem[53][51]               ; Merged with qc_ldpc_decoder_top:decoder|qc_llr_bank:llr_bank_inst|mem[53][48]                ;
; qc_ldpc_decoder_top:decoder|qc_llr_bank:llr_bank_inst|mem[53][52]               ; Merged with qc_ldpc_decoder_top:decoder|qc_llr_bank:llr_bank_inst|mem[53][48]                ;
; qc_ldpc_decoder_top:decoder|qc_llr_bank:llr_bank_inst|mem[53][54]               ; Merged with qc_ldpc_decoder_top:decoder|qc_llr_bank:llr_bank_inst|mem[53][48]                ;
; qc_ldpc_decoder_top:decoder|qc_llr_bank:llr_bank_inst|mem[54][49]               ; Merged with qc_ldpc_decoder_top:decoder|qc_llr_bank:llr_bank_inst|mem[54][48]                ;
; qc_ldpc_decoder_top:decoder|qc_llr_bank:llr_bank_inst|mem[54][50]               ; Merged with qc_ldpc_decoder_top:decoder|qc_llr_bank:llr_bank_inst|mem[54][48]                ;
; qc_ldpc_decoder_top:decoder|qc_llr_bank:llr_bank_inst|mem[54][51]               ; Merged with qc_ldpc_decoder_top:decoder|qc_llr_bank:llr_bank_inst|mem[54][48]                ;
; qc_ldpc_decoder_top:decoder|qc_llr_bank:llr_bank_inst|mem[54][52]               ; Merged with qc_ldpc_decoder_top:decoder|qc_llr_bank:llr_bank_inst|mem[54][48]                ;
; qc_ldpc_decoder_top:decoder|qc_llr_bank:llr_bank_inst|mem[54][54]               ; Merged with qc_ldpc_decoder_top:decoder|qc_llr_bank:llr_bank_inst|mem[54][48]                ;
; qc_ldpc_decoder_top:decoder|qc_llr_bank:llr_bank_inst|mem[55][49]               ; Merged with qc_ldpc_decoder_top:decoder|qc_llr_bank:llr_bank_inst|mem[55][48]                ;
; qc_ldpc_decoder_top:decoder|qc_llr_bank:llr_bank_inst|mem[55][50]               ; Merged with qc_ldpc_decoder_top:decoder|qc_llr_bank:llr_bank_inst|mem[55][48]                ;
; qc_ldpc_decoder_top:decoder|qc_llr_bank:llr_bank_inst|mem[55][51]               ; Merged with qc_ldpc_decoder_top:decoder|qc_llr_bank:llr_bank_inst|mem[55][48]                ;
; qc_ldpc_decoder_top:decoder|qc_llr_bank:llr_bank_inst|mem[55][52]               ; Merged with qc_ldpc_decoder_top:decoder|qc_llr_bank:llr_bank_inst|mem[55][48]                ;
; qc_ldpc_decoder_top:decoder|qc_llr_bank:llr_bank_inst|mem[55][54]               ; Merged with qc_ldpc_decoder_top:decoder|qc_llr_bank:llr_bank_inst|mem[55][48]                ;
; qc_ldpc_decoder_top:decoder|qc_llr_bank:llr_bank_inst|mem[56][49]               ; Merged with qc_ldpc_decoder_top:decoder|qc_llr_bank:llr_bank_inst|mem[56][48]                ;
; qc_ldpc_decoder_top:decoder|qc_llr_bank:llr_bank_inst|mem[56][50]               ; Merged with qc_ldpc_decoder_top:decoder|qc_llr_bank:llr_bank_inst|mem[56][48]                ;
; qc_ldpc_decoder_top:decoder|qc_llr_bank:llr_bank_inst|mem[56][51]               ; Merged with qc_ldpc_decoder_top:decoder|qc_llr_bank:llr_bank_inst|mem[56][48]                ;
; qc_ldpc_decoder_top:decoder|qc_llr_bank:llr_bank_inst|mem[56][52]               ; Merged with qc_ldpc_decoder_top:decoder|qc_llr_bank:llr_bank_inst|mem[56][48]                ;
; qc_ldpc_decoder_top:decoder|qc_llr_bank:llr_bank_inst|mem[56][54]               ; Merged with qc_ldpc_decoder_top:decoder|qc_llr_bank:llr_bank_inst|mem[56][48]                ;
; qc_ldpc_decoder_top:decoder|qc_llr_bank:llr_bank_inst|mem[57][49]               ; Merged with qc_ldpc_decoder_top:decoder|qc_llr_bank:llr_bank_inst|mem[57][48]                ;
; qc_ldpc_decoder_top:decoder|qc_llr_bank:llr_bank_inst|mem[57][50]               ; Merged with qc_ldpc_decoder_top:decoder|qc_llr_bank:llr_bank_inst|mem[57][48]                ;
; qc_ldpc_decoder_top:decoder|qc_llr_bank:llr_bank_inst|mem[57][51]               ; Merged with qc_ldpc_decoder_top:decoder|qc_llr_bank:llr_bank_inst|mem[57][48]                ;
; qc_ldpc_decoder_top:decoder|qc_llr_bank:llr_bank_inst|mem[57][52]               ; Merged with qc_ldpc_decoder_top:decoder|qc_llr_bank:llr_bank_inst|mem[57][48]                ;
; qc_ldpc_decoder_top:decoder|qc_llr_bank:llr_bank_inst|mem[57][54]               ; Merged with qc_ldpc_decoder_top:decoder|qc_llr_bank:llr_bank_inst|mem[57][48]                ;
; qc_ldpc_decoder_top:decoder|qc_llr_bank:llr_bank_inst|mem[58][49]               ; Merged with qc_ldpc_decoder_top:decoder|qc_llr_bank:llr_bank_inst|mem[58][48]                ;
; qc_ldpc_decoder_top:decoder|qc_llr_bank:llr_bank_inst|mem[58][50]               ; Merged with qc_ldpc_decoder_top:decoder|qc_llr_bank:llr_bank_inst|mem[58][48]                ;
; qc_ldpc_decoder_top:decoder|qc_llr_bank:llr_bank_inst|mem[58][51]               ; Merged with qc_ldpc_decoder_top:decoder|qc_llr_bank:llr_bank_inst|mem[58][48]                ;
; qc_ldpc_decoder_top:decoder|qc_llr_bank:llr_bank_inst|mem[58][52]               ; Merged with qc_ldpc_decoder_top:decoder|qc_llr_bank:llr_bank_inst|mem[58][48]                ;
; qc_ldpc_decoder_top:decoder|qc_llr_bank:llr_bank_inst|mem[58][54]               ; Merged with qc_ldpc_decoder_top:decoder|qc_llr_bank:llr_bank_inst|mem[58][48]                ;
; qc_ldpc_decoder_top:decoder|qc_llr_bank:llr_bank_inst|mem[59][49]               ; Merged with qc_ldpc_decoder_top:decoder|qc_llr_bank:llr_bank_inst|mem[59][48]                ;
; qc_ldpc_decoder_top:decoder|qc_llr_bank:llr_bank_inst|mem[59][50]               ; Merged with qc_ldpc_decoder_top:decoder|qc_llr_bank:llr_bank_inst|mem[59][48]                ;
; qc_ldpc_decoder_top:decoder|qc_llr_bank:llr_bank_inst|mem[59][51]               ; Merged with qc_ldpc_decoder_top:decoder|qc_llr_bank:llr_bank_inst|mem[59][48]                ;
; qc_ldpc_decoder_top:decoder|qc_llr_bank:llr_bank_inst|mem[59][52]               ; Merged with qc_ldpc_decoder_top:decoder|qc_llr_bank:llr_bank_inst|mem[59][48]                ;
; qc_ldpc_decoder_top:decoder|qc_llr_bank:llr_bank_inst|mem[59][54]               ; Merged with qc_ldpc_decoder_top:decoder|qc_llr_bank:llr_bank_inst|mem[59][48]                ;
; qc_ldpc_decoder_top:decoder|qc_llr_bank:llr_bank_inst|mem[60][49]               ; Merged with qc_ldpc_decoder_top:decoder|qc_llr_bank:llr_bank_inst|mem[60][48]                ;
; qc_ldpc_decoder_top:decoder|qc_llr_bank:llr_bank_inst|mem[60][50]               ; Merged with qc_ldpc_decoder_top:decoder|qc_llr_bank:llr_bank_inst|mem[60][48]                ;
; qc_ldpc_decoder_top:decoder|qc_llr_bank:llr_bank_inst|mem[60][51]               ; Merged with qc_ldpc_decoder_top:decoder|qc_llr_bank:llr_bank_inst|mem[60][48]                ;
; qc_ldpc_decoder_top:decoder|qc_llr_bank:llr_bank_inst|mem[60][52]               ; Merged with qc_ldpc_decoder_top:decoder|qc_llr_bank:llr_bank_inst|mem[60][48]                ;
; qc_ldpc_decoder_top:decoder|qc_llr_bank:llr_bank_inst|mem[60][54]               ; Merged with qc_ldpc_decoder_top:decoder|qc_llr_bank:llr_bank_inst|mem[60][48]                ;
; qc_ldpc_decoder_top:decoder|qc_llr_bank:llr_bank_inst|mem[61][49]               ; Merged with qc_ldpc_decoder_top:decoder|qc_llr_bank:llr_bank_inst|mem[61][48]                ;
; qc_ldpc_decoder_top:decoder|qc_llr_bank:llr_bank_inst|mem[61][50]               ; Merged with qc_ldpc_decoder_top:decoder|qc_llr_bank:llr_bank_inst|mem[61][48]                ;
; qc_ldpc_decoder_top:decoder|qc_llr_bank:llr_bank_inst|mem[61][51]               ; Merged with qc_ldpc_decoder_top:decoder|qc_llr_bank:llr_bank_inst|mem[61][48]                ;
; qc_ldpc_decoder_top:decoder|qc_llr_bank:llr_bank_inst|mem[61][52]               ; Merged with qc_ldpc_decoder_top:decoder|qc_llr_bank:llr_bank_inst|mem[61][48]                ;
; qc_ldpc_decoder_top:decoder|qc_llr_bank:llr_bank_inst|mem[61][54]               ; Merged with qc_ldpc_decoder_top:decoder|qc_llr_bank:llr_bank_inst|mem[61][48]                ;
; qc_ldpc_decoder_top:decoder|qc_llr_bank:llr_bank_inst|mem[62][49]               ; Merged with qc_ldpc_decoder_top:decoder|qc_llr_bank:llr_bank_inst|mem[62][48]                ;
; qc_ldpc_decoder_top:decoder|qc_llr_bank:llr_bank_inst|mem[62][50]               ; Merged with qc_ldpc_decoder_top:decoder|qc_llr_bank:llr_bank_inst|mem[62][48]                ;
; qc_ldpc_decoder_top:decoder|qc_llr_bank:llr_bank_inst|mem[62][51]               ; Merged with qc_ldpc_decoder_top:decoder|qc_llr_bank:llr_bank_inst|mem[62][48]                ;
; qc_ldpc_decoder_top:decoder|qc_llr_bank:llr_bank_inst|mem[62][52]               ; Merged with qc_ldpc_decoder_top:decoder|qc_llr_bank:llr_bank_inst|mem[62][48]                ;
; qc_ldpc_decoder_top:decoder|qc_llr_bank:llr_bank_inst|mem[62][54]               ; Merged with qc_ldpc_decoder_top:decoder|qc_llr_bank:llr_bank_inst|mem[62][48]                ;
; qc_ldpc_decoder_top:decoder|qc_llr_bank:llr_bank_inst|mem[63][49]               ; Merged with qc_ldpc_decoder_top:decoder|qc_llr_bank:llr_bank_inst|mem[63][48]                ;
; qc_ldpc_decoder_top:decoder|qc_llr_bank:llr_bank_inst|mem[63][50]               ; Merged with qc_ldpc_decoder_top:decoder|qc_llr_bank:llr_bank_inst|mem[63][48]                ;
; qc_ldpc_decoder_top:decoder|qc_llr_bank:llr_bank_inst|mem[63][51]               ; Merged with qc_ldpc_decoder_top:decoder|qc_llr_bank:llr_bank_inst|mem[63][48]                ;
; qc_ldpc_decoder_top:decoder|qc_llr_bank:llr_bank_inst|mem[63][52]               ; Merged with qc_ldpc_decoder_top:decoder|qc_llr_bank:llr_bank_inst|mem[63][48]                ;
; qc_ldpc_decoder_top:decoder|qc_llr_bank:llr_bank_inst|mem[63][54]               ; Merged with qc_ldpc_decoder_top:decoder|qc_llr_bank:llr_bank_inst|mem[63][48]                ;
; qc_ldpc_decoder_top:decoder|qc_llr_bank:llr_bank_inst|mem[0][17]                ; Merged with qc_ldpc_decoder_top:decoder|qc_llr_bank:llr_bank_inst|mem[0][16]                 ;
; qc_ldpc_decoder_top:decoder|qc_llr_bank:llr_bank_inst|mem[0][18]                ; Merged with qc_ldpc_decoder_top:decoder|qc_llr_bank:llr_bank_inst|mem[0][16]                 ;
; qc_ldpc_decoder_top:decoder|qc_llr_bank:llr_bank_inst|mem[0][19]                ; Merged with qc_ldpc_decoder_top:decoder|qc_llr_bank:llr_bank_inst|mem[0][16]                 ;
; qc_ldpc_decoder_top:decoder|qc_llr_bank:llr_bank_inst|mem[0][20]                ; Merged with qc_ldpc_decoder_top:decoder|qc_llr_bank:llr_bank_inst|mem[0][16]                 ;
; qc_ldpc_decoder_top:decoder|qc_llr_bank:llr_bank_inst|mem[0][22]                ; Merged with qc_ldpc_decoder_top:decoder|qc_llr_bank:llr_bank_inst|mem[0][16]                 ;
; qc_ldpc_decoder_top:decoder|qc_llr_bank:llr_bank_inst|mem[1][17]                ; Merged with qc_ldpc_decoder_top:decoder|qc_llr_bank:llr_bank_inst|mem[1][16]                 ;
; qc_ldpc_decoder_top:decoder|qc_llr_bank:llr_bank_inst|mem[1][18]                ; Merged with qc_ldpc_decoder_top:decoder|qc_llr_bank:llr_bank_inst|mem[1][16]                 ;
; qc_ldpc_decoder_top:decoder|qc_llr_bank:llr_bank_inst|mem[1][19]                ; Merged with qc_ldpc_decoder_top:decoder|qc_llr_bank:llr_bank_inst|mem[1][16]                 ;
; qc_ldpc_decoder_top:decoder|qc_llr_bank:llr_bank_inst|mem[1][20]                ; Merged with qc_ldpc_decoder_top:decoder|qc_llr_bank:llr_bank_inst|mem[1][16]                 ;
; qc_ldpc_decoder_top:decoder|qc_llr_bank:llr_bank_inst|mem[1][22]                ; Merged with qc_ldpc_decoder_top:decoder|qc_llr_bank:llr_bank_inst|mem[1][16]                 ;
; qc_ldpc_decoder_top:decoder|qc_llr_bank:llr_bank_inst|mem[2][17]                ; Merged with qc_ldpc_decoder_top:decoder|qc_llr_bank:llr_bank_inst|mem[2][16]                 ;
; qc_ldpc_decoder_top:decoder|qc_llr_bank:llr_bank_inst|mem[2][18]                ; Merged with qc_ldpc_decoder_top:decoder|qc_llr_bank:llr_bank_inst|mem[2][16]                 ;
; qc_ldpc_decoder_top:decoder|qc_llr_bank:llr_bank_inst|mem[2][19]                ; Merged with qc_ldpc_decoder_top:decoder|qc_llr_bank:llr_bank_inst|mem[2][16]                 ;
; qc_ldpc_decoder_top:decoder|qc_llr_bank:llr_bank_inst|mem[2][20]                ; Merged with qc_ldpc_decoder_top:decoder|qc_llr_bank:llr_bank_inst|mem[2][16]                 ;
; qc_ldpc_decoder_top:decoder|qc_llr_bank:llr_bank_inst|mem[2][22]                ; Merged with qc_ldpc_decoder_top:decoder|qc_llr_bank:llr_bank_inst|mem[2][16]                 ;
; qc_ldpc_decoder_top:decoder|qc_llr_bank:llr_bank_inst|mem[3][17]                ; Merged with qc_ldpc_decoder_top:decoder|qc_llr_bank:llr_bank_inst|mem[3][16]                 ;
; qc_ldpc_decoder_top:decoder|qc_llr_bank:llr_bank_inst|mem[3][18]                ; Merged with qc_ldpc_decoder_top:decoder|qc_llr_bank:llr_bank_inst|mem[3][16]                 ;
; qc_ldpc_decoder_top:decoder|qc_llr_bank:llr_bank_inst|mem[3][19]                ; Merged with qc_ldpc_decoder_top:decoder|qc_llr_bank:llr_bank_inst|mem[3][16]                 ;
; qc_ldpc_decoder_top:decoder|qc_llr_bank:llr_bank_inst|mem[3][20]                ; Merged with qc_ldpc_decoder_top:decoder|qc_llr_bank:llr_bank_inst|mem[3][16]                 ;
; qc_ldpc_decoder_top:decoder|qc_llr_bank:llr_bank_inst|mem[3][22]                ; Merged with qc_ldpc_decoder_top:decoder|qc_llr_bank:llr_bank_inst|mem[3][16]                 ;
; qc_ldpc_decoder_top:decoder|qc_llr_bank:llr_bank_inst|mem[4][17]                ; Merged with qc_ldpc_decoder_top:decoder|qc_llr_bank:llr_bank_inst|mem[4][16]                 ;
; qc_ldpc_decoder_top:decoder|qc_llr_bank:llr_bank_inst|mem[4][18]                ; Merged with qc_ldpc_decoder_top:decoder|qc_llr_bank:llr_bank_inst|mem[4][16]                 ;
; qc_ldpc_decoder_top:decoder|qc_llr_bank:llr_bank_inst|mem[4][19]                ; Merged with qc_ldpc_decoder_top:decoder|qc_llr_bank:llr_bank_inst|mem[4][16]                 ;
; qc_ldpc_decoder_top:decoder|qc_llr_bank:llr_bank_inst|mem[4][20]                ; Merged with qc_ldpc_decoder_top:decoder|qc_llr_bank:llr_bank_inst|mem[4][16]                 ;
; qc_ldpc_decoder_top:decoder|qc_llr_bank:llr_bank_inst|mem[4][22]                ; Merged with qc_ldpc_decoder_top:decoder|qc_llr_bank:llr_bank_inst|mem[4][16]                 ;
; qc_ldpc_decoder_top:decoder|qc_llr_bank:llr_bank_inst|mem[5][17]                ; Merged with qc_ldpc_decoder_top:decoder|qc_llr_bank:llr_bank_inst|mem[5][16]                 ;
; qc_ldpc_decoder_top:decoder|qc_llr_bank:llr_bank_inst|mem[5][18]                ; Merged with qc_ldpc_decoder_top:decoder|qc_llr_bank:llr_bank_inst|mem[5][16]                 ;
; qc_ldpc_decoder_top:decoder|qc_llr_bank:llr_bank_inst|mem[5][19]                ; Merged with qc_ldpc_decoder_top:decoder|qc_llr_bank:llr_bank_inst|mem[5][16]                 ;
; qc_ldpc_decoder_top:decoder|qc_llr_bank:llr_bank_inst|mem[5][20]                ; Merged with qc_ldpc_decoder_top:decoder|qc_llr_bank:llr_bank_inst|mem[5][16]                 ;
; qc_ldpc_decoder_top:decoder|qc_llr_bank:llr_bank_inst|mem[5][22]                ; Merged with qc_ldpc_decoder_top:decoder|qc_llr_bank:llr_bank_inst|mem[5][16]                 ;
; qc_ldpc_decoder_top:decoder|qc_llr_bank:llr_bank_inst|mem[6][17]                ; Merged with qc_ldpc_decoder_top:decoder|qc_llr_bank:llr_bank_inst|mem[6][16]                 ;
; qc_ldpc_decoder_top:decoder|qc_llr_bank:llr_bank_inst|mem[6][18]                ; Merged with qc_ldpc_decoder_top:decoder|qc_llr_bank:llr_bank_inst|mem[6][16]                 ;
; qc_ldpc_decoder_top:decoder|qc_llr_bank:llr_bank_inst|mem[6][19]                ; Merged with qc_ldpc_decoder_top:decoder|qc_llr_bank:llr_bank_inst|mem[6][16]                 ;
; qc_ldpc_decoder_top:decoder|qc_llr_bank:llr_bank_inst|mem[6][20]                ; Merged with qc_ldpc_decoder_top:decoder|qc_llr_bank:llr_bank_inst|mem[6][16]                 ;
; qc_ldpc_decoder_top:decoder|qc_llr_bank:llr_bank_inst|mem[6][22]                ; Merged with qc_ldpc_decoder_top:decoder|qc_llr_bank:llr_bank_inst|mem[6][16]                 ;
; qc_ldpc_decoder_top:decoder|qc_llr_bank:llr_bank_inst|mem[7][17]                ; Merged with qc_ldpc_decoder_top:decoder|qc_llr_bank:llr_bank_inst|mem[7][16]                 ;
; qc_ldpc_decoder_top:decoder|qc_llr_bank:llr_bank_inst|mem[7][18]                ; Merged with qc_ldpc_decoder_top:decoder|qc_llr_bank:llr_bank_inst|mem[7][16]                 ;
; qc_ldpc_decoder_top:decoder|qc_llr_bank:llr_bank_inst|mem[7][19]                ; Merged with qc_ldpc_decoder_top:decoder|qc_llr_bank:llr_bank_inst|mem[7][16]                 ;
; qc_ldpc_decoder_top:decoder|qc_llr_bank:llr_bank_inst|mem[7][20]                ; Merged with qc_ldpc_decoder_top:decoder|qc_llr_bank:llr_bank_inst|mem[7][16]                 ;
; qc_ldpc_decoder_top:decoder|qc_llr_bank:llr_bank_inst|mem[7][22]                ; Merged with qc_ldpc_decoder_top:decoder|qc_llr_bank:llr_bank_inst|mem[7][16]                 ;
; qc_ldpc_decoder_top:decoder|qc_llr_bank:llr_bank_inst|mem[8][17]                ; Merged with qc_ldpc_decoder_top:decoder|qc_llr_bank:llr_bank_inst|mem[8][16]                 ;
; qc_ldpc_decoder_top:decoder|qc_llr_bank:llr_bank_inst|mem[8][18]                ; Merged with qc_ldpc_decoder_top:decoder|qc_llr_bank:llr_bank_inst|mem[8][16]                 ;
; qc_ldpc_decoder_top:decoder|qc_llr_bank:llr_bank_inst|mem[8][19]                ; Merged with qc_ldpc_decoder_top:decoder|qc_llr_bank:llr_bank_inst|mem[8][16]                 ;
; qc_ldpc_decoder_top:decoder|qc_llr_bank:llr_bank_inst|mem[8][20]                ; Merged with qc_ldpc_decoder_top:decoder|qc_llr_bank:llr_bank_inst|mem[8][16]                 ;
; qc_ldpc_decoder_top:decoder|qc_llr_bank:llr_bank_inst|mem[8][22]                ; Merged with qc_ldpc_decoder_top:decoder|qc_llr_bank:llr_bank_inst|mem[8][16]                 ;
; qc_ldpc_decoder_top:decoder|qc_llr_bank:llr_bank_inst|mem[9][17]                ; Merged with qc_ldpc_decoder_top:decoder|qc_llr_bank:llr_bank_inst|mem[9][16]                 ;
; qc_ldpc_decoder_top:decoder|qc_llr_bank:llr_bank_inst|mem[9][18]                ; Merged with qc_ldpc_decoder_top:decoder|qc_llr_bank:llr_bank_inst|mem[9][16]                 ;
; qc_ldpc_decoder_top:decoder|qc_llr_bank:llr_bank_inst|mem[9][19]                ; Merged with qc_ldpc_decoder_top:decoder|qc_llr_bank:llr_bank_inst|mem[9][16]                 ;
; qc_ldpc_decoder_top:decoder|qc_llr_bank:llr_bank_inst|mem[9][20]                ; Merged with qc_ldpc_decoder_top:decoder|qc_llr_bank:llr_bank_inst|mem[9][16]                 ;
; qc_ldpc_decoder_top:decoder|qc_llr_bank:llr_bank_inst|mem[9][22]                ; Merged with qc_ldpc_decoder_top:decoder|qc_llr_bank:llr_bank_inst|mem[9][16]                 ;
; qc_ldpc_decoder_top:decoder|qc_llr_bank:llr_bank_inst|mem[10][17]               ; Merged with qc_ldpc_decoder_top:decoder|qc_llr_bank:llr_bank_inst|mem[10][16]                ;
; qc_ldpc_decoder_top:decoder|qc_llr_bank:llr_bank_inst|mem[10][18]               ; Merged with qc_ldpc_decoder_top:decoder|qc_llr_bank:llr_bank_inst|mem[10][16]                ;
; qc_ldpc_decoder_top:decoder|qc_llr_bank:llr_bank_inst|mem[10][19]               ; Merged with qc_ldpc_decoder_top:decoder|qc_llr_bank:llr_bank_inst|mem[10][16]                ;
; qc_ldpc_decoder_top:decoder|qc_llr_bank:llr_bank_inst|mem[10][20]               ; Merged with qc_ldpc_decoder_top:decoder|qc_llr_bank:llr_bank_inst|mem[10][16]                ;
; qc_ldpc_decoder_top:decoder|qc_llr_bank:llr_bank_inst|mem[10][22]               ; Merged with qc_ldpc_decoder_top:decoder|qc_llr_bank:llr_bank_inst|mem[10][16]                ;
; qc_ldpc_decoder_top:decoder|qc_llr_bank:llr_bank_inst|mem[11][17]               ; Merged with qc_ldpc_decoder_top:decoder|qc_llr_bank:llr_bank_inst|mem[11][16]                ;
; qc_ldpc_decoder_top:decoder|qc_llr_bank:llr_bank_inst|mem[11][18]               ; Merged with qc_ldpc_decoder_top:decoder|qc_llr_bank:llr_bank_inst|mem[11][16]                ;
; qc_ldpc_decoder_top:decoder|qc_llr_bank:llr_bank_inst|mem[11][19]               ; Merged with qc_ldpc_decoder_top:decoder|qc_llr_bank:llr_bank_inst|mem[11][16]                ;
; qc_ldpc_decoder_top:decoder|qc_llr_bank:llr_bank_inst|mem[11][20]               ; Merged with qc_ldpc_decoder_top:decoder|qc_llr_bank:llr_bank_inst|mem[11][16]                ;
; qc_ldpc_decoder_top:decoder|qc_llr_bank:llr_bank_inst|mem[11][22]               ; Merged with qc_ldpc_decoder_top:decoder|qc_llr_bank:llr_bank_inst|mem[11][16]                ;
; qc_ldpc_decoder_top:decoder|qc_llr_bank:llr_bank_inst|mem[12][17]               ; Merged with qc_ldpc_decoder_top:decoder|qc_llr_bank:llr_bank_inst|mem[12][16]                ;
; qc_ldpc_decoder_top:decoder|qc_llr_bank:llr_bank_inst|mem[12][18]               ; Merged with qc_ldpc_decoder_top:decoder|qc_llr_bank:llr_bank_inst|mem[12][16]                ;
; qc_ldpc_decoder_top:decoder|qc_llr_bank:llr_bank_inst|mem[12][19]               ; Merged with qc_ldpc_decoder_top:decoder|qc_llr_bank:llr_bank_inst|mem[12][16]                ;
; qc_ldpc_decoder_top:decoder|qc_llr_bank:llr_bank_inst|mem[12][20]               ; Merged with qc_ldpc_decoder_top:decoder|qc_llr_bank:llr_bank_inst|mem[12][16]                ;
; qc_ldpc_decoder_top:decoder|qc_llr_bank:llr_bank_inst|mem[12][22]               ; Merged with qc_ldpc_decoder_top:decoder|qc_llr_bank:llr_bank_inst|mem[12][16]                ;
; qc_ldpc_decoder_top:decoder|qc_llr_bank:llr_bank_inst|mem[13][17]               ; Merged with qc_ldpc_decoder_top:decoder|qc_llr_bank:llr_bank_inst|mem[13][16]                ;
; qc_ldpc_decoder_top:decoder|qc_llr_bank:llr_bank_inst|mem[13][18]               ; Merged with qc_ldpc_decoder_top:decoder|qc_llr_bank:llr_bank_inst|mem[13][16]                ;
; qc_ldpc_decoder_top:decoder|qc_llr_bank:llr_bank_inst|mem[13][19]               ; Merged with qc_ldpc_decoder_top:decoder|qc_llr_bank:llr_bank_inst|mem[13][16]                ;
; qc_ldpc_decoder_top:decoder|qc_llr_bank:llr_bank_inst|mem[13][20]               ; Merged with qc_ldpc_decoder_top:decoder|qc_llr_bank:llr_bank_inst|mem[13][16]                ;
; qc_ldpc_decoder_top:decoder|qc_llr_bank:llr_bank_inst|mem[13][22]               ; Merged with qc_ldpc_decoder_top:decoder|qc_llr_bank:llr_bank_inst|mem[13][16]                ;
; qc_ldpc_decoder_top:decoder|qc_llr_bank:llr_bank_inst|mem[14][17]               ; Merged with qc_ldpc_decoder_top:decoder|qc_llr_bank:llr_bank_inst|mem[14][16]                ;
; qc_ldpc_decoder_top:decoder|qc_llr_bank:llr_bank_inst|mem[14][18]               ; Merged with qc_ldpc_decoder_top:decoder|qc_llr_bank:llr_bank_inst|mem[14][16]                ;
; qc_ldpc_decoder_top:decoder|qc_llr_bank:llr_bank_inst|mem[14][19]               ; Merged with qc_ldpc_decoder_top:decoder|qc_llr_bank:llr_bank_inst|mem[14][16]                ;
; qc_ldpc_decoder_top:decoder|qc_llr_bank:llr_bank_inst|mem[14][20]               ; Merged with qc_ldpc_decoder_top:decoder|qc_llr_bank:llr_bank_inst|mem[14][16]                ;
; qc_ldpc_decoder_top:decoder|qc_llr_bank:llr_bank_inst|mem[14][22]               ; Merged with qc_ldpc_decoder_top:decoder|qc_llr_bank:llr_bank_inst|mem[14][16]                ;
; qc_ldpc_decoder_top:decoder|qc_llr_bank:llr_bank_inst|mem[15][17]               ; Merged with qc_ldpc_decoder_top:decoder|qc_llr_bank:llr_bank_inst|mem[15][16]                ;
; qc_ldpc_decoder_top:decoder|qc_llr_bank:llr_bank_inst|mem[15][18]               ; Merged with qc_ldpc_decoder_top:decoder|qc_llr_bank:llr_bank_inst|mem[15][16]                ;
; qc_ldpc_decoder_top:decoder|qc_llr_bank:llr_bank_inst|mem[15][19]               ; Merged with qc_ldpc_decoder_top:decoder|qc_llr_bank:llr_bank_inst|mem[15][16]                ;
; qc_ldpc_decoder_top:decoder|qc_llr_bank:llr_bank_inst|mem[15][20]               ; Merged with qc_ldpc_decoder_top:decoder|qc_llr_bank:llr_bank_inst|mem[15][16]                ;
; qc_ldpc_decoder_top:decoder|qc_llr_bank:llr_bank_inst|mem[15][22]               ; Merged with qc_ldpc_decoder_top:decoder|qc_llr_bank:llr_bank_inst|mem[15][16]                ;
; qc_ldpc_decoder_top:decoder|qc_llr_bank:llr_bank_inst|mem[16][17]               ; Merged with qc_ldpc_decoder_top:decoder|qc_llr_bank:llr_bank_inst|mem[16][16]                ;
; qc_ldpc_decoder_top:decoder|qc_llr_bank:llr_bank_inst|mem[16][18]               ; Merged with qc_ldpc_decoder_top:decoder|qc_llr_bank:llr_bank_inst|mem[16][16]                ;
; qc_ldpc_decoder_top:decoder|qc_llr_bank:llr_bank_inst|mem[16][19]               ; Merged with qc_ldpc_decoder_top:decoder|qc_llr_bank:llr_bank_inst|mem[16][16]                ;
; qc_ldpc_decoder_top:decoder|qc_llr_bank:llr_bank_inst|mem[16][20]               ; Merged with qc_ldpc_decoder_top:decoder|qc_llr_bank:llr_bank_inst|mem[16][16]                ;
; qc_ldpc_decoder_top:decoder|qc_llr_bank:llr_bank_inst|mem[16][22]               ; Merged with qc_ldpc_decoder_top:decoder|qc_llr_bank:llr_bank_inst|mem[16][16]                ;
; qc_ldpc_decoder_top:decoder|qc_llr_bank:llr_bank_inst|mem[17][17]               ; Merged with qc_ldpc_decoder_top:decoder|qc_llr_bank:llr_bank_inst|mem[17][16]                ;
; qc_ldpc_decoder_top:decoder|qc_llr_bank:llr_bank_inst|mem[17][18]               ; Merged with qc_ldpc_decoder_top:decoder|qc_llr_bank:llr_bank_inst|mem[17][16]                ;
; qc_ldpc_decoder_top:decoder|qc_llr_bank:llr_bank_inst|mem[17][19]               ; Merged with qc_ldpc_decoder_top:decoder|qc_llr_bank:llr_bank_inst|mem[17][16]                ;
; qc_ldpc_decoder_top:decoder|qc_llr_bank:llr_bank_inst|mem[17][20]               ; Merged with qc_ldpc_decoder_top:decoder|qc_llr_bank:llr_bank_inst|mem[17][16]                ;
; qc_ldpc_decoder_top:decoder|qc_llr_bank:llr_bank_inst|mem[17][22]               ; Merged with qc_ldpc_decoder_top:decoder|qc_llr_bank:llr_bank_inst|mem[17][16]                ;
; qc_ldpc_decoder_top:decoder|qc_llr_bank:llr_bank_inst|mem[18][17]               ; Merged with qc_ldpc_decoder_top:decoder|qc_llr_bank:llr_bank_inst|mem[18][16]                ;
; qc_ldpc_decoder_top:decoder|qc_llr_bank:llr_bank_inst|mem[18][18]               ; Merged with qc_ldpc_decoder_top:decoder|qc_llr_bank:llr_bank_inst|mem[18][16]                ;
; qc_ldpc_decoder_top:decoder|qc_llr_bank:llr_bank_inst|mem[18][19]               ; Merged with qc_ldpc_decoder_top:decoder|qc_llr_bank:llr_bank_inst|mem[18][16]                ;
; qc_ldpc_decoder_top:decoder|qc_llr_bank:llr_bank_inst|mem[18][20]               ; Merged with qc_ldpc_decoder_top:decoder|qc_llr_bank:llr_bank_inst|mem[18][16]                ;
; qc_ldpc_decoder_top:decoder|qc_llr_bank:llr_bank_inst|mem[18][22]               ; Merged with qc_ldpc_decoder_top:decoder|qc_llr_bank:llr_bank_inst|mem[18][16]                ;
; qc_ldpc_decoder_top:decoder|qc_llr_bank:llr_bank_inst|mem[19][17]               ; Merged with qc_ldpc_decoder_top:decoder|qc_llr_bank:llr_bank_inst|mem[19][16]                ;
; qc_ldpc_decoder_top:decoder|qc_llr_bank:llr_bank_inst|mem[19][18]               ; Merged with qc_ldpc_decoder_top:decoder|qc_llr_bank:llr_bank_inst|mem[19][16]                ;
; qc_ldpc_decoder_top:decoder|qc_llr_bank:llr_bank_inst|mem[19][19]               ; Merged with qc_ldpc_decoder_top:decoder|qc_llr_bank:llr_bank_inst|mem[19][16]                ;
; qc_ldpc_decoder_top:decoder|qc_llr_bank:llr_bank_inst|mem[19][20]               ; Merged with qc_ldpc_decoder_top:decoder|qc_llr_bank:llr_bank_inst|mem[19][16]                ;
; qc_ldpc_decoder_top:decoder|qc_llr_bank:llr_bank_inst|mem[19][22]               ; Merged with qc_ldpc_decoder_top:decoder|qc_llr_bank:llr_bank_inst|mem[19][16]                ;
; qc_ldpc_decoder_top:decoder|qc_llr_bank:llr_bank_inst|mem[20][17]               ; Merged with qc_ldpc_decoder_top:decoder|qc_llr_bank:llr_bank_inst|mem[20][16]                ;
; qc_ldpc_decoder_top:decoder|qc_llr_bank:llr_bank_inst|mem[20][18]               ; Merged with qc_ldpc_decoder_top:decoder|qc_llr_bank:llr_bank_inst|mem[20][16]                ;
; qc_ldpc_decoder_top:decoder|qc_llr_bank:llr_bank_inst|mem[20][19]               ; Merged with qc_ldpc_decoder_top:decoder|qc_llr_bank:llr_bank_inst|mem[20][16]                ;
; qc_ldpc_decoder_top:decoder|qc_llr_bank:llr_bank_inst|mem[20][20]               ; Merged with qc_ldpc_decoder_top:decoder|qc_llr_bank:llr_bank_inst|mem[20][16]                ;
; qc_ldpc_decoder_top:decoder|qc_llr_bank:llr_bank_inst|mem[20][22]               ; Merged with qc_ldpc_decoder_top:decoder|qc_llr_bank:llr_bank_inst|mem[20][16]                ;
; qc_ldpc_decoder_top:decoder|qc_llr_bank:llr_bank_inst|mem[21][17]               ; Merged with qc_ldpc_decoder_top:decoder|qc_llr_bank:llr_bank_inst|mem[21][16]                ;
; qc_ldpc_decoder_top:decoder|qc_llr_bank:llr_bank_inst|mem[21][18]               ; Merged with qc_ldpc_decoder_top:decoder|qc_llr_bank:llr_bank_inst|mem[21][16]                ;
; qc_ldpc_decoder_top:decoder|qc_llr_bank:llr_bank_inst|mem[21][19]               ; Merged with qc_ldpc_decoder_top:decoder|qc_llr_bank:llr_bank_inst|mem[21][16]                ;
; qc_ldpc_decoder_top:decoder|qc_llr_bank:llr_bank_inst|mem[21][20]               ; Merged with qc_ldpc_decoder_top:decoder|qc_llr_bank:llr_bank_inst|mem[21][16]                ;
; qc_ldpc_decoder_top:decoder|qc_llr_bank:llr_bank_inst|mem[21][22]               ; Merged with qc_ldpc_decoder_top:decoder|qc_llr_bank:llr_bank_inst|mem[21][16]                ;
; qc_ldpc_decoder_top:decoder|qc_llr_bank:llr_bank_inst|mem[22][17]               ; Merged with qc_ldpc_decoder_top:decoder|qc_llr_bank:llr_bank_inst|mem[22][16]                ;
; qc_ldpc_decoder_top:decoder|qc_llr_bank:llr_bank_inst|mem[22][18]               ; Merged with qc_ldpc_decoder_top:decoder|qc_llr_bank:llr_bank_inst|mem[22][16]                ;
; qc_ldpc_decoder_top:decoder|qc_llr_bank:llr_bank_inst|mem[22][19]               ; Merged with qc_ldpc_decoder_top:decoder|qc_llr_bank:llr_bank_inst|mem[22][16]                ;
; qc_ldpc_decoder_top:decoder|qc_llr_bank:llr_bank_inst|mem[22][20]               ; Merged with qc_ldpc_decoder_top:decoder|qc_llr_bank:llr_bank_inst|mem[22][16]                ;
; qc_ldpc_decoder_top:decoder|qc_llr_bank:llr_bank_inst|mem[22][22]               ; Merged with qc_ldpc_decoder_top:decoder|qc_llr_bank:llr_bank_inst|mem[22][16]                ;
; qc_ldpc_decoder_top:decoder|qc_llr_bank:llr_bank_inst|mem[23][17]               ; Merged with qc_ldpc_decoder_top:decoder|qc_llr_bank:llr_bank_inst|mem[23][16]                ;
; qc_ldpc_decoder_top:decoder|qc_llr_bank:llr_bank_inst|mem[23][18]               ; Merged with qc_ldpc_decoder_top:decoder|qc_llr_bank:llr_bank_inst|mem[23][16]                ;
; qc_ldpc_decoder_top:decoder|qc_llr_bank:llr_bank_inst|mem[23][19]               ; Merged with qc_ldpc_decoder_top:decoder|qc_llr_bank:llr_bank_inst|mem[23][16]                ;
; qc_ldpc_decoder_top:decoder|qc_llr_bank:llr_bank_inst|mem[23][20]               ; Merged with qc_ldpc_decoder_top:decoder|qc_llr_bank:llr_bank_inst|mem[23][16]                ;
; qc_ldpc_decoder_top:decoder|qc_llr_bank:llr_bank_inst|mem[23][22]               ; Merged with qc_ldpc_decoder_top:decoder|qc_llr_bank:llr_bank_inst|mem[23][16]                ;
; qc_ldpc_decoder_top:decoder|qc_llr_bank:llr_bank_inst|mem[24][17]               ; Merged with qc_ldpc_decoder_top:decoder|qc_llr_bank:llr_bank_inst|mem[24][16]                ;
; qc_ldpc_decoder_top:decoder|qc_llr_bank:llr_bank_inst|mem[24][18]               ; Merged with qc_ldpc_decoder_top:decoder|qc_llr_bank:llr_bank_inst|mem[24][16]                ;
; qc_ldpc_decoder_top:decoder|qc_llr_bank:llr_bank_inst|mem[24][19]               ; Merged with qc_ldpc_decoder_top:decoder|qc_llr_bank:llr_bank_inst|mem[24][16]                ;
; qc_ldpc_decoder_top:decoder|qc_llr_bank:llr_bank_inst|mem[24][20]               ; Merged with qc_ldpc_decoder_top:decoder|qc_llr_bank:llr_bank_inst|mem[24][16]                ;
; qc_ldpc_decoder_top:decoder|qc_llr_bank:llr_bank_inst|mem[24][22]               ; Merged with qc_ldpc_decoder_top:decoder|qc_llr_bank:llr_bank_inst|mem[24][16]                ;
; qc_ldpc_decoder_top:decoder|qc_llr_bank:llr_bank_inst|mem[25][17]               ; Merged with qc_ldpc_decoder_top:decoder|qc_llr_bank:llr_bank_inst|mem[25][16]                ;
; qc_ldpc_decoder_top:decoder|qc_llr_bank:llr_bank_inst|mem[25][18]               ; Merged with qc_ldpc_decoder_top:decoder|qc_llr_bank:llr_bank_inst|mem[25][16]                ;
; qc_ldpc_decoder_top:decoder|qc_llr_bank:llr_bank_inst|mem[25][19]               ; Merged with qc_ldpc_decoder_top:decoder|qc_llr_bank:llr_bank_inst|mem[25][16]                ;
; qc_ldpc_decoder_top:decoder|qc_llr_bank:llr_bank_inst|mem[25][20]               ; Merged with qc_ldpc_decoder_top:decoder|qc_llr_bank:llr_bank_inst|mem[25][16]                ;
; qc_ldpc_decoder_top:decoder|qc_llr_bank:llr_bank_inst|mem[25][22]               ; Merged with qc_ldpc_decoder_top:decoder|qc_llr_bank:llr_bank_inst|mem[25][16]                ;
; qc_ldpc_decoder_top:decoder|qc_llr_bank:llr_bank_inst|mem[26][17]               ; Merged with qc_ldpc_decoder_top:decoder|qc_llr_bank:llr_bank_inst|mem[26][16]                ;
; qc_ldpc_decoder_top:decoder|qc_llr_bank:llr_bank_inst|mem[26][18]               ; Merged with qc_ldpc_decoder_top:decoder|qc_llr_bank:llr_bank_inst|mem[26][16]                ;
; qc_ldpc_decoder_top:decoder|qc_llr_bank:llr_bank_inst|mem[26][19]               ; Merged with qc_ldpc_decoder_top:decoder|qc_llr_bank:llr_bank_inst|mem[26][16]                ;
; qc_ldpc_decoder_top:decoder|qc_llr_bank:llr_bank_inst|mem[26][20]               ; Merged with qc_ldpc_decoder_top:decoder|qc_llr_bank:llr_bank_inst|mem[26][16]                ;
; qc_ldpc_decoder_top:decoder|qc_llr_bank:llr_bank_inst|mem[26][22]               ; Merged with qc_ldpc_decoder_top:decoder|qc_llr_bank:llr_bank_inst|mem[26][16]                ;
; qc_ldpc_decoder_top:decoder|qc_llr_bank:llr_bank_inst|mem[27][17]               ; Merged with qc_ldpc_decoder_top:decoder|qc_llr_bank:llr_bank_inst|mem[27][16]                ;
; qc_ldpc_decoder_top:decoder|qc_llr_bank:llr_bank_inst|mem[27][18]               ; Merged with qc_ldpc_decoder_top:decoder|qc_llr_bank:llr_bank_inst|mem[27][16]                ;
; qc_ldpc_decoder_top:decoder|qc_llr_bank:llr_bank_inst|mem[27][19]               ; Merged with qc_ldpc_decoder_top:decoder|qc_llr_bank:llr_bank_inst|mem[27][16]                ;
; qc_ldpc_decoder_top:decoder|qc_llr_bank:llr_bank_inst|mem[27][20]               ; Merged with qc_ldpc_decoder_top:decoder|qc_llr_bank:llr_bank_inst|mem[27][16]                ;
; qc_ldpc_decoder_top:decoder|qc_llr_bank:llr_bank_inst|mem[27][22]               ; Merged with qc_ldpc_decoder_top:decoder|qc_llr_bank:llr_bank_inst|mem[27][16]                ;
; qc_ldpc_decoder_top:decoder|qc_llr_bank:llr_bank_inst|mem[28][17]               ; Merged with qc_ldpc_decoder_top:decoder|qc_llr_bank:llr_bank_inst|mem[28][16]                ;
; qc_ldpc_decoder_top:decoder|qc_llr_bank:llr_bank_inst|mem[28][18]               ; Merged with qc_ldpc_decoder_top:decoder|qc_llr_bank:llr_bank_inst|mem[28][16]                ;
; qc_ldpc_decoder_top:decoder|qc_llr_bank:llr_bank_inst|mem[28][19]               ; Merged with qc_ldpc_decoder_top:decoder|qc_llr_bank:llr_bank_inst|mem[28][16]                ;
; qc_ldpc_decoder_top:decoder|qc_llr_bank:llr_bank_inst|mem[28][20]               ; Merged with qc_ldpc_decoder_top:decoder|qc_llr_bank:llr_bank_inst|mem[28][16]                ;
; qc_ldpc_decoder_top:decoder|qc_llr_bank:llr_bank_inst|mem[28][22]               ; Merged with qc_ldpc_decoder_top:decoder|qc_llr_bank:llr_bank_inst|mem[28][16]                ;
; qc_ldpc_decoder_top:decoder|qc_llr_bank:llr_bank_inst|mem[29][17]               ; Merged with qc_ldpc_decoder_top:decoder|qc_llr_bank:llr_bank_inst|mem[29][16]                ;
; qc_ldpc_decoder_top:decoder|qc_llr_bank:llr_bank_inst|mem[29][18]               ; Merged with qc_ldpc_decoder_top:decoder|qc_llr_bank:llr_bank_inst|mem[29][16]                ;
; qc_ldpc_decoder_top:decoder|qc_llr_bank:llr_bank_inst|mem[29][19]               ; Merged with qc_ldpc_decoder_top:decoder|qc_llr_bank:llr_bank_inst|mem[29][16]                ;
; qc_ldpc_decoder_top:decoder|qc_llr_bank:llr_bank_inst|mem[29][20]               ; Merged with qc_ldpc_decoder_top:decoder|qc_llr_bank:llr_bank_inst|mem[29][16]                ;
; qc_ldpc_decoder_top:decoder|qc_llr_bank:llr_bank_inst|mem[29][22]               ; Merged with qc_ldpc_decoder_top:decoder|qc_llr_bank:llr_bank_inst|mem[29][16]                ;
; qc_ldpc_decoder_top:decoder|qc_llr_bank:llr_bank_inst|mem[30][17]               ; Merged with qc_ldpc_decoder_top:decoder|qc_llr_bank:llr_bank_inst|mem[30][16]                ;
; qc_ldpc_decoder_top:decoder|qc_llr_bank:llr_bank_inst|mem[30][18]               ; Merged with qc_ldpc_decoder_top:decoder|qc_llr_bank:llr_bank_inst|mem[30][16]                ;
; qc_ldpc_decoder_top:decoder|qc_llr_bank:llr_bank_inst|mem[30][19]               ; Merged with qc_ldpc_decoder_top:decoder|qc_llr_bank:llr_bank_inst|mem[30][16]                ;
; qc_ldpc_decoder_top:decoder|qc_llr_bank:llr_bank_inst|mem[30][20]               ; Merged with qc_ldpc_decoder_top:decoder|qc_llr_bank:llr_bank_inst|mem[30][16]                ;
; qc_ldpc_decoder_top:decoder|qc_llr_bank:llr_bank_inst|mem[30][22]               ; Merged with qc_ldpc_decoder_top:decoder|qc_llr_bank:llr_bank_inst|mem[30][16]                ;
; qc_ldpc_decoder_top:decoder|qc_llr_bank:llr_bank_inst|mem[31][17]               ; Merged with qc_ldpc_decoder_top:decoder|qc_llr_bank:llr_bank_inst|mem[31][16]                ;
; qc_ldpc_decoder_top:decoder|qc_llr_bank:llr_bank_inst|mem[31][18]               ; Merged with qc_ldpc_decoder_top:decoder|qc_llr_bank:llr_bank_inst|mem[31][16]                ;
; qc_ldpc_decoder_top:decoder|qc_llr_bank:llr_bank_inst|mem[31][19]               ; Merged with qc_ldpc_decoder_top:decoder|qc_llr_bank:llr_bank_inst|mem[31][16]                ;
; qc_ldpc_decoder_top:decoder|qc_llr_bank:llr_bank_inst|mem[31][20]               ; Merged with qc_ldpc_decoder_top:decoder|qc_llr_bank:llr_bank_inst|mem[31][16]                ;
; qc_ldpc_decoder_top:decoder|qc_llr_bank:llr_bank_inst|mem[31][22]               ; Merged with qc_ldpc_decoder_top:decoder|qc_llr_bank:llr_bank_inst|mem[31][16]                ;
; qc_ldpc_decoder_top:decoder|qc_llr_bank:llr_bank_inst|mem[32][17]               ; Merged with qc_ldpc_decoder_top:decoder|qc_llr_bank:llr_bank_inst|mem[32][16]                ;
; qc_ldpc_decoder_top:decoder|qc_llr_bank:llr_bank_inst|mem[32][18]               ; Merged with qc_ldpc_decoder_top:decoder|qc_llr_bank:llr_bank_inst|mem[32][16]                ;
; qc_ldpc_decoder_top:decoder|qc_llr_bank:llr_bank_inst|mem[32][19]               ; Merged with qc_ldpc_decoder_top:decoder|qc_llr_bank:llr_bank_inst|mem[32][16]                ;
; qc_ldpc_decoder_top:decoder|qc_llr_bank:llr_bank_inst|mem[32][20]               ; Merged with qc_ldpc_decoder_top:decoder|qc_llr_bank:llr_bank_inst|mem[32][16]                ;
; qc_ldpc_decoder_top:decoder|qc_llr_bank:llr_bank_inst|mem[32][22]               ; Merged with qc_ldpc_decoder_top:decoder|qc_llr_bank:llr_bank_inst|mem[32][16]                ;
; qc_ldpc_decoder_top:decoder|qc_llr_bank:llr_bank_inst|mem[33][17]               ; Merged with qc_ldpc_decoder_top:decoder|qc_llr_bank:llr_bank_inst|mem[33][16]                ;
; qc_ldpc_decoder_top:decoder|qc_llr_bank:llr_bank_inst|mem[33][18]               ; Merged with qc_ldpc_decoder_top:decoder|qc_llr_bank:llr_bank_inst|mem[33][16]                ;
; qc_ldpc_decoder_top:decoder|qc_llr_bank:llr_bank_inst|mem[33][19]               ; Merged with qc_ldpc_decoder_top:decoder|qc_llr_bank:llr_bank_inst|mem[33][16]                ;
; qc_ldpc_decoder_top:decoder|qc_llr_bank:llr_bank_inst|mem[33][20]               ; Merged with qc_ldpc_decoder_top:decoder|qc_llr_bank:llr_bank_inst|mem[33][16]                ;
; qc_ldpc_decoder_top:decoder|qc_llr_bank:llr_bank_inst|mem[33][22]               ; Merged with qc_ldpc_decoder_top:decoder|qc_llr_bank:llr_bank_inst|mem[33][16]                ;
; qc_ldpc_decoder_top:decoder|qc_llr_bank:llr_bank_inst|mem[34][17]               ; Merged with qc_ldpc_decoder_top:decoder|qc_llr_bank:llr_bank_inst|mem[34][16]                ;
; qc_ldpc_decoder_top:decoder|qc_llr_bank:llr_bank_inst|mem[34][18]               ; Merged with qc_ldpc_decoder_top:decoder|qc_llr_bank:llr_bank_inst|mem[34][16]                ;
; qc_ldpc_decoder_top:decoder|qc_llr_bank:llr_bank_inst|mem[34][19]               ; Merged with qc_ldpc_decoder_top:decoder|qc_llr_bank:llr_bank_inst|mem[34][16]                ;
; qc_ldpc_decoder_top:decoder|qc_llr_bank:llr_bank_inst|mem[34][20]               ; Merged with qc_ldpc_decoder_top:decoder|qc_llr_bank:llr_bank_inst|mem[34][16]                ;
; qc_ldpc_decoder_top:decoder|qc_llr_bank:llr_bank_inst|mem[34][22]               ; Merged with qc_ldpc_decoder_top:decoder|qc_llr_bank:llr_bank_inst|mem[34][16]                ;
; qc_ldpc_decoder_top:decoder|qc_llr_bank:llr_bank_inst|mem[35][17]               ; Merged with qc_ldpc_decoder_top:decoder|qc_llr_bank:llr_bank_inst|mem[35][16]                ;
; qc_ldpc_decoder_top:decoder|qc_llr_bank:llr_bank_inst|mem[35][18]               ; Merged with qc_ldpc_decoder_top:decoder|qc_llr_bank:llr_bank_inst|mem[35][16]                ;
; qc_ldpc_decoder_top:decoder|qc_llr_bank:llr_bank_inst|mem[35][19]               ; Merged with qc_ldpc_decoder_top:decoder|qc_llr_bank:llr_bank_inst|mem[35][16]                ;
; qc_ldpc_decoder_top:decoder|qc_llr_bank:llr_bank_inst|mem[35][20]               ; Merged with qc_ldpc_decoder_top:decoder|qc_llr_bank:llr_bank_inst|mem[35][16]                ;
; qc_ldpc_decoder_top:decoder|qc_llr_bank:llr_bank_inst|mem[35][22]               ; Merged with qc_ldpc_decoder_top:decoder|qc_llr_bank:llr_bank_inst|mem[35][16]                ;
; qc_ldpc_decoder_top:decoder|qc_llr_bank:llr_bank_inst|mem[36][17]               ; Merged with qc_ldpc_decoder_top:decoder|qc_llr_bank:llr_bank_inst|mem[36][16]                ;
; qc_ldpc_decoder_top:decoder|qc_llr_bank:llr_bank_inst|mem[36][18]               ; Merged with qc_ldpc_decoder_top:decoder|qc_llr_bank:llr_bank_inst|mem[36][16]                ;
; qc_ldpc_decoder_top:decoder|qc_llr_bank:llr_bank_inst|mem[36][19]               ; Merged with qc_ldpc_decoder_top:decoder|qc_llr_bank:llr_bank_inst|mem[36][16]                ;
; qc_ldpc_decoder_top:decoder|qc_llr_bank:llr_bank_inst|mem[36][20]               ; Merged with qc_ldpc_decoder_top:decoder|qc_llr_bank:llr_bank_inst|mem[36][16]                ;
; qc_ldpc_decoder_top:decoder|qc_llr_bank:llr_bank_inst|mem[36][22]               ; Merged with qc_ldpc_decoder_top:decoder|qc_llr_bank:llr_bank_inst|mem[36][16]                ;
; qc_ldpc_decoder_top:decoder|qc_llr_bank:llr_bank_inst|mem[37][17]               ; Merged with qc_ldpc_decoder_top:decoder|qc_llr_bank:llr_bank_inst|mem[37][16]                ;
; qc_ldpc_decoder_top:decoder|qc_llr_bank:llr_bank_inst|mem[37][18]               ; Merged with qc_ldpc_decoder_top:decoder|qc_llr_bank:llr_bank_inst|mem[37][16]                ;
; qc_ldpc_decoder_top:decoder|qc_llr_bank:llr_bank_inst|mem[37][19]               ; Merged with qc_ldpc_decoder_top:decoder|qc_llr_bank:llr_bank_inst|mem[37][16]                ;
; qc_ldpc_decoder_top:decoder|qc_llr_bank:llr_bank_inst|mem[37][20]               ; Merged with qc_ldpc_decoder_top:decoder|qc_llr_bank:llr_bank_inst|mem[37][16]                ;
; qc_ldpc_decoder_top:decoder|qc_llr_bank:llr_bank_inst|mem[37][22]               ; Merged with qc_ldpc_decoder_top:decoder|qc_llr_bank:llr_bank_inst|mem[37][16]                ;
; qc_ldpc_decoder_top:decoder|qc_llr_bank:llr_bank_inst|mem[38][17]               ; Merged with qc_ldpc_decoder_top:decoder|qc_llr_bank:llr_bank_inst|mem[38][16]                ;
; qc_ldpc_decoder_top:decoder|qc_llr_bank:llr_bank_inst|mem[38][18]               ; Merged with qc_ldpc_decoder_top:decoder|qc_llr_bank:llr_bank_inst|mem[38][16]                ;
; qc_ldpc_decoder_top:decoder|qc_llr_bank:llr_bank_inst|mem[38][19]               ; Merged with qc_ldpc_decoder_top:decoder|qc_llr_bank:llr_bank_inst|mem[38][16]                ;
; qc_ldpc_decoder_top:decoder|qc_llr_bank:llr_bank_inst|mem[38][20]               ; Merged with qc_ldpc_decoder_top:decoder|qc_llr_bank:llr_bank_inst|mem[38][16]                ;
; qc_ldpc_decoder_top:decoder|qc_llr_bank:llr_bank_inst|mem[38][22]               ; Merged with qc_ldpc_decoder_top:decoder|qc_llr_bank:llr_bank_inst|mem[38][16]                ;
; qc_ldpc_decoder_top:decoder|qc_llr_bank:llr_bank_inst|mem[39][17]               ; Merged with qc_ldpc_decoder_top:decoder|qc_llr_bank:llr_bank_inst|mem[39][16]                ;
; qc_ldpc_decoder_top:decoder|qc_llr_bank:llr_bank_inst|mem[39][18]               ; Merged with qc_ldpc_decoder_top:decoder|qc_llr_bank:llr_bank_inst|mem[39][16]                ;
; qc_ldpc_decoder_top:decoder|qc_llr_bank:llr_bank_inst|mem[39][19]               ; Merged with qc_ldpc_decoder_top:decoder|qc_llr_bank:llr_bank_inst|mem[39][16]                ;
; qc_ldpc_decoder_top:decoder|qc_llr_bank:llr_bank_inst|mem[39][20]               ; Merged with qc_ldpc_decoder_top:decoder|qc_llr_bank:llr_bank_inst|mem[39][16]                ;
; qc_ldpc_decoder_top:decoder|qc_llr_bank:llr_bank_inst|mem[39][22]               ; Merged with qc_ldpc_decoder_top:decoder|qc_llr_bank:llr_bank_inst|mem[39][16]                ;
; qc_ldpc_decoder_top:decoder|qc_llr_bank:llr_bank_inst|mem[40][17]               ; Merged with qc_ldpc_decoder_top:decoder|qc_llr_bank:llr_bank_inst|mem[40][16]                ;
; qc_ldpc_decoder_top:decoder|qc_llr_bank:llr_bank_inst|mem[40][18]               ; Merged with qc_ldpc_decoder_top:decoder|qc_llr_bank:llr_bank_inst|mem[40][16]                ;
; qc_ldpc_decoder_top:decoder|qc_llr_bank:llr_bank_inst|mem[40][19]               ; Merged with qc_ldpc_decoder_top:decoder|qc_llr_bank:llr_bank_inst|mem[40][16]                ;
; qc_ldpc_decoder_top:decoder|qc_llr_bank:llr_bank_inst|mem[40][20]               ; Merged with qc_ldpc_decoder_top:decoder|qc_llr_bank:llr_bank_inst|mem[40][16]                ;
; qc_ldpc_decoder_top:decoder|qc_llr_bank:llr_bank_inst|mem[40][22]               ; Merged with qc_ldpc_decoder_top:decoder|qc_llr_bank:llr_bank_inst|mem[40][16]                ;
; qc_ldpc_decoder_top:decoder|qc_llr_bank:llr_bank_inst|mem[41][17]               ; Merged with qc_ldpc_decoder_top:decoder|qc_llr_bank:llr_bank_inst|mem[41][16]                ;
; qc_ldpc_decoder_top:decoder|qc_llr_bank:llr_bank_inst|mem[41][18]               ; Merged with qc_ldpc_decoder_top:decoder|qc_llr_bank:llr_bank_inst|mem[41][16]                ;
; qc_ldpc_decoder_top:decoder|qc_llr_bank:llr_bank_inst|mem[41][19]               ; Merged with qc_ldpc_decoder_top:decoder|qc_llr_bank:llr_bank_inst|mem[41][16]                ;
; qc_ldpc_decoder_top:decoder|qc_llr_bank:llr_bank_inst|mem[41][20]               ; Merged with qc_ldpc_decoder_top:decoder|qc_llr_bank:llr_bank_inst|mem[41][16]                ;
; qc_ldpc_decoder_top:decoder|qc_llr_bank:llr_bank_inst|mem[41][22]               ; Merged with qc_ldpc_decoder_top:decoder|qc_llr_bank:llr_bank_inst|mem[41][16]                ;
; qc_ldpc_decoder_top:decoder|qc_llr_bank:llr_bank_inst|mem[42][17]               ; Merged with qc_ldpc_decoder_top:decoder|qc_llr_bank:llr_bank_inst|mem[42][16]                ;
; qc_ldpc_decoder_top:decoder|qc_llr_bank:llr_bank_inst|mem[42][18]               ; Merged with qc_ldpc_decoder_top:decoder|qc_llr_bank:llr_bank_inst|mem[42][16]                ;
; qc_ldpc_decoder_top:decoder|qc_llr_bank:llr_bank_inst|mem[42][19]               ; Merged with qc_ldpc_decoder_top:decoder|qc_llr_bank:llr_bank_inst|mem[42][16]                ;
; qc_ldpc_decoder_top:decoder|qc_llr_bank:llr_bank_inst|mem[42][20]               ; Merged with qc_ldpc_decoder_top:decoder|qc_llr_bank:llr_bank_inst|mem[42][16]                ;
; qc_ldpc_decoder_top:decoder|qc_llr_bank:llr_bank_inst|mem[42][22]               ; Merged with qc_ldpc_decoder_top:decoder|qc_llr_bank:llr_bank_inst|mem[42][16]                ;
; qc_ldpc_decoder_top:decoder|qc_llr_bank:llr_bank_inst|mem[43][17]               ; Merged with qc_ldpc_decoder_top:decoder|qc_llr_bank:llr_bank_inst|mem[43][16]                ;
; qc_ldpc_decoder_top:decoder|qc_llr_bank:llr_bank_inst|mem[43][18]               ; Merged with qc_ldpc_decoder_top:decoder|qc_llr_bank:llr_bank_inst|mem[43][16]                ;
; qc_ldpc_decoder_top:decoder|qc_llr_bank:llr_bank_inst|mem[43][19]               ; Merged with qc_ldpc_decoder_top:decoder|qc_llr_bank:llr_bank_inst|mem[43][16]                ;
; qc_ldpc_decoder_top:decoder|qc_llr_bank:llr_bank_inst|mem[43][20]               ; Merged with qc_ldpc_decoder_top:decoder|qc_llr_bank:llr_bank_inst|mem[43][16]                ;
; qc_ldpc_decoder_top:decoder|qc_llr_bank:llr_bank_inst|mem[43][22]               ; Merged with qc_ldpc_decoder_top:decoder|qc_llr_bank:llr_bank_inst|mem[43][16]                ;
; qc_ldpc_decoder_top:decoder|qc_llr_bank:llr_bank_inst|mem[44][17]               ; Merged with qc_ldpc_decoder_top:decoder|qc_llr_bank:llr_bank_inst|mem[44][16]                ;
; qc_ldpc_decoder_top:decoder|qc_llr_bank:llr_bank_inst|mem[44][18]               ; Merged with qc_ldpc_decoder_top:decoder|qc_llr_bank:llr_bank_inst|mem[44][16]                ;
; qc_ldpc_decoder_top:decoder|qc_llr_bank:llr_bank_inst|mem[44][19]               ; Merged with qc_ldpc_decoder_top:decoder|qc_llr_bank:llr_bank_inst|mem[44][16]                ;
; qc_ldpc_decoder_top:decoder|qc_llr_bank:llr_bank_inst|mem[44][20]               ; Merged with qc_ldpc_decoder_top:decoder|qc_llr_bank:llr_bank_inst|mem[44][16]                ;
; qc_ldpc_decoder_top:decoder|qc_llr_bank:llr_bank_inst|mem[44][22]               ; Merged with qc_ldpc_decoder_top:decoder|qc_llr_bank:llr_bank_inst|mem[44][16]                ;
; qc_ldpc_decoder_top:decoder|qc_llr_bank:llr_bank_inst|mem[45][17]               ; Merged with qc_ldpc_decoder_top:decoder|qc_llr_bank:llr_bank_inst|mem[45][16]                ;
; qc_ldpc_decoder_top:decoder|qc_llr_bank:llr_bank_inst|mem[45][18]               ; Merged with qc_ldpc_decoder_top:decoder|qc_llr_bank:llr_bank_inst|mem[45][16]                ;
; qc_ldpc_decoder_top:decoder|qc_llr_bank:llr_bank_inst|mem[45][19]               ; Merged with qc_ldpc_decoder_top:decoder|qc_llr_bank:llr_bank_inst|mem[45][16]                ;
; qc_ldpc_decoder_top:decoder|qc_llr_bank:llr_bank_inst|mem[45][20]               ; Merged with qc_ldpc_decoder_top:decoder|qc_llr_bank:llr_bank_inst|mem[45][16]                ;
; qc_ldpc_decoder_top:decoder|qc_llr_bank:llr_bank_inst|mem[45][22]               ; Merged with qc_ldpc_decoder_top:decoder|qc_llr_bank:llr_bank_inst|mem[45][16]                ;
; qc_ldpc_decoder_top:decoder|qc_llr_bank:llr_bank_inst|mem[46][17]               ; Merged with qc_ldpc_decoder_top:decoder|qc_llr_bank:llr_bank_inst|mem[46][16]                ;
; qc_ldpc_decoder_top:decoder|qc_llr_bank:llr_bank_inst|mem[46][18]               ; Merged with qc_ldpc_decoder_top:decoder|qc_llr_bank:llr_bank_inst|mem[46][16]                ;
; qc_ldpc_decoder_top:decoder|qc_llr_bank:llr_bank_inst|mem[46][19]               ; Merged with qc_ldpc_decoder_top:decoder|qc_llr_bank:llr_bank_inst|mem[46][16]                ;
; qc_ldpc_decoder_top:decoder|qc_llr_bank:llr_bank_inst|mem[46][20]               ; Merged with qc_ldpc_decoder_top:decoder|qc_llr_bank:llr_bank_inst|mem[46][16]                ;
; qc_ldpc_decoder_top:decoder|qc_llr_bank:llr_bank_inst|mem[46][22]               ; Merged with qc_ldpc_decoder_top:decoder|qc_llr_bank:llr_bank_inst|mem[46][16]                ;
; qc_ldpc_decoder_top:decoder|qc_llr_bank:llr_bank_inst|mem[47][17]               ; Merged with qc_ldpc_decoder_top:decoder|qc_llr_bank:llr_bank_inst|mem[47][16]                ;
; qc_ldpc_decoder_top:decoder|qc_llr_bank:llr_bank_inst|mem[47][18]               ; Merged with qc_ldpc_decoder_top:decoder|qc_llr_bank:llr_bank_inst|mem[47][16]                ;
; qc_ldpc_decoder_top:decoder|qc_llr_bank:llr_bank_inst|mem[47][19]               ; Merged with qc_ldpc_decoder_top:decoder|qc_llr_bank:llr_bank_inst|mem[47][16]                ;
; qc_ldpc_decoder_top:decoder|qc_llr_bank:llr_bank_inst|mem[47][20]               ; Merged with qc_ldpc_decoder_top:decoder|qc_llr_bank:llr_bank_inst|mem[47][16]                ;
; qc_ldpc_decoder_top:decoder|qc_llr_bank:llr_bank_inst|mem[47][22]               ; Merged with qc_ldpc_decoder_top:decoder|qc_llr_bank:llr_bank_inst|mem[47][16]                ;
; qc_ldpc_decoder_top:decoder|qc_llr_bank:llr_bank_inst|mem[48][17]               ; Merged with qc_ldpc_decoder_top:decoder|qc_llr_bank:llr_bank_inst|mem[48][16]                ;
; qc_ldpc_decoder_top:decoder|qc_llr_bank:llr_bank_inst|mem[48][18]               ; Merged with qc_ldpc_decoder_top:decoder|qc_llr_bank:llr_bank_inst|mem[48][16]                ;
; qc_ldpc_decoder_top:decoder|qc_llr_bank:llr_bank_inst|mem[48][19]               ; Merged with qc_ldpc_decoder_top:decoder|qc_llr_bank:llr_bank_inst|mem[48][16]                ;
; qc_ldpc_decoder_top:decoder|qc_llr_bank:llr_bank_inst|mem[48][20]               ; Merged with qc_ldpc_decoder_top:decoder|qc_llr_bank:llr_bank_inst|mem[48][16]                ;
; qc_ldpc_decoder_top:decoder|qc_llr_bank:llr_bank_inst|mem[48][22]               ; Merged with qc_ldpc_decoder_top:decoder|qc_llr_bank:llr_bank_inst|mem[48][16]                ;
; qc_ldpc_decoder_top:decoder|qc_llr_bank:llr_bank_inst|mem[49][17]               ; Merged with qc_ldpc_decoder_top:decoder|qc_llr_bank:llr_bank_inst|mem[49][16]                ;
; qc_ldpc_decoder_top:decoder|qc_llr_bank:llr_bank_inst|mem[49][18]               ; Merged with qc_ldpc_decoder_top:decoder|qc_llr_bank:llr_bank_inst|mem[49][16]                ;
; qc_ldpc_decoder_top:decoder|qc_llr_bank:llr_bank_inst|mem[49][19]               ; Merged with qc_ldpc_decoder_top:decoder|qc_llr_bank:llr_bank_inst|mem[49][16]                ;
; qc_ldpc_decoder_top:decoder|qc_llr_bank:llr_bank_inst|mem[49][20]               ; Merged with qc_ldpc_decoder_top:decoder|qc_llr_bank:llr_bank_inst|mem[49][16]                ;
; qc_ldpc_decoder_top:decoder|qc_llr_bank:llr_bank_inst|mem[49][22]               ; Merged with qc_ldpc_decoder_top:decoder|qc_llr_bank:llr_bank_inst|mem[49][16]                ;
; qc_ldpc_decoder_top:decoder|qc_llr_bank:llr_bank_inst|mem[50][17]               ; Merged with qc_ldpc_decoder_top:decoder|qc_llr_bank:llr_bank_inst|mem[50][16]                ;
; qc_ldpc_decoder_top:decoder|qc_llr_bank:llr_bank_inst|mem[50][18]               ; Merged with qc_ldpc_decoder_top:decoder|qc_llr_bank:llr_bank_inst|mem[50][16]                ;
; qc_ldpc_decoder_top:decoder|qc_llr_bank:llr_bank_inst|mem[50][19]               ; Merged with qc_ldpc_decoder_top:decoder|qc_llr_bank:llr_bank_inst|mem[50][16]                ;
; qc_ldpc_decoder_top:decoder|qc_llr_bank:llr_bank_inst|mem[50][20]               ; Merged with qc_ldpc_decoder_top:decoder|qc_llr_bank:llr_bank_inst|mem[50][16]                ;
; qc_ldpc_decoder_top:decoder|qc_llr_bank:llr_bank_inst|mem[50][22]               ; Merged with qc_ldpc_decoder_top:decoder|qc_llr_bank:llr_bank_inst|mem[50][16]                ;
; qc_ldpc_decoder_top:decoder|qc_llr_bank:llr_bank_inst|mem[51][17]               ; Merged with qc_ldpc_decoder_top:decoder|qc_llr_bank:llr_bank_inst|mem[51][16]                ;
; qc_ldpc_decoder_top:decoder|qc_llr_bank:llr_bank_inst|mem[51][18]               ; Merged with qc_ldpc_decoder_top:decoder|qc_llr_bank:llr_bank_inst|mem[51][16]                ;
; qc_ldpc_decoder_top:decoder|qc_llr_bank:llr_bank_inst|mem[51][19]               ; Merged with qc_ldpc_decoder_top:decoder|qc_llr_bank:llr_bank_inst|mem[51][16]                ;
; qc_ldpc_decoder_top:decoder|qc_llr_bank:llr_bank_inst|mem[51][20]               ; Merged with qc_ldpc_decoder_top:decoder|qc_llr_bank:llr_bank_inst|mem[51][16]                ;
; qc_ldpc_decoder_top:decoder|qc_llr_bank:llr_bank_inst|mem[51][22]               ; Merged with qc_ldpc_decoder_top:decoder|qc_llr_bank:llr_bank_inst|mem[51][16]                ;
; qc_ldpc_decoder_top:decoder|qc_llr_bank:llr_bank_inst|mem[52][17]               ; Merged with qc_ldpc_decoder_top:decoder|qc_llr_bank:llr_bank_inst|mem[52][16]                ;
; qc_ldpc_decoder_top:decoder|qc_llr_bank:llr_bank_inst|mem[52][18]               ; Merged with qc_ldpc_decoder_top:decoder|qc_llr_bank:llr_bank_inst|mem[52][16]                ;
; qc_ldpc_decoder_top:decoder|qc_llr_bank:llr_bank_inst|mem[52][19]               ; Merged with qc_ldpc_decoder_top:decoder|qc_llr_bank:llr_bank_inst|mem[52][16]                ;
; qc_ldpc_decoder_top:decoder|qc_llr_bank:llr_bank_inst|mem[52][20]               ; Merged with qc_ldpc_decoder_top:decoder|qc_llr_bank:llr_bank_inst|mem[52][16]                ;
; qc_ldpc_decoder_top:decoder|qc_llr_bank:llr_bank_inst|mem[52][22]               ; Merged with qc_ldpc_decoder_top:decoder|qc_llr_bank:llr_bank_inst|mem[52][16]                ;
; qc_ldpc_decoder_top:decoder|qc_llr_bank:llr_bank_inst|mem[53][17]               ; Merged with qc_ldpc_decoder_top:decoder|qc_llr_bank:llr_bank_inst|mem[53][16]                ;
; qc_ldpc_decoder_top:decoder|qc_llr_bank:llr_bank_inst|mem[53][18]               ; Merged with qc_ldpc_decoder_top:decoder|qc_llr_bank:llr_bank_inst|mem[53][16]                ;
; qc_ldpc_decoder_top:decoder|qc_llr_bank:llr_bank_inst|mem[53][19]               ; Merged with qc_ldpc_decoder_top:decoder|qc_llr_bank:llr_bank_inst|mem[53][16]                ;
; qc_ldpc_decoder_top:decoder|qc_llr_bank:llr_bank_inst|mem[53][20]               ; Merged with qc_ldpc_decoder_top:decoder|qc_llr_bank:llr_bank_inst|mem[53][16]                ;
; qc_ldpc_decoder_top:decoder|qc_llr_bank:llr_bank_inst|mem[53][22]               ; Merged with qc_ldpc_decoder_top:decoder|qc_llr_bank:llr_bank_inst|mem[53][16]                ;
; qc_ldpc_decoder_top:decoder|qc_llr_bank:llr_bank_inst|mem[54][17]               ; Merged with qc_ldpc_decoder_top:decoder|qc_llr_bank:llr_bank_inst|mem[54][16]                ;
; qc_ldpc_decoder_top:decoder|qc_llr_bank:llr_bank_inst|mem[54][18]               ; Merged with qc_ldpc_decoder_top:decoder|qc_llr_bank:llr_bank_inst|mem[54][16]                ;
; qc_ldpc_decoder_top:decoder|qc_llr_bank:llr_bank_inst|mem[54][19]               ; Merged with qc_ldpc_decoder_top:decoder|qc_llr_bank:llr_bank_inst|mem[54][16]                ;
; qc_ldpc_decoder_top:decoder|qc_llr_bank:llr_bank_inst|mem[54][20]               ; Merged with qc_ldpc_decoder_top:decoder|qc_llr_bank:llr_bank_inst|mem[54][16]                ;
; qc_ldpc_decoder_top:decoder|qc_llr_bank:llr_bank_inst|mem[54][22]               ; Merged with qc_ldpc_decoder_top:decoder|qc_llr_bank:llr_bank_inst|mem[54][16]                ;
; qc_ldpc_decoder_top:decoder|qc_llr_bank:llr_bank_inst|mem[55][17]               ; Merged with qc_ldpc_decoder_top:decoder|qc_llr_bank:llr_bank_inst|mem[55][16]                ;
; qc_ldpc_decoder_top:decoder|qc_llr_bank:llr_bank_inst|mem[55][18]               ; Merged with qc_ldpc_decoder_top:decoder|qc_llr_bank:llr_bank_inst|mem[55][16]                ;
; qc_ldpc_decoder_top:decoder|qc_llr_bank:llr_bank_inst|mem[55][19]               ; Merged with qc_ldpc_decoder_top:decoder|qc_llr_bank:llr_bank_inst|mem[55][16]                ;
; qc_ldpc_decoder_top:decoder|qc_llr_bank:llr_bank_inst|mem[55][20]               ; Merged with qc_ldpc_decoder_top:decoder|qc_llr_bank:llr_bank_inst|mem[55][16]                ;
; qc_ldpc_decoder_top:decoder|qc_llr_bank:llr_bank_inst|mem[55][22]               ; Merged with qc_ldpc_decoder_top:decoder|qc_llr_bank:llr_bank_inst|mem[55][16]                ;
; qc_ldpc_decoder_top:decoder|qc_llr_bank:llr_bank_inst|mem[56][17]               ; Merged with qc_ldpc_decoder_top:decoder|qc_llr_bank:llr_bank_inst|mem[56][16]                ;
; qc_ldpc_decoder_top:decoder|qc_llr_bank:llr_bank_inst|mem[56][18]               ; Merged with qc_ldpc_decoder_top:decoder|qc_llr_bank:llr_bank_inst|mem[56][16]                ;
; qc_ldpc_decoder_top:decoder|qc_llr_bank:llr_bank_inst|mem[56][19]               ; Merged with qc_ldpc_decoder_top:decoder|qc_llr_bank:llr_bank_inst|mem[56][16]                ;
; qc_ldpc_decoder_top:decoder|qc_llr_bank:llr_bank_inst|mem[56][20]               ; Merged with qc_ldpc_decoder_top:decoder|qc_llr_bank:llr_bank_inst|mem[56][16]                ;
; qc_ldpc_decoder_top:decoder|qc_llr_bank:llr_bank_inst|mem[56][22]               ; Merged with qc_ldpc_decoder_top:decoder|qc_llr_bank:llr_bank_inst|mem[56][16]                ;
; qc_ldpc_decoder_top:decoder|qc_llr_bank:llr_bank_inst|mem[57][17]               ; Merged with qc_ldpc_decoder_top:decoder|qc_llr_bank:llr_bank_inst|mem[57][16]                ;
; qc_ldpc_decoder_top:decoder|qc_llr_bank:llr_bank_inst|mem[57][18]               ; Merged with qc_ldpc_decoder_top:decoder|qc_llr_bank:llr_bank_inst|mem[57][16]                ;
; qc_ldpc_decoder_top:decoder|qc_llr_bank:llr_bank_inst|mem[57][19]               ; Merged with qc_ldpc_decoder_top:decoder|qc_llr_bank:llr_bank_inst|mem[57][16]                ;
; qc_ldpc_decoder_top:decoder|qc_llr_bank:llr_bank_inst|mem[57][20]               ; Merged with qc_ldpc_decoder_top:decoder|qc_llr_bank:llr_bank_inst|mem[57][16]                ;
; qc_ldpc_decoder_top:decoder|qc_llr_bank:llr_bank_inst|mem[57][22]               ; Merged with qc_ldpc_decoder_top:decoder|qc_llr_bank:llr_bank_inst|mem[57][16]                ;
; qc_ldpc_decoder_top:decoder|qc_llr_bank:llr_bank_inst|mem[58][17]               ; Merged with qc_ldpc_decoder_top:decoder|qc_llr_bank:llr_bank_inst|mem[58][16]                ;
; qc_ldpc_decoder_top:decoder|qc_llr_bank:llr_bank_inst|mem[58][18]               ; Merged with qc_ldpc_decoder_top:decoder|qc_llr_bank:llr_bank_inst|mem[58][16]                ;
; qc_ldpc_decoder_top:decoder|qc_llr_bank:llr_bank_inst|mem[58][19]               ; Merged with qc_ldpc_decoder_top:decoder|qc_llr_bank:llr_bank_inst|mem[58][16]                ;
; qc_ldpc_decoder_top:decoder|qc_llr_bank:llr_bank_inst|mem[58][20]               ; Merged with qc_ldpc_decoder_top:decoder|qc_llr_bank:llr_bank_inst|mem[58][16]                ;
; qc_ldpc_decoder_top:decoder|qc_llr_bank:llr_bank_inst|mem[58][22]               ; Merged with qc_ldpc_decoder_top:decoder|qc_llr_bank:llr_bank_inst|mem[58][16]                ;
; qc_ldpc_decoder_top:decoder|qc_llr_bank:llr_bank_inst|mem[59][17]               ; Merged with qc_ldpc_decoder_top:decoder|qc_llr_bank:llr_bank_inst|mem[59][16]                ;
; qc_ldpc_decoder_top:decoder|qc_llr_bank:llr_bank_inst|mem[59][18]               ; Merged with qc_ldpc_decoder_top:decoder|qc_llr_bank:llr_bank_inst|mem[59][16]                ;
; qc_ldpc_decoder_top:decoder|qc_llr_bank:llr_bank_inst|mem[59][19]               ; Merged with qc_ldpc_decoder_top:decoder|qc_llr_bank:llr_bank_inst|mem[59][16]                ;
; qc_ldpc_decoder_top:decoder|qc_llr_bank:llr_bank_inst|mem[59][20]               ; Merged with qc_ldpc_decoder_top:decoder|qc_llr_bank:llr_bank_inst|mem[59][16]                ;
; qc_ldpc_decoder_top:decoder|qc_llr_bank:llr_bank_inst|mem[59][22]               ; Merged with qc_ldpc_decoder_top:decoder|qc_llr_bank:llr_bank_inst|mem[59][16]                ;
; qc_ldpc_decoder_top:decoder|qc_llr_bank:llr_bank_inst|mem[60][17]               ; Merged with qc_ldpc_decoder_top:decoder|qc_llr_bank:llr_bank_inst|mem[60][16]                ;
; qc_ldpc_decoder_top:decoder|qc_llr_bank:llr_bank_inst|mem[60][18]               ; Merged with qc_ldpc_decoder_top:decoder|qc_llr_bank:llr_bank_inst|mem[60][16]                ;
; qc_ldpc_decoder_top:decoder|qc_llr_bank:llr_bank_inst|mem[60][19]               ; Merged with qc_ldpc_decoder_top:decoder|qc_llr_bank:llr_bank_inst|mem[60][16]                ;
; qc_ldpc_decoder_top:decoder|qc_llr_bank:llr_bank_inst|mem[60][20]               ; Merged with qc_ldpc_decoder_top:decoder|qc_llr_bank:llr_bank_inst|mem[60][16]                ;
; qc_ldpc_decoder_top:decoder|qc_llr_bank:llr_bank_inst|mem[60][22]               ; Merged with qc_ldpc_decoder_top:decoder|qc_llr_bank:llr_bank_inst|mem[60][16]                ;
; qc_ldpc_decoder_top:decoder|qc_llr_bank:llr_bank_inst|mem[61][17]               ; Merged with qc_ldpc_decoder_top:decoder|qc_llr_bank:llr_bank_inst|mem[61][16]                ;
; qc_ldpc_decoder_top:decoder|qc_llr_bank:llr_bank_inst|mem[61][18]               ; Merged with qc_ldpc_decoder_top:decoder|qc_llr_bank:llr_bank_inst|mem[61][16]                ;
; qc_ldpc_decoder_top:decoder|qc_llr_bank:llr_bank_inst|mem[61][19]               ; Merged with qc_ldpc_decoder_top:decoder|qc_llr_bank:llr_bank_inst|mem[61][16]                ;
; qc_ldpc_decoder_top:decoder|qc_llr_bank:llr_bank_inst|mem[61][20]               ; Merged with qc_ldpc_decoder_top:decoder|qc_llr_bank:llr_bank_inst|mem[61][16]                ;
; qc_ldpc_decoder_top:decoder|qc_llr_bank:llr_bank_inst|mem[61][22]               ; Merged with qc_ldpc_decoder_top:decoder|qc_llr_bank:llr_bank_inst|mem[61][16]                ;
; qc_ldpc_decoder_top:decoder|qc_llr_bank:llr_bank_inst|mem[62][17]               ; Merged with qc_ldpc_decoder_top:decoder|qc_llr_bank:llr_bank_inst|mem[62][16]                ;
; qc_ldpc_decoder_top:decoder|qc_llr_bank:llr_bank_inst|mem[62][18]               ; Merged with qc_ldpc_decoder_top:decoder|qc_llr_bank:llr_bank_inst|mem[62][16]                ;
; qc_ldpc_decoder_top:decoder|qc_llr_bank:llr_bank_inst|mem[62][19]               ; Merged with qc_ldpc_decoder_top:decoder|qc_llr_bank:llr_bank_inst|mem[62][16]                ;
; qc_ldpc_decoder_top:decoder|qc_llr_bank:llr_bank_inst|mem[62][20]               ; Merged with qc_ldpc_decoder_top:decoder|qc_llr_bank:llr_bank_inst|mem[62][16]                ;
; qc_ldpc_decoder_top:decoder|qc_llr_bank:llr_bank_inst|mem[62][22]               ; Merged with qc_ldpc_decoder_top:decoder|qc_llr_bank:llr_bank_inst|mem[62][16]                ;
; qc_ldpc_decoder_top:decoder|qc_llr_bank:llr_bank_inst|mem[63][17]               ; Merged with qc_ldpc_decoder_top:decoder|qc_llr_bank:llr_bank_inst|mem[63][16]                ;
; qc_ldpc_decoder_top:decoder|qc_llr_bank:llr_bank_inst|mem[63][18]               ; Merged with qc_ldpc_decoder_top:decoder|qc_llr_bank:llr_bank_inst|mem[63][16]                ;
; qc_ldpc_decoder_top:decoder|qc_llr_bank:llr_bank_inst|mem[63][19]               ; Merged with qc_ldpc_decoder_top:decoder|qc_llr_bank:llr_bank_inst|mem[63][16]                ;
; qc_ldpc_decoder_top:decoder|qc_llr_bank:llr_bank_inst|mem[63][20]               ; Merged with qc_ldpc_decoder_top:decoder|qc_llr_bank:llr_bank_inst|mem[63][16]                ;
; qc_ldpc_decoder_top:decoder|qc_llr_bank:llr_bank_inst|mem[63][22]               ; Merged with qc_ldpc_decoder_top:decoder|qc_llr_bank:llr_bank_inst|mem[63][16]                ;
; qc_ldpc_decoder_top:decoder|qc_llr_bank:llr_bank_inst|mem[0][11]                ; Merged with qc_ldpc_decoder_top:decoder|qc_llr_bank:llr_bank_inst|mem[0][10]                 ;
; qc_ldpc_decoder_top:decoder|qc_llr_bank:llr_bank_inst|mem[0][12]                ; Merged with qc_ldpc_decoder_top:decoder|qc_llr_bank:llr_bank_inst|mem[0][10]                 ;
; qc_ldpc_decoder_top:decoder|qc_llr_bank:llr_bank_inst|mem[0][14]                ; Merged with qc_ldpc_decoder_top:decoder|qc_llr_bank:llr_bank_inst|mem[0][10]                 ;
; qc_ldpc_decoder_top:decoder|qc_llr_bank:llr_bank_inst|mem[0][8]                 ; Merged with qc_ldpc_decoder_top:decoder|qc_llr_bank:llr_bank_inst|mem[0][10]                 ;
; qc_ldpc_decoder_top:decoder|qc_llr_bank:llr_bank_inst|mem[0][9]                 ; Merged with qc_ldpc_decoder_top:decoder|qc_llr_bank:llr_bank_inst|mem[0][10]                 ;
; qc_ldpc_decoder_top:decoder|qc_llr_bank:llr_bank_inst|mem[1][11]                ; Merged with qc_ldpc_decoder_top:decoder|qc_llr_bank:llr_bank_inst|mem[1][10]                 ;
; qc_ldpc_decoder_top:decoder|qc_llr_bank:llr_bank_inst|mem[1][12]                ; Merged with qc_ldpc_decoder_top:decoder|qc_llr_bank:llr_bank_inst|mem[1][10]                 ;
; qc_ldpc_decoder_top:decoder|qc_llr_bank:llr_bank_inst|mem[1][14]                ; Merged with qc_ldpc_decoder_top:decoder|qc_llr_bank:llr_bank_inst|mem[1][10]                 ;
; qc_ldpc_decoder_top:decoder|qc_llr_bank:llr_bank_inst|mem[1][8]                 ; Merged with qc_ldpc_decoder_top:decoder|qc_llr_bank:llr_bank_inst|mem[1][10]                 ;
; qc_ldpc_decoder_top:decoder|qc_llr_bank:llr_bank_inst|mem[1][9]                 ; Merged with qc_ldpc_decoder_top:decoder|qc_llr_bank:llr_bank_inst|mem[1][10]                 ;
; qc_ldpc_decoder_top:decoder|qc_llr_bank:llr_bank_inst|mem[2][11]                ; Merged with qc_ldpc_decoder_top:decoder|qc_llr_bank:llr_bank_inst|mem[2][10]                 ;
; qc_ldpc_decoder_top:decoder|qc_llr_bank:llr_bank_inst|mem[2][12]                ; Merged with qc_ldpc_decoder_top:decoder|qc_llr_bank:llr_bank_inst|mem[2][10]                 ;
; qc_ldpc_decoder_top:decoder|qc_llr_bank:llr_bank_inst|mem[2][14]                ; Merged with qc_ldpc_decoder_top:decoder|qc_llr_bank:llr_bank_inst|mem[2][10]                 ;
; qc_ldpc_decoder_top:decoder|qc_llr_bank:llr_bank_inst|mem[2][8]                 ; Merged with qc_ldpc_decoder_top:decoder|qc_llr_bank:llr_bank_inst|mem[2][10]                 ;
; qc_ldpc_decoder_top:decoder|qc_llr_bank:llr_bank_inst|mem[2][9]                 ; Merged with qc_ldpc_decoder_top:decoder|qc_llr_bank:llr_bank_inst|mem[2][10]                 ;
; qc_ldpc_decoder_top:decoder|qc_llr_bank:llr_bank_inst|mem[3][11]                ; Merged with qc_ldpc_decoder_top:decoder|qc_llr_bank:llr_bank_inst|mem[3][10]                 ;
; qc_ldpc_decoder_top:decoder|qc_llr_bank:llr_bank_inst|mem[3][12]                ; Merged with qc_ldpc_decoder_top:decoder|qc_llr_bank:llr_bank_inst|mem[3][10]                 ;
; qc_ldpc_decoder_top:decoder|qc_llr_bank:llr_bank_inst|mem[3][14]                ; Merged with qc_ldpc_decoder_top:decoder|qc_llr_bank:llr_bank_inst|mem[3][10]                 ;
; qc_ldpc_decoder_top:decoder|qc_llr_bank:llr_bank_inst|mem[3][8]                 ; Merged with qc_ldpc_decoder_top:decoder|qc_llr_bank:llr_bank_inst|mem[3][10]                 ;
; qc_ldpc_decoder_top:decoder|qc_llr_bank:llr_bank_inst|mem[3][9]                 ; Merged with qc_ldpc_decoder_top:decoder|qc_llr_bank:llr_bank_inst|mem[3][10]                 ;
; qc_ldpc_decoder_top:decoder|qc_llr_bank:llr_bank_inst|mem[4][11]                ; Merged with qc_ldpc_decoder_top:decoder|qc_llr_bank:llr_bank_inst|mem[4][10]                 ;
; qc_ldpc_decoder_top:decoder|qc_llr_bank:llr_bank_inst|mem[4][12]                ; Merged with qc_ldpc_decoder_top:decoder|qc_llr_bank:llr_bank_inst|mem[4][10]                 ;
; qc_ldpc_decoder_top:decoder|qc_llr_bank:llr_bank_inst|mem[4][14]                ; Merged with qc_ldpc_decoder_top:decoder|qc_llr_bank:llr_bank_inst|mem[4][10]                 ;
; qc_ldpc_decoder_top:decoder|qc_llr_bank:llr_bank_inst|mem[4][8]                 ; Merged with qc_ldpc_decoder_top:decoder|qc_llr_bank:llr_bank_inst|mem[4][10]                 ;
; qc_ldpc_decoder_top:decoder|qc_llr_bank:llr_bank_inst|mem[4][9]                 ; Merged with qc_ldpc_decoder_top:decoder|qc_llr_bank:llr_bank_inst|mem[4][10]                 ;
; qc_ldpc_decoder_top:decoder|qc_llr_bank:llr_bank_inst|mem[5][11]                ; Merged with qc_ldpc_decoder_top:decoder|qc_llr_bank:llr_bank_inst|mem[5][10]                 ;
; qc_ldpc_decoder_top:decoder|qc_llr_bank:llr_bank_inst|mem[5][12]                ; Merged with qc_ldpc_decoder_top:decoder|qc_llr_bank:llr_bank_inst|mem[5][10]                 ;
; qc_ldpc_decoder_top:decoder|qc_llr_bank:llr_bank_inst|mem[5][14]                ; Merged with qc_ldpc_decoder_top:decoder|qc_llr_bank:llr_bank_inst|mem[5][10]                 ;
; qc_ldpc_decoder_top:decoder|qc_llr_bank:llr_bank_inst|mem[5][8]                 ; Merged with qc_ldpc_decoder_top:decoder|qc_llr_bank:llr_bank_inst|mem[5][10]                 ;
; qc_ldpc_decoder_top:decoder|qc_llr_bank:llr_bank_inst|mem[5][9]                 ; Merged with qc_ldpc_decoder_top:decoder|qc_llr_bank:llr_bank_inst|mem[5][10]                 ;
; qc_ldpc_decoder_top:decoder|qc_llr_bank:llr_bank_inst|mem[6][11]                ; Merged with qc_ldpc_decoder_top:decoder|qc_llr_bank:llr_bank_inst|mem[6][10]                 ;
; qc_ldpc_decoder_top:decoder|qc_llr_bank:llr_bank_inst|mem[6][12]                ; Merged with qc_ldpc_decoder_top:decoder|qc_llr_bank:llr_bank_inst|mem[6][10]                 ;
; qc_ldpc_decoder_top:decoder|qc_llr_bank:llr_bank_inst|mem[6][14]                ; Merged with qc_ldpc_decoder_top:decoder|qc_llr_bank:llr_bank_inst|mem[6][10]                 ;
; qc_ldpc_decoder_top:decoder|qc_llr_bank:llr_bank_inst|mem[6][8]                 ; Merged with qc_ldpc_decoder_top:decoder|qc_llr_bank:llr_bank_inst|mem[6][10]                 ;
; qc_ldpc_decoder_top:decoder|qc_llr_bank:llr_bank_inst|mem[6][9]                 ; Merged with qc_ldpc_decoder_top:decoder|qc_llr_bank:llr_bank_inst|mem[6][10]                 ;
; qc_ldpc_decoder_top:decoder|qc_llr_bank:llr_bank_inst|mem[7][11]                ; Merged with qc_ldpc_decoder_top:decoder|qc_llr_bank:llr_bank_inst|mem[7][10]                 ;
; qc_ldpc_decoder_top:decoder|qc_llr_bank:llr_bank_inst|mem[7][12]                ; Merged with qc_ldpc_decoder_top:decoder|qc_llr_bank:llr_bank_inst|mem[7][10]                 ;
; qc_ldpc_decoder_top:decoder|qc_llr_bank:llr_bank_inst|mem[7][14]                ; Merged with qc_ldpc_decoder_top:decoder|qc_llr_bank:llr_bank_inst|mem[7][10]                 ;
; qc_ldpc_decoder_top:decoder|qc_llr_bank:llr_bank_inst|mem[7][8]                 ; Merged with qc_ldpc_decoder_top:decoder|qc_llr_bank:llr_bank_inst|mem[7][10]                 ;
; qc_ldpc_decoder_top:decoder|qc_llr_bank:llr_bank_inst|mem[7][9]                 ; Merged with qc_ldpc_decoder_top:decoder|qc_llr_bank:llr_bank_inst|mem[7][10]                 ;
; qc_ldpc_decoder_top:decoder|qc_llr_bank:llr_bank_inst|mem[8][11]                ; Merged with qc_ldpc_decoder_top:decoder|qc_llr_bank:llr_bank_inst|mem[8][10]                 ;
; qc_ldpc_decoder_top:decoder|qc_llr_bank:llr_bank_inst|mem[8][12]                ; Merged with qc_ldpc_decoder_top:decoder|qc_llr_bank:llr_bank_inst|mem[8][10]                 ;
; qc_ldpc_decoder_top:decoder|qc_llr_bank:llr_bank_inst|mem[8][14]                ; Merged with qc_ldpc_decoder_top:decoder|qc_llr_bank:llr_bank_inst|mem[8][10]                 ;
; qc_ldpc_decoder_top:decoder|qc_llr_bank:llr_bank_inst|mem[8][8]                 ; Merged with qc_ldpc_decoder_top:decoder|qc_llr_bank:llr_bank_inst|mem[8][10]                 ;
; qc_ldpc_decoder_top:decoder|qc_llr_bank:llr_bank_inst|mem[8][9]                 ; Merged with qc_ldpc_decoder_top:decoder|qc_llr_bank:llr_bank_inst|mem[8][10]                 ;
; qc_ldpc_decoder_top:decoder|qc_llr_bank:llr_bank_inst|mem[9][11]                ; Merged with qc_ldpc_decoder_top:decoder|qc_llr_bank:llr_bank_inst|mem[9][10]                 ;
; qc_ldpc_decoder_top:decoder|qc_llr_bank:llr_bank_inst|mem[9][12]                ; Merged with qc_ldpc_decoder_top:decoder|qc_llr_bank:llr_bank_inst|mem[9][10]                 ;
; qc_ldpc_decoder_top:decoder|qc_llr_bank:llr_bank_inst|mem[9][14]                ; Merged with qc_ldpc_decoder_top:decoder|qc_llr_bank:llr_bank_inst|mem[9][10]                 ;
; qc_ldpc_decoder_top:decoder|qc_llr_bank:llr_bank_inst|mem[9][8]                 ; Merged with qc_ldpc_decoder_top:decoder|qc_llr_bank:llr_bank_inst|mem[9][10]                 ;
; qc_ldpc_decoder_top:decoder|qc_llr_bank:llr_bank_inst|mem[9][9]                 ; Merged with qc_ldpc_decoder_top:decoder|qc_llr_bank:llr_bank_inst|mem[9][10]                 ;
; qc_ldpc_decoder_top:decoder|qc_llr_bank:llr_bank_inst|mem[10][11]               ; Merged with qc_ldpc_decoder_top:decoder|qc_llr_bank:llr_bank_inst|mem[10][10]                ;
; qc_ldpc_decoder_top:decoder|qc_llr_bank:llr_bank_inst|mem[10][12]               ; Merged with qc_ldpc_decoder_top:decoder|qc_llr_bank:llr_bank_inst|mem[10][10]                ;
; qc_ldpc_decoder_top:decoder|qc_llr_bank:llr_bank_inst|mem[10][14]               ; Merged with qc_ldpc_decoder_top:decoder|qc_llr_bank:llr_bank_inst|mem[10][10]                ;
; qc_ldpc_decoder_top:decoder|qc_llr_bank:llr_bank_inst|mem[10][8]                ; Merged with qc_ldpc_decoder_top:decoder|qc_llr_bank:llr_bank_inst|mem[10][10]                ;
; qc_ldpc_decoder_top:decoder|qc_llr_bank:llr_bank_inst|mem[10][9]                ; Merged with qc_ldpc_decoder_top:decoder|qc_llr_bank:llr_bank_inst|mem[10][10]                ;
; qc_ldpc_decoder_top:decoder|qc_llr_bank:llr_bank_inst|mem[11][11]               ; Merged with qc_ldpc_decoder_top:decoder|qc_llr_bank:llr_bank_inst|mem[11][10]                ;
; qc_ldpc_decoder_top:decoder|qc_llr_bank:llr_bank_inst|mem[11][12]               ; Merged with qc_ldpc_decoder_top:decoder|qc_llr_bank:llr_bank_inst|mem[11][10]                ;
; qc_ldpc_decoder_top:decoder|qc_llr_bank:llr_bank_inst|mem[11][14]               ; Merged with qc_ldpc_decoder_top:decoder|qc_llr_bank:llr_bank_inst|mem[11][10]                ;
; qc_ldpc_decoder_top:decoder|qc_llr_bank:llr_bank_inst|mem[11][8]                ; Merged with qc_ldpc_decoder_top:decoder|qc_llr_bank:llr_bank_inst|mem[11][10]                ;
; qc_ldpc_decoder_top:decoder|qc_llr_bank:llr_bank_inst|mem[11][9]                ; Merged with qc_ldpc_decoder_top:decoder|qc_llr_bank:llr_bank_inst|mem[11][10]                ;
; qc_ldpc_decoder_top:decoder|qc_llr_bank:llr_bank_inst|mem[12][11]               ; Merged with qc_ldpc_decoder_top:decoder|qc_llr_bank:llr_bank_inst|mem[12][10]                ;
; qc_ldpc_decoder_top:decoder|qc_llr_bank:llr_bank_inst|mem[12][12]               ; Merged with qc_ldpc_decoder_top:decoder|qc_llr_bank:llr_bank_inst|mem[12][10]                ;
; qc_ldpc_decoder_top:decoder|qc_llr_bank:llr_bank_inst|mem[12][14]               ; Merged with qc_ldpc_decoder_top:decoder|qc_llr_bank:llr_bank_inst|mem[12][10]                ;
; qc_ldpc_decoder_top:decoder|qc_llr_bank:llr_bank_inst|mem[12][8]                ; Merged with qc_ldpc_decoder_top:decoder|qc_llr_bank:llr_bank_inst|mem[12][10]                ;
; qc_ldpc_decoder_top:decoder|qc_llr_bank:llr_bank_inst|mem[12][9]                ; Merged with qc_ldpc_decoder_top:decoder|qc_llr_bank:llr_bank_inst|mem[12][10]                ;
; qc_ldpc_decoder_top:decoder|qc_llr_bank:llr_bank_inst|mem[13][11]               ; Merged with qc_ldpc_decoder_top:decoder|qc_llr_bank:llr_bank_inst|mem[13][10]                ;
; qc_ldpc_decoder_top:decoder|qc_llr_bank:llr_bank_inst|mem[13][12]               ; Merged with qc_ldpc_decoder_top:decoder|qc_llr_bank:llr_bank_inst|mem[13][10]                ;
; qc_ldpc_decoder_top:decoder|qc_llr_bank:llr_bank_inst|mem[13][14]               ; Merged with qc_ldpc_decoder_top:decoder|qc_llr_bank:llr_bank_inst|mem[13][10]                ;
; qc_ldpc_decoder_top:decoder|qc_llr_bank:llr_bank_inst|mem[13][8]                ; Merged with qc_ldpc_decoder_top:decoder|qc_llr_bank:llr_bank_inst|mem[13][10]                ;
; qc_ldpc_decoder_top:decoder|qc_llr_bank:llr_bank_inst|mem[13][9]                ; Merged with qc_ldpc_decoder_top:decoder|qc_llr_bank:llr_bank_inst|mem[13][10]                ;
; qc_ldpc_decoder_top:decoder|qc_llr_bank:llr_bank_inst|mem[14][11]               ; Merged with qc_ldpc_decoder_top:decoder|qc_llr_bank:llr_bank_inst|mem[14][10]                ;
; qc_ldpc_decoder_top:decoder|qc_llr_bank:llr_bank_inst|mem[14][12]               ; Merged with qc_ldpc_decoder_top:decoder|qc_llr_bank:llr_bank_inst|mem[14][10]                ;
; qc_ldpc_decoder_top:decoder|qc_llr_bank:llr_bank_inst|mem[14][14]               ; Merged with qc_ldpc_decoder_top:decoder|qc_llr_bank:llr_bank_inst|mem[14][10]                ;
; qc_ldpc_decoder_top:decoder|qc_llr_bank:llr_bank_inst|mem[14][8]                ; Merged with qc_ldpc_decoder_top:decoder|qc_llr_bank:llr_bank_inst|mem[14][10]                ;
; qc_ldpc_decoder_top:decoder|qc_llr_bank:llr_bank_inst|mem[14][9]                ; Merged with qc_ldpc_decoder_top:decoder|qc_llr_bank:llr_bank_inst|mem[14][10]                ;
; qc_ldpc_decoder_top:decoder|qc_llr_bank:llr_bank_inst|mem[15][11]               ; Merged with qc_ldpc_decoder_top:decoder|qc_llr_bank:llr_bank_inst|mem[15][10]                ;
; qc_ldpc_decoder_top:decoder|qc_llr_bank:llr_bank_inst|mem[15][12]               ; Merged with qc_ldpc_decoder_top:decoder|qc_llr_bank:llr_bank_inst|mem[15][10]                ;
; qc_ldpc_decoder_top:decoder|qc_llr_bank:llr_bank_inst|mem[15][14]               ; Merged with qc_ldpc_decoder_top:decoder|qc_llr_bank:llr_bank_inst|mem[15][10]                ;
; qc_ldpc_decoder_top:decoder|qc_llr_bank:llr_bank_inst|mem[15][8]                ; Merged with qc_ldpc_decoder_top:decoder|qc_llr_bank:llr_bank_inst|mem[15][10]                ;
; qc_ldpc_decoder_top:decoder|qc_llr_bank:llr_bank_inst|mem[15][9]                ; Merged with qc_ldpc_decoder_top:decoder|qc_llr_bank:llr_bank_inst|mem[15][10]                ;
; qc_ldpc_decoder_top:decoder|qc_llr_bank:llr_bank_inst|mem[16][11]               ; Merged with qc_ldpc_decoder_top:decoder|qc_llr_bank:llr_bank_inst|mem[16][10]                ;
; qc_ldpc_decoder_top:decoder|qc_llr_bank:llr_bank_inst|mem[16][12]               ; Merged with qc_ldpc_decoder_top:decoder|qc_llr_bank:llr_bank_inst|mem[16][10]                ;
; qc_ldpc_decoder_top:decoder|qc_llr_bank:llr_bank_inst|mem[16][14]               ; Merged with qc_ldpc_decoder_top:decoder|qc_llr_bank:llr_bank_inst|mem[16][10]                ;
; qc_ldpc_decoder_top:decoder|qc_llr_bank:llr_bank_inst|mem[16][8]                ; Merged with qc_ldpc_decoder_top:decoder|qc_llr_bank:llr_bank_inst|mem[16][10]                ;
; qc_ldpc_decoder_top:decoder|qc_llr_bank:llr_bank_inst|mem[16][9]                ; Merged with qc_ldpc_decoder_top:decoder|qc_llr_bank:llr_bank_inst|mem[16][10]                ;
; qc_ldpc_decoder_top:decoder|qc_llr_bank:llr_bank_inst|mem[17][11]               ; Merged with qc_ldpc_decoder_top:decoder|qc_llr_bank:llr_bank_inst|mem[17][10]                ;
; qc_ldpc_decoder_top:decoder|qc_llr_bank:llr_bank_inst|mem[17][12]               ; Merged with qc_ldpc_decoder_top:decoder|qc_llr_bank:llr_bank_inst|mem[17][10]                ;
; qc_ldpc_decoder_top:decoder|qc_llr_bank:llr_bank_inst|mem[17][14]               ; Merged with qc_ldpc_decoder_top:decoder|qc_llr_bank:llr_bank_inst|mem[17][10]                ;
; qc_ldpc_decoder_top:decoder|qc_llr_bank:llr_bank_inst|mem[17][8]                ; Merged with qc_ldpc_decoder_top:decoder|qc_llr_bank:llr_bank_inst|mem[17][10]                ;
; qc_ldpc_decoder_top:decoder|qc_llr_bank:llr_bank_inst|mem[17][9]                ; Merged with qc_ldpc_decoder_top:decoder|qc_llr_bank:llr_bank_inst|mem[17][10]                ;
; qc_ldpc_decoder_top:decoder|qc_llr_bank:llr_bank_inst|mem[18][11]               ; Merged with qc_ldpc_decoder_top:decoder|qc_llr_bank:llr_bank_inst|mem[18][10]                ;
; qc_ldpc_decoder_top:decoder|qc_llr_bank:llr_bank_inst|mem[18][12]               ; Merged with qc_ldpc_decoder_top:decoder|qc_llr_bank:llr_bank_inst|mem[18][10]                ;
; qc_ldpc_decoder_top:decoder|qc_llr_bank:llr_bank_inst|mem[18][14]               ; Merged with qc_ldpc_decoder_top:decoder|qc_llr_bank:llr_bank_inst|mem[18][10]                ;
; qc_ldpc_decoder_top:decoder|qc_llr_bank:llr_bank_inst|mem[18][8]                ; Merged with qc_ldpc_decoder_top:decoder|qc_llr_bank:llr_bank_inst|mem[18][10]                ;
; qc_ldpc_decoder_top:decoder|qc_llr_bank:llr_bank_inst|mem[18][9]                ; Merged with qc_ldpc_decoder_top:decoder|qc_llr_bank:llr_bank_inst|mem[18][10]                ;
; qc_ldpc_decoder_top:decoder|qc_llr_bank:llr_bank_inst|mem[19][11]               ; Merged with qc_ldpc_decoder_top:decoder|qc_llr_bank:llr_bank_inst|mem[19][10]                ;
; qc_ldpc_decoder_top:decoder|qc_llr_bank:llr_bank_inst|mem[19][12]               ; Merged with qc_ldpc_decoder_top:decoder|qc_llr_bank:llr_bank_inst|mem[19][10]                ;
; qc_ldpc_decoder_top:decoder|qc_llr_bank:llr_bank_inst|mem[19][14]               ; Merged with qc_ldpc_decoder_top:decoder|qc_llr_bank:llr_bank_inst|mem[19][10]                ;
; qc_ldpc_decoder_top:decoder|qc_llr_bank:llr_bank_inst|mem[19][8]                ; Merged with qc_ldpc_decoder_top:decoder|qc_llr_bank:llr_bank_inst|mem[19][10]                ;
; qc_ldpc_decoder_top:decoder|qc_llr_bank:llr_bank_inst|mem[19][9]                ; Merged with qc_ldpc_decoder_top:decoder|qc_llr_bank:llr_bank_inst|mem[19][10]                ;
; qc_ldpc_decoder_top:decoder|qc_llr_bank:llr_bank_inst|mem[20][11]               ; Merged with qc_ldpc_decoder_top:decoder|qc_llr_bank:llr_bank_inst|mem[20][10]                ;
; qc_ldpc_decoder_top:decoder|qc_llr_bank:llr_bank_inst|mem[20][12]               ; Merged with qc_ldpc_decoder_top:decoder|qc_llr_bank:llr_bank_inst|mem[20][10]                ;
; qc_ldpc_decoder_top:decoder|qc_llr_bank:llr_bank_inst|mem[20][14]               ; Merged with qc_ldpc_decoder_top:decoder|qc_llr_bank:llr_bank_inst|mem[20][10]                ;
; qc_ldpc_decoder_top:decoder|qc_llr_bank:llr_bank_inst|mem[20][8]                ; Merged with qc_ldpc_decoder_top:decoder|qc_llr_bank:llr_bank_inst|mem[20][10]                ;
; qc_ldpc_decoder_top:decoder|qc_llr_bank:llr_bank_inst|mem[20][9]                ; Merged with qc_ldpc_decoder_top:decoder|qc_llr_bank:llr_bank_inst|mem[20][10]                ;
; qc_ldpc_decoder_top:decoder|qc_llr_bank:llr_bank_inst|mem[21][11]               ; Merged with qc_ldpc_decoder_top:decoder|qc_llr_bank:llr_bank_inst|mem[21][10]                ;
; qc_ldpc_decoder_top:decoder|qc_llr_bank:llr_bank_inst|mem[21][12]               ; Merged with qc_ldpc_decoder_top:decoder|qc_llr_bank:llr_bank_inst|mem[21][10]                ;
; qc_ldpc_decoder_top:decoder|qc_llr_bank:llr_bank_inst|mem[21][14]               ; Merged with qc_ldpc_decoder_top:decoder|qc_llr_bank:llr_bank_inst|mem[21][10]                ;
; qc_ldpc_decoder_top:decoder|qc_llr_bank:llr_bank_inst|mem[21][8]                ; Merged with qc_ldpc_decoder_top:decoder|qc_llr_bank:llr_bank_inst|mem[21][10]                ;
; qc_ldpc_decoder_top:decoder|qc_llr_bank:llr_bank_inst|mem[21][9]                ; Merged with qc_ldpc_decoder_top:decoder|qc_llr_bank:llr_bank_inst|mem[21][10]                ;
; qc_ldpc_decoder_top:decoder|qc_llr_bank:llr_bank_inst|mem[22][11]               ; Merged with qc_ldpc_decoder_top:decoder|qc_llr_bank:llr_bank_inst|mem[22][10]                ;
; qc_ldpc_decoder_top:decoder|qc_llr_bank:llr_bank_inst|mem[22][12]               ; Merged with qc_ldpc_decoder_top:decoder|qc_llr_bank:llr_bank_inst|mem[22][10]                ;
; qc_ldpc_decoder_top:decoder|qc_llr_bank:llr_bank_inst|mem[22][14]               ; Merged with qc_ldpc_decoder_top:decoder|qc_llr_bank:llr_bank_inst|mem[22][10]                ;
; qc_ldpc_decoder_top:decoder|qc_llr_bank:llr_bank_inst|mem[22][8]                ; Merged with qc_ldpc_decoder_top:decoder|qc_llr_bank:llr_bank_inst|mem[22][10]                ;
; qc_ldpc_decoder_top:decoder|qc_llr_bank:llr_bank_inst|mem[22][9]                ; Merged with qc_ldpc_decoder_top:decoder|qc_llr_bank:llr_bank_inst|mem[22][10]                ;
; qc_ldpc_decoder_top:decoder|qc_llr_bank:llr_bank_inst|mem[23][11]               ; Merged with qc_ldpc_decoder_top:decoder|qc_llr_bank:llr_bank_inst|mem[23][10]                ;
; qc_ldpc_decoder_top:decoder|qc_llr_bank:llr_bank_inst|mem[23][12]               ; Merged with qc_ldpc_decoder_top:decoder|qc_llr_bank:llr_bank_inst|mem[23][10]                ;
; qc_ldpc_decoder_top:decoder|qc_llr_bank:llr_bank_inst|mem[23][14]               ; Merged with qc_ldpc_decoder_top:decoder|qc_llr_bank:llr_bank_inst|mem[23][10]                ;
; qc_ldpc_decoder_top:decoder|qc_llr_bank:llr_bank_inst|mem[23][8]                ; Merged with qc_ldpc_decoder_top:decoder|qc_llr_bank:llr_bank_inst|mem[23][10]                ;
; qc_ldpc_decoder_top:decoder|qc_llr_bank:llr_bank_inst|mem[23][9]                ; Merged with qc_ldpc_decoder_top:decoder|qc_llr_bank:llr_bank_inst|mem[23][10]                ;
; qc_ldpc_decoder_top:decoder|qc_llr_bank:llr_bank_inst|mem[24][11]               ; Merged with qc_ldpc_decoder_top:decoder|qc_llr_bank:llr_bank_inst|mem[24][10]                ;
; qc_ldpc_decoder_top:decoder|qc_llr_bank:llr_bank_inst|mem[24][12]               ; Merged with qc_ldpc_decoder_top:decoder|qc_llr_bank:llr_bank_inst|mem[24][10]                ;
; qc_ldpc_decoder_top:decoder|qc_llr_bank:llr_bank_inst|mem[24][14]               ; Merged with qc_ldpc_decoder_top:decoder|qc_llr_bank:llr_bank_inst|mem[24][10]                ;
; qc_ldpc_decoder_top:decoder|qc_llr_bank:llr_bank_inst|mem[24][8]                ; Merged with qc_ldpc_decoder_top:decoder|qc_llr_bank:llr_bank_inst|mem[24][10]                ;
; qc_ldpc_decoder_top:decoder|qc_llr_bank:llr_bank_inst|mem[24][9]                ; Merged with qc_ldpc_decoder_top:decoder|qc_llr_bank:llr_bank_inst|mem[24][10]                ;
; qc_ldpc_decoder_top:decoder|qc_llr_bank:llr_bank_inst|mem[25][11]               ; Merged with qc_ldpc_decoder_top:decoder|qc_llr_bank:llr_bank_inst|mem[25][10]                ;
; qc_ldpc_decoder_top:decoder|qc_llr_bank:llr_bank_inst|mem[25][12]               ; Merged with qc_ldpc_decoder_top:decoder|qc_llr_bank:llr_bank_inst|mem[25][10]                ;
; qc_ldpc_decoder_top:decoder|qc_llr_bank:llr_bank_inst|mem[25][14]               ; Merged with qc_ldpc_decoder_top:decoder|qc_llr_bank:llr_bank_inst|mem[25][10]                ;
; qc_ldpc_decoder_top:decoder|qc_llr_bank:llr_bank_inst|mem[25][8]                ; Merged with qc_ldpc_decoder_top:decoder|qc_llr_bank:llr_bank_inst|mem[25][10]                ;
; qc_ldpc_decoder_top:decoder|qc_llr_bank:llr_bank_inst|mem[25][9]                ; Merged with qc_ldpc_decoder_top:decoder|qc_llr_bank:llr_bank_inst|mem[25][10]                ;
; qc_ldpc_decoder_top:decoder|qc_llr_bank:llr_bank_inst|mem[26][11]               ; Merged with qc_ldpc_decoder_top:decoder|qc_llr_bank:llr_bank_inst|mem[26][10]                ;
; qc_ldpc_decoder_top:decoder|qc_llr_bank:llr_bank_inst|mem[26][12]               ; Merged with qc_ldpc_decoder_top:decoder|qc_llr_bank:llr_bank_inst|mem[26][10]                ;
; qc_ldpc_decoder_top:decoder|qc_llr_bank:llr_bank_inst|mem[26][14]               ; Merged with qc_ldpc_decoder_top:decoder|qc_llr_bank:llr_bank_inst|mem[26][10]                ;
; qc_ldpc_decoder_top:decoder|qc_llr_bank:llr_bank_inst|mem[26][8]                ; Merged with qc_ldpc_decoder_top:decoder|qc_llr_bank:llr_bank_inst|mem[26][10]                ;
; qc_ldpc_decoder_top:decoder|qc_llr_bank:llr_bank_inst|mem[26][9]                ; Merged with qc_ldpc_decoder_top:decoder|qc_llr_bank:llr_bank_inst|mem[26][10]                ;
; qc_ldpc_decoder_top:decoder|qc_llr_bank:llr_bank_inst|mem[27][11]               ; Merged with qc_ldpc_decoder_top:decoder|qc_llr_bank:llr_bank_inst|mem[27][10]                ;
; qc_ldpc_decoder_top:decoder|qc_llr_bank:llr_bank_inst|mem[27][12]               ; Merged with qc_ldpc_decoder_top:decoder|qc_llr_bank:llr_bank_inst|mem[27][10]                ;
; qc_ldpc_decoder_top:decoder|qc_llr_bank:llr_bank_inst|mem[27][14]               ; Merged with qc_ldpc_decoder_top:decoder|qc_llr_bank:llr_bank_inst|mem[27][10]                ;
; qc_ldpc_decoder_top:decoder|qc_llr_bank:llr_bank_inst|mem[27][8]                ; Merged with qc_ldpc_decoder_top:decoder|qc_llr_bank:llr_bank_inst|mem[27][10]                ;
; qc_ldpc_decoder_top:decoder|qc_llr_bank:llr_bank_inst|mem[27][9]                ; Merged with qc_ldpc_decoder_top:decoder|qc_llr_bank:llr_bank_inst|mem[27][10]                ;
; qc_ldpc_decoder_top:decoder|qc_llr_bank:llr_bank_inst|mem[28][11]               ; Merged with qc_ldpc_decoder_top:decoder|qc_llr_bank:llr_bank_inst|mem[28][10]                ;
; qc_ldpc_decoder_top:decoder|qc_llr_bank:llr_bank_inst|mem[28][12]               ; Merged with qc_ldpc_decoder_top:decoder|qc_llr_bank:llr_bank_inst|mem[28][10]                ;
; qc_ldpc_decoder_top:decoder|qc_llr_bank:llr_bank_inst|mem[28][14]               ; Merged with qc_ldpc_decoder_top:decoder|qc_llr_bank:llr_bank_inst|mem[28][10]                ;
; qc_ldpc_decoder_top:decoder|qc_llr_bank:llr_bank_inst|mem[28][8]                ; Merged with qc_ldpc_decoder_top:decoder|qc_llr_bank:llr_bank_inst|mem[28][10]                ;
; qc_ldpc_decoder_top:decoder|qc_llr_bank:llr_bank_inst|mem[28][9]                ; Merged with qc_ldpc_decoder_top:decoder|qc_llr_bank:llr_bank_inst|mem[28][10]                ;
; qc_ldpc_decoder_top:decoder|qc_llr_bank:llr_bank_inst|mem[29][11]               ; Merged with qc_ldpc_decoder_top:decoder|qc_llr_bank:llr_bank_inst|mem[29][10]                ;
; qc_ldpc_decoder_top:decoder|qc_llr_bank:llr_bank_inst|mem[29][12]               ; Merged with qc_ldpc_decoder_top:decoder|qc_llr_bank:llr_bank_inst|mem[29][10]                ;
; qc_ldpc_decoder_top:decoder|qc_llr_bank:llr_bank_inst|mem[29][14]               ; Merged with qc_ldpc_decoder_top:decoder|qc_llr_bank:llr_bank_inst|mem[29][10]                ;
; qc_ldpc_decoder_top:decoder|qc_llr_bank:llr_bank_inst|mem[29][8]                ; Merged with qc_ldpc_decoder_top:decoder|qc_llr_bank:llr_bank_inst|mem[29][10]                ;
; qc_ldpc_decoder_top:decoder|qc_llr_bank:llr_bank_inst|mem[29][9]                ; Merged with qc_ldpc_decoder_top:decoder|qc_llr_bank:llr_bank_inst|mem[29][10]                ;
; qc_ldpc_decoder_top:decoder|qc_llr_bank:llr_bank_inst|mem[30][11]               ; Merged with qc_ldpc_decoder_top:decoder|qc_llr_bank:llr_bank_inst|mem[30][10]                ;
; qc_ldpc_decoder_top:decoder|qc_llr_bank:llr_bank_inst|mem[30][12]               ; Merged with qc_ldpc_decoder_top:decoder|qc_llr_bank:llr_bank_inst|mem[30][10]                ;
; qc_ldpc_decoder_top:decoder|qc_llr_bank:llr_bank_inst|mem[30][14]               ; Merged with qc_ldpc_decoder_top:decoder|qc_llr_bank:llr_bank_inst|mem[30][10]                ;
; qc_ldpc_decoder_top:decoder|qc_llr_bank:llr_bank_inst|mem[30][8]                ; Merged with qc_ldpc_decoder_top:decoder|qc_llr_bank:llr_bank_inst|mem[30][10]                ;
; qc_ldpc_decoder_top:decoder|qc_llr_bank:llr_bank_inst|mem[30][9]                ; Merged with qc_ldpc_decoder_top:decoder|qc_llr_bank:llr_bank_inst|mem[30][10]                ;
; qc_ldpc_decoder_top:decoder|qc_llr_bank:llr_bank_inst|mem[31][11]               ; Merged with qc_ldpc_decoder_top:decoder|qc_llr_bank:llr_bank_inst|mem[31][10]                ;
; qc_ldpc_decoder_top:decoder|qc_llr_bank:llr_bank_inst|mem[31][12]               ; Merged with qc_ldpc_decoder_top:decoder|qc_llr_bank:llr_bank_inst|mem[31][10]                ;
; qc_ldpc_decoder_top:decoder|qc_llr_bank:llr_bank_inst|mem[31][14]               ; Merged with qc_ldpc_decoder_top:decoder|qc_llr_bank:llr_bank_inst|mem[31][10]                ;
; qc_ldpc_decoder_top:decoder|qc_llr_bank:llr_bank_inst|mem[31][8]                ; Merged with qc_ldpc_decoder_top:decoder|qc_llr_bank:llr_bank_inst|mem[31][10]                ;
; qc_ldpc_decoder_top:decoder|qc_llr_bank:llr_bank_inst|mem[31][9]                ; Merged with qc_ldpc_decoder_top:decoder|qc_llr_bank:llr_bank_inst|mem[31][10]                ;
; qc_ldpc_decoder_top:decoder|qc_llr_bank:llr_bank_inst|mem[32][11]               ; Merged with qc_ldpc_decoder_top:decoder|qc_llr_bank:llr_bank_inst|mem[32][10]                ;
; qc_ldpc_decoder_top:decoder|qc_llr_bank:llr_bank_inst|mem[32][12]               ; Merged with qc_ldpc_decoder_top:decoder|qc_llr_bank:llr_bank_inst|mem[32][10]                ;
; qc_ldpc_decoder_top:decoder|qc_llr_bank:llr_bank_inst|mem[32][14]               ; Merged with qc_ldpc_decoder_top:decoder|qc_llr_bank:llr_bank_inst|mem[32][10]                ;
; qc_ldpc_decoder_top:decoder|qc_llr_bank:llr_bank_inst|mem[32][8]                ; Merged with qc_ldpc_decoder_top:decoder|qc_llr_bank:llr_bank_inst|mem[32][10]                ;
; qc_ldpc_decoder_top:decoder|qc_llr_bank:llr_bank_inst|mem[32][9]                ; Merged with qc_ldpc_decoder_top:decoder|qc_llr_bank:llr_bank_inst|mem[32][10]                ;
; qc_ldpc_decoder_top:decoder|qc_llr_bank:llr_bank_inst|mem[33][11]               ; Merged with qc_ldpc_decoder_top:decoder|qc_llr_bank:llr_bank_inst|mem[33][10]                ;
; qc_ldpc_decoder_top:decoder|qc_llr_bank:llr_bank_inst|mem[33][12]               ; Merged with qc_ldpc_decoder_top:decoder|qc_llr_bank:llr_bank_inst|mem[33][10]                ;
; qc_ldpc_decoder_top:decoder|qc_llr_bank:llr_bank_inst|mem[33][14]               ; Merged with qc_ldpc_decoder_top:decoder|qc_llr_bank:llr_bank_inst|mem[33][10]                ;
; qc_ldpc_decoder_top:decoder|qc_llr_bank:llr_bank_inst|mem[33][8]                ; Merged with qc_ldpc_decoder_top:decoder|qc_llr_bank:llr_bank_inst|mem[33][10]                ;
; qc_ldpc_decoder_top:decoder|qc_llr_bank:llr_bank_inst|mem[33][9]                ; Merged with qc_ldpc_decoder_top:decoder|qc_llr_bank:llr_bank_inst|mem[33][10]                ;
; qc_ldpc_decoder_top:decoder|qc_llr_bank:llr_bank_inst|mem[34][11]               ; Merged with qc_ldpc_decoder_top:decoder|qc_llr_bank:llr_bank_inst|mem[34][10]                ;
; qc_ldpc_decoder_top:decoder|qc_llr_bank:llr_bank_inst|mem[34][12]               ; Merged with qc_ldpc_decoder_top:decoder|qc_llr_bank:llr_bank_inst|mem[34][10]                ;
; qc_ldpc_decoder_top:decoder|qc_llr_bank:llr_bank_inst|mem[34][14]               ; Merged with qc_ldpc_decoder_top:decoder|qc_llr_bank:llr_bank_inst|mem[34][10]                ;
; qc_ldpc_decoder_top:decoder|qc_llr_bank:llr_bank_inst|mem[34][8]                ; Merged with qc_ldpc_decoder_top:decoder|qc_llr_bank:llr_bank_inst|mem[34][10]                ;
; qc_ldpc_decoder_top:decoder|qc_llr_bank:llr_bank_inst|mem[34][9]                ; Merged with qc_ldpc_decoder_top:decoder|qc_llr_bank:llr_bank_inst|mem[34][10]                ;
; qc_ldpc_decoder_top:decoder|qc_llr_bank:llr_bank_inst|mem[35][11]               ; Merged with qc_ldpc_decoder_top:decoder|qc_llr_bank:llr_bank_inst|mem[35][10]                ;
; qc_ldpc_decoder_top:decoder|qc_llr_bank:llr_bank_inst|mem[35][12]               ; Merged with qc_ldpc_decoder_top:decoder|qc_llr_bank:llr_bank_inst|mem[35][10]                ;
; qc_ldpc_decoder_top:decoder|qc_llr_bank:llr_bank_inst|mem[35][14]               ; Merged with qc_ldpc_decoder_top:decoder|qc_llr_bank:llr_bank_inst|mem[35][10]                ;
; qc_ldpc_decoder_top:decoder|qc_llr_bank:llr_bank_inst|mem[35][8]                ; Merged with qc_ldpc_decoder_top:decoder|qc_llr_bank:llr_bank_inst|mem[35][10]                ;
; qc_ldpc_decoder_top:decoder|qc_llr_bank:llr_bank_inst|mem[35][9]                ; Merged with qc_ldpc_decoder_top:decoder|qc_llr_bank:llr_bank_inst|mem[35][10]                ;
; qc_ldpc_decoder_top:decoder|qc_llr_bank:llr_bank_inst|mem[36][11]               ; Merged with qc_ldpc_decoder_top:decoder|qc_llr_bank:llr_bank_inst|mem[36][10]                ;
; qc_ldpc_decoder_top:decoder|qc_llr_bank:llr_bank_inst|mem[36][12]               ; Merged with qc_ldpc_decoder_top:decoder|qc_llr_bank:llr_bank_inst|mem[36][10]                ;
; qc_ldpc_decoder_top:decoder|qc_llr_bank:llr_bank_inst|mem[36][14]               ; Merged with qc_ldpc_decoder_top:decoder|qc_llr_bank:llr_bank_inst|mem[36][10]                ;
; qc_ldpc_decoder_top:decoder|qc_llr_bank:llr_bank_inst|mem[36][8]                ; Merged with qc_ldpc_decoder_top:decoder|qc_llr_bank:llr_bank_inst|mem[36][10]                ;
; qc_ldpc_decoder_top:decoder|qc_llr_bank:llr_bank_inst|mem[36][9]                ; Merged with qc_ldpc_decoder_top:decoder|qc_llr_bank:llr_bank_inst|mem[36][10]                ;
; qc_ldpc_decoder_top:decoder|qc_llr_bank:llr_bank_inst|mem[37][11]               ; Merged with qc_ldpc_decoder_top:decoder|qc_llr_bank:llr_bank_inst|mem[37][10]                ;
; qc_ldpc_decoder_top:decoder|qc_llr_bank:llr_bank_inst|mem[37][12]               ; Merged with qc_ldpc_decoder_top:decoder|qc_llr_bank:llr_bank_inst|mem[37][10]                ;
; qc_ldpc_decoder_top:decoder|qc_llr_bank:llr_bank_inst|mem[37][14]               ; Merged with qc_ldpc_decoder_top:decoder|qc_llr_bank:llr_bank_inst|mem[37][10]                ;
; qc_ldpc_decoder_top:decoder|qc_llr_bank:llr_bank_inst|mem[37][8]                ; Merged with qc_ldpc_decoder_top:decoder|qc_llr_bank:llr_bank_inst|mem[37][10]                ;
; qc_ldpc_decoder_top:decoder|qc_llr_bank:llr_bank_inst|mem[37][9]                ; Merged with qc_ldpc_decoder_top:decoder|qc_llr_bank:llr_bank_inst|mem[37][10]                ;
; qc_ldpc_decoder_top:decoder|qc_llr_bank:llr_bank_inst|mem[38][11]               ; Merged with qc_ldpc_decoder_top:decoder|qc_llr_bank:llr_bank_inst|mem[38][10]                ;
; qc_ldpc_decoder_top:decoder|qc_llr_bank:llr_bank_inst|mem[38][12]               ; Merged with qc_ldpc_decoder_top:decoder|qc_llr_bank:llr_bank_inst|mem[38][10]                ;
; qc_ldpc_decoder_top:decoder|qc_llr_bank:llr_bank_inst|mem[38][14]               ; Merged with qc_ldpc_decoder_top:decoder|qc_llr_bank:llr_bank_inst|mem[38][10]                ;
; qc_ldpc_decoder_top:decoder|qc_llr_bank:llr_bank_inst|mem[38][8]                ; Merged with qc_ldpc_decoder_top:decoder|qc_llr_bank:llr_bank_inst|mem[38][10]                ;
; qc_ldpc_decoder_top:decoder|qc_llr_bank:llr_bank_inst|mem[38][9]                ; Merged with qc_ldpc_decoder_top:decoder|qc_llr_bank:llr_bank_inst|mem[38][10]                ;
; qc_ldpc_decoder_top:decoder|qc_llr_bank:llr_bank_inst|mem[39][11]               ; Merged with qc_ldpc_decoder_top:decoder|qc_llr_bank:llr_bank_inst|mem[39][10]                ;
; qc_ldpc_decoder_top:decoder|qc_llr_bank:llr_bank_inst|mem[39][12]               ; Merged with qc_ldpc_decoder_top:decoder|qc_llr_bank:llr_bank_inst|mem[39][10]                ;
; qc_ldpc_decoder_top:decoder|qc_llr_bank:llr_bank_inst|mem[39][14]               ; Merged with qc_ldpc_decoder_top:decoder|qc_llr_bank:llr_bank_inst|mem[39][10]                ;
; qc_ldpc_decoder_top:decoder|qc_llr_bank:llr_bank_inst|mem[39][8]                ; Merged with qc_ldpc_decoder_top:decoder|qc_llr_bank:llr_bank_inst|mem[39][10]                ;
; qc_ldpc_decoder_top:decoder|qc_llr_bank:llr_bank_inst|mem[39][9]                ; Merged with qc_ldpc_decoder_top:decoder|qc_llr_bank:llr_bank_inst|mem[39][10]                ;
; qc_ldpc_decoder_top:decoder|qc_llr_bank:llr_bank_inst|mem[40][11]               ; Merged with qc_ldpc_decoder_top:decoder|qc_llr_bank:llr_bank_inst|mem[40][10]                ;
; qc_ldpc_decoder_top:decoder|qc_llr_bank:llr_bank_inst|mem[40][12]               ; Merged with qc_ldpc_decoder_top:decoder|qc_llr_bank:llr_bank_inst|mem[40][10]                ;
; qc_ldpc_decoder_top:decoder|qc_llr_bank:llr_bank_inst|mem[40][14]               ; Merged with qc_ldpc_decoder_top:decoder|qc_llr_bank:llr_bank_inst|mem[40][10]                ;
; qc_ldpc_decoder_top:decoder|qc_llr_bank:llr_bank_inst|mem[40][8]                ; Merged with qc_ldpc_decoder_top:decoder|qc_llr_bank:llr_bank_inst|mem[40][10]                ;
; qc_ldpc_decoder_top:decoder|qc_llr_bank:llr_bank_inst|mem[40][9]                ; Merged with qc_ldpc_decoder_top:decoder|qc_llr_bank:llr_bank_inst|mem[40][10]                ;
; qc_ldpc_decoder_top:decoder|qc_llr_bank:llr_bank_inst|mem[41][11]               ; Merged with qc_ldpc_decoder_top:decoder|qc_llr_bank:llr_bank_inst|mem[41][10]                ;
; qc_ldpc_decoder_top:decoder|qc_llr_bank:llr_bank_inst|mem[41][12]               ; Merged with qc_ldpc_decoder_top:decoder|qc_llr_bank:llr_bank_inst|mem[41][10]                ;
; qc_ldpc_decoder_top:decoder|qc_llr_bank:llr_bank_inst|mem[41][14]               ; Merged with qc_ldpc_decoder_top:decoder|qc_llr_bank:llr_bank_inst|mem[41][10]                ;
; qc_ldpc_decoder_top:decoder|qc_llr_bank:llr_bank_inst|mem[41][8]                ; Merged with qc_ldpc_decoder_top:decoder|qc_llr_bank:llr_bank_inst|mem[41][10]                ;
; qc_ldpc_decoder_top:decoder|qc_llr_bank:llr_bank_inst|mem[41][9]                ; Merged with qc_ldpc_decoder_top:decoder|qc_llr_bank:llr_bank_inst|mem[41][10]                ;
; qc_ldpc_decoder_top:decoder|qc_llr_bank:llr_bank_inst|mem[42][11]               ; Merged with qc_ldpc_decoder_top:decoder|qc_llr_bank:llr_bank_inst|mem[42][10]                ;
; qc_ldpc_decoder_top:decoder|qc_llr_bank:llr_bank_inst|mem[42][12]               ; Merged with qc_ldpc_decoder_top:decoder|qc_llr_bank:llr_bank_inst|mem[42][10]                ;
; qc_ldpc_decoder_top:decoder|qc_llr_bank:llr_bank_inst|mem[42][14]               ; Merged with qc_ldpc_decoder_top:decoder|qc_llr_bank:llr_bank_inst|mem[42][10]                ;
; qc_ldpc_decoder_top:decoder|qc_llr_bank:llr_bank_inst|mem[42][8]                ; Merged with qc_ldpc_decoder_top:decoder|qc_llr_bank:llr_bank_inst|mem[42][10]                ;
; qc_ldpc_decoder_top:decoder|qc_llr_bank:llr_bank_inst|mem[42][9]                ; Merged with qc_ldpc_decoder_top:decoder|qc_llr_bank:llr_bank_inst|mem[42][10]                ;
; qc_ldpc_decoder_top:decoder|qc_llr_bank:llr_bank_inst|mem[43][11]               ; Merged with qc_ldpc_decoder_top:decoder|qc_llr_bank:llr_bank_inst|mem[43][10]                ;
; qc_ldpc_decoder_top:decoder|qc_llr_bank:llr_bank_inst|mem[43][12]               ; Merged with qc_ldpc_decoder_top:decoder|qc_llr_bank:llr_bank_inst|mem[43][10]                ;
; qc_ldpc_decoder_top:decoder|qc_llr_bank:llr_bank_inst|mem[43][14]               ; Merged with qc_ldpc_decoder_top:decoder|qc_llr_bank:llr_bank_inst|mem[43][10]                ;
; qc_ldpc_decoder_top:decoder|qc_llr_bank:llr_bank_inst|mem[43][8]                ; Merged with qc_ldpc_decoder_top:decoder|qc_llr_bank:llr_bank_inst|mem[43][10]                ;
; qc_ldpc_decoder_top:decoder|qc_llr_bank:llr_bank_inst|mem[43][9]                ; Merged with qc_ldpc_decoder_top:decoder|qc_llr_bank:llr_bank_inst|mem[43][10]                ;
; qc_ldpc_decoder_top:decoder|qc_llr_bank:llr_bank_inst|mem[44][11]               ; Merged with qc_ldpc_decoder_top:decoder|qc_llr_bank:llr_bank_inst|mem[44][10]                ;
; qc_ldpc_decoder_top:decoder|qc_llr_bank:llr_bank_inst|mem[44][12]               ; Merged with qc_ldpc_decoder_top:decoder|qc_llr_bank:llr_bank_inst|mem[44][10]                ;
; qc_ldpc_decoder_top:decoder|qc_llr_bank:llr_bank_inst|mem[44][14]               ; Merged with qc_ldpc_decoder_top:decoder|qc_llr_bank:llr_bank_inst|mem[44][10]                ;
; qc_ldpc_decoder_top:decoder|qc_llr_bank:llr_bank_inst|mem[44][8]                ; Merged with qc_ldpc_decoder_top:decoder|qc_llr_bank:llr_bank_inst|mem[44][10]                ;
; qc_ldpc_decoder_top:decoder|qc_llr_bank:llr_bank_inst|mem[44][9]                ; Merged with qc_ldpc_decoder_top:decoder|qc_llr_bank:llr_bank_inst|mem[44][10]                ;
; qc_ldpc_decoder_top:decoder|qc_llr_bank:llr_bank_inst|mem[45][11]               ; Merged with qc_ldpc_decoder_top:decoder|qc_llr_bank:llr_bank_inst|mem[45][10]                ;
; qc_ldpc_decoder_top:decoder|qc_llr_bank:llr_bank_inst|mem[45][12]               ; Merged with qc_ldpc_decoder_top:decoder|qc_llr_bank:llr_bank_inst|mem[45][10]                ;
; qc_ldpc_decoder_top:decoder|qc_llr_bank:llr_bank_inst|mem[45][14]               ; Merged with qc_ldpc_decoder_top:decoder|qc_llr_bank:llr_bank_inst|mem[45][10]                ;
; qc_ldpc_decoder_top:decoder|qc_llr_bank:llr_bank_inst|mem[45][8]                ; Merged with qc_ldpc_decoder_top:decoder|qc_llr_bank:llr_bank_inst|mem[45][10]                ;
; qc_ldpc_decoder_top:decoder|qc_llr_bank:llr_bank_inst|mem[45][9]                ; Merged with qc_ldpc_decoder_top:decoder|qc_llr_bank:llr_bank_inst|mem[45][10]                ;
; qc_ldpc_decoder_top:decoder|qc_llr_bank:llr_bank_inst|mem[46][11]               ; Merged with qc_ldpc_decoder_top:decoder|qc_llr_bank:llr_bank_inst|mem[46][10]                ;
; qc_ldpc_decoder_top:decoder|qc_llr_bank:llr_bank_inst|mem[46][12]               ; Merged with qc_ldpc_decoder_top:decoder|qc_llr_bank:llr_bank_inst|mem[46][10]                ;
; qc_ldpc_decoder_top:decoder|qc_llr_bank:llr_bank_inst|mem[46][14]               ; Merged with qc_ldpc_decoder_top:decoder|qc_llr_bank:llr_bank_inst|mem[46][10]                ;
; qc_ldpc_decoder_top:decoder|qc_llr_bank:llr_bank_inst|mem[46][8]                ; Merged with qc_ldpc_decoder_top:decoder|qc_llr_bank:llr_bank_inst|mem[46][10]                ;
; qc_ldpc_decoder_top:decoder|qc_llr_bank:llr_bank_inst|mem[46][9]                ; Merged with qc_ldpc_decoder_top:decoder|qc_llr_bank:llr_bank_inst|mem[46][10]                ;
; qc_ldpc_decoder_top:decoder|qc_llr_bank:llr_bank_inst|mem[47][11]               ; Merged with qc_ldpc_decoder_top:decoder|qc_llr_bank:llr_bank_inst|mem[47][10]                ;
; qc_ldpc_decoder_top:decoder|qc_llr_bank:llr_bank_inst|mem[47][12]               ; Merged with qc_ldpc_decoder_top:decoder|qc_llr_bank:llr_bank_inst|mem[47][10]                ;
; qc_ldpc_decoder_top:decoder|qc_llr_bank:llr_bank_inst|mem[47][14]               ; Merged with qc_ldpc_decoder_top:decoder|qc_llr_bank:llr_bank_inst|mem[47][10]                ;
; qc_ldpc_decoder_top:decoder|qc_llr_bank:llr_bank_inst|mem[47][8]                ; Merged with qc_ldpc_decoder_top:decoder|qc_llr_bank:llr_bank_inst|mem[47][10]                ;
; qc_ldpc_decoder_top:decoder|qc_llr_bank:llr_bank_inst|mem[47][9]                ; Merged with qc_ldpc_decoder_top:decoder|qc_llr_bank:llr_bank_inst|mem[47][10]                ;
; qc_ldpc_decoder_top:decoder|qc_llr_bank:llr_bank_inst|mem[48][11]               ; Merged with qc_ldpc_decoder_top:decoder|qc_llr_bank:llr_bank_inst|mem[48][10]                ;
; qc_ldpc_decoder_top:decoder|qc_llr_bank:llr_bank_inst|mem[48][12]               ; Merged with qc_ldpc_decoder_top:decoder|qc_llr_bank:llr_bank_inst|mem[48][10]                ;
; qc_ldpc_decoder_top:decoder|qc_llr_bank:llr_bank_inst|mem[48][14]               ; Merged with qc_ldpc_decoder_top:decoder|qc_llr_bank:llr_bank_inst|mem[48][10]                ;
; qc_ldpc_decoder_top:decoder|qc_llr_bank:llr_bank_inst|mem[48][8]                ; Merged with qc_ldpc_decoder_top:decoder|qc_llr_bank:llr_bank_inst|mem[48][10]                ;
; qc_ldpc_decoder_top:decoder|qc_llr_bank:llr_bank_inst|mem[48][9]                ; Merged with qc_ldpc_decoder_top:decoder|qc_llr_bank:llr_bank_inst|mem[48][10]                ;
; qc_ldpc_decoder_top:decoder|qc_llr_bank:llr_bank_inst|mem[49][11]               ; Merged with qc_ldpc_decoder_top:decoder|qc_llr_bank:llr_bank_inst|mem[49][10]                ;
; qc_ldpc_decoder_top:decoder|qc_llr_bank:llr_bank_inst|mem[49][12]               ; Merged with qc_ldpc_decoder_top:decoder|qc_llr_bank:llr_bank_inst|mem[49][10]                ;
; qc_ldpc_decoder_top:decoder|qc_llr_bank:llr_bank_inst|mem[49][14]               ; Merged with qc_ldpc_decoder_top:decoder|qc_llr_bank:llr_bank_inst|mem[49][10]                ;
; qc_ldpc_decoder_top:decoder|qc_llr_bank:llr_bank_inst|mem[49][8]                ; Merged with qc_ldpc_decoder_top:decoder|qc_llr_bank:llr_bank_inst|mem[49][10]                ;
; qc_ldpc_decoder_top:decoder|qc_llr_bank:llr_bank_inst|mem[49][9]                ; Merged with qc_ldpc_decoder_top:decoder|qc_llr_bank:llr_bank_inst|mem[49][10]                ;
; qc_ldpc_decoder_top:decoder|qc_llr_bank:llr_bank_inst|mem[50][11]               ; Merged with qc_ldpc_decoder_top:decoder|qc_llr_bank:llr_bank_inst|mem[50][10]                ;
; qc_ldpc_decoder_top:decoder|qc_llr_bank:llr_bank_inst|mem[50][12]               ; Merged with qc_ldpc_decoder_top:decoder|qc_llr_bank:llr_bank_inst|mem[50][10]                ;
; qc_ldpc_decoder_top:decoder|qc_llr_bank:llr_bank_inst|mem[50][14]               ; Merged with qc_ldpc_decoder_top:decoder|qc_llr_bank:llr_bank_inst|mem[50][10]                ;
; qc_ldpc_decoder_top:decoder|qc_llr_bank:llr_bank_inst|mem[50][8]                ; Merged with qc_ldpc_decoder_top:decoder|qc_llr_bank:llr_bank_inst|mem[50][10]                ;
; qc_ldpc_decoder_top:decoder|qc_llr_bank:llr_bank_inst|mem[50][9]                ; Merged with qc_ldpc_decoder_top:decoder|qc_llr_bank:llr_bank_inst|mem[50][10]                ;
; qc_ldpc_decoder_top:decoder|qc_llr_bank:llr_bank_inst|mem[51][11]               ; Merged with qc_ldpc_decoder_top:decoder|qc_llr_bank:llr_bank_inst|mem[51][10]                ;
; qc_ldpc_decoder_top:decoder|qc_llr_bank:llr_bank_inst|mem[51][12]               ; Merged with qc_ldpc_decoder_top:decoder|qc_llr_bank:llr_bank_inst|mem[51][10]                ;
; qc_ldpc_decoder_top:decoder|qc_llr_bank:llr_bank_inst|mem[51][14]               ; Merged with qc_ldpc_decoder_top:decoder|qc_llr_bank:llr_bank_inst|mem[51][10]                ;
; qc_ldpc_decoder_top:decoder|qc_llr_bank:llr_bank_inst|mem[51][8]                ; Merged with qc_ldpc_decoder_top:decoder|qc_llr_bank:llr_bank_inst|mem[51][10]                ;
; qc_ldpc_decoder_top:decoder|qc_llr_bank:llr_bank_inst|mem[51][9]                ; Merged with qc_ldpc_decoder_top:decoder|qc_llr_bank:llr_bank_inst|mem[51][10]                ;
; qc_ldpc_decoder_top:decoder|qc_llr_bank:llr_bank_inst|mem[52][11]               ; Merged with qc_ldpc_decoder_top:decoder|qc_llr_bank:llr_bank_inst|mem[52][10]                ;
; qc_ldpc_decoder_top:decoder|qc_llr_bank:llr_bank_inst|mem[52][12]               ; Merged with qc_ldpc_decoder_top:decoder|qc_llr_bank:llr_bank_inst|mem[52][10]                ;
; qc_ldpc_decoder_top:decoder|qc_llr_bank:llr_bank_inst|mem[52][14]               ; Merged with qc_ldpc_decoder_top:decoder|qc_llr_bank:llr_bank_inst|mem[52][10]                ;
; qc_ldpc_decoder_top:decoder|qc_llr_bank:llr_bank_inst|mem[52][8]                ; Merged with qc_ldpc_decoder_top:decoder|qc_llr_bank:llr_bank_inst|mem[52][10]                ;
; qc_ldpc_decoder_top:decoder|qc_llr_bank:llr_bank_inst|mem[52][9]                ; Merged with qc_ldpc_decoder_top:decoder|qc_llr_bank:llr_bank_inst|mem[52][10]                ;
; qc_ldpc_decoder_top:decoder|qc_llr_bank:llr_bank_inst|mem[53][11]               ; Merged with qc_ldpc_decoder_top:decoder|qc_llr_bank:llr_bank_inst|mem[53][10]                ;
; qc_ldpc_decoder_top:decoder|qc_llr_bank:llr_bank_inst|mem[53][12]               ; Merged with qc_ldpc_decoder_top:decoder|qc_llr_bank:llr_bank_inst|mem[53][10]                ;
; qc_ldpc_decoder_top:decoder|qc_llr_bank:llr_bank_inst|mem[53][14]               ; Merged with qc_ldpc_decoder_top:decoder|qc_llr_bank:llr_bank_inst|mem[53][10]                ;
; qc_ldpc_decoder_top:decoder|qc_llr_bank:llr_bank_inst|mem[53][8]                ; Merged with qc_ldpc_decoder_top:decoder|qc_llr_bank:llr_bank_inst|mem[53][10]                ;
; qc_ldpc_decoder_top:decoder|qc_llr_bank:llr_bank_inst|mem[53][9]                ; Merged with qc_ldpc_decoder_top:decoder|qc_llr_bank:llr_bank_inst|mem[53][10]                ;
; qc_ldpc_decoder_top:decoder|qc_llr_bank:llr_bank_inst|mem[54][11]               ; Merged with qc_ldpc_decoder_top:decoder|qc_llr_bank:llr_bank_inst|mem[54][10]                ;
; qc_ldpc_decoder_top:decoder|qc_llr_bank:llr_bank_inst|mem[54][12]               ; Merged with qc_ldpc_decoder_top:decoder|qc_llr_bank:llr_bank_inst|mem[54][10]                ;
; qc_ldpc_decoder_top:decoder|qc_llr_bank:llr_bank_inst|mem[54][14]               ; Merged with qc_ldpc_decoder_top:decoder|qc_llr_bank:llr_bank_inst|mem[54][10]                ;
; qc_ldpc_decoder_top:decoder|qc_llr_bank:llr_bank_inst|mem[54][8]                ; Merged with qc_ldpc_decoder_top:decoder|qc_llr_bank:llr_bank_inst|mem[54][10]                ;
; qc_ldpc_decoder_top:decoder|qc_llr_bank:llr_bank_inst|mem[54][9]                ; Merged with qc_ldpc_decoder_top:decoder|qc_llr_bank:llr_bank_inst|mem[54][10]                ;
; qc_ldpc_decoder_top:decoder|qc_llr_bank:llr_bank_inst|mem[55][11]               ; Merged with qc_ldpc_decoder_top:decoder|qc_llr_bank:llr_bank_inst|mem[55][10]                ;
; qc_ldpc_decoder_top:decoder|qc_llr_bank:llr_bank_inst|mem[55][12]               ; Merged with qc_ldpc_decoder_top:decoder|qc_llr_bank:llr_bank_inst|mem[55][10]                ;
; qc_ldpc_decoder_top:decoder|qc_llr_bank:llr_bank_inst|mem[55][14]               ; Merged with qc_ldpc_decoder_top:decoder|qc_llr_bank:llr_bank_inst|mem[55][10]                ;
; qc_ldpc_decoder_top:decoder|qc_llr_bank:llr_bank_inst|mem[55][8]                ; Merged with qc_ldpc_decoder_top:decoder|qc_llr_bank:llr_bank_inst|mem[55][10]                ;
; qc_ldpc_decoder_top:decoder|qc_llr_bank:llr_bank_inst|mem[55][9]                ; Merged with qc_ldpc_decoder_top:decoder|qc_llr_bank:llr_bank_inst|mem[55][10]                ;
; qc_ldpc_decoder_top:decoder|qc_llr_bank:llr_bank_inst|mem[56][11]               ; Merged with qc_ldpc_decoder_top:decoder|qc_llr_bank:llr_bank_inst|mem[56][10]                ;
; qc_ldpc_decoder_top:decoder|qc_llr_bank:llr_bank_inst|mem[56][12]               ; Merged with qc_ldpc_decoder_top:decoder|qc_llr_bank:llr_bank_inst|mem[56][10]                ;
; qc_ldpc_decoder_top:decoder|qc_llr_bank:llr_bank_inst|mem[56][14]               ; Merged with qc_ldpc_decoder_top:decoder|qc_llr_bank:llr_bank_inst|mem[56][10]                ;
; qc_ldpc_decoder_top:decoder|qc_llr_bank:llr_bank_inst|mem[56][8]                ; Merged with qc_ldpc_decoder_top:decoder|qc_llr_bank:llr_bank_inst|mem[56][10]                ;
; qc_ldpc_decoder_top:decoder|qc_llr_bank:llr_bank_inst|mem[56][9]                ; Merged with qc_ldpc_decoder_top:decoder|qc_llr_bank:llr_bank_inst|mem[56][10]                ;
; qc_ldpc_decoder_top:decoder|qc_llr_bank:llr_bank_inst|mem[57][11]               ; Merged with qc_ldpc_decoder_top:decoder|qc_llr_bank:llr_bank_inst|mem[57][10]                ;
; qc_ldpc_decoder_top:decoder|qc_llr_bank:llr_bank_inst|mem[57][12]               ; Merged with qc_ldpc_decoder_top:decoder|qc_llr_bank:llr_bank_inst|mem[57][10]                ;
; qc_ldpc_decoder_top:decoder|qc_llr_bank:llr_bank_inst|mem[57][14]               ; Merged with qc_ldpc_decoder_top:decoder|qc_llr_bank:llr_bank_inst|mem[57][10]                ;
; qc_ldpc_decoder_top:decoder|qc_llr_bank:llr_bank_inst|mem[57][8]                ; Merged with qc_ldpc_decoder_top:decoder|qc_llr_bank:llr_bank_inst|mem[57][10]                ;
; qc_ldpc_decoder_top:decoder|qc_llr_bank:llr_bank_inst|mem[57][9]                ; Merged with qc_ldpc_decoder_top:decoder|qc_llr_bank:llr_bank_inst|mem[57][10]                ;
; qc_ldpc_decoder_top:decoder|qc_llr_bank:llr_bank_inst|mem[58][11]               ; Merged with qc_ldpc_decoder_top:decoder|qc_llr_bank:llr_bank_inst|mem[58][10]                ;
; qc_ldpc_decoder_top:decoder|qc_llr_bank:llr_bank_inst|mem[58][12]               ; Merged with qc_ldpc_decoder_top:decoder|qc_llr_bank:llr_bank_inst|mem[58][10]                ;
; qc_ldpc_decoder_top:decoder|qc_llr_bank:llr_bank_inst|mem[58][14]               ; Merged with qc_ldpc_decoder_top:decoder|qc_llr_bank:llr_bank_inst|mem[58][10]                ;
; qc_ldpc_decoder_top:decoder|qc_llr_bank:llr_bank_inst|mem[58][8]                ; Merged with qc_ldpc_decoder_top:decoder|qc_llr_bank:llr_bank_inst|mem[58][10]                ;
; qc_ldpc_decoder_top:decoder|qc_llr_bank:llr_bank_inst|mem[58][9]                ; Merged with qc_ldpc_decoder_top:decoder|qc_llr_bank:llr_bank_inst|mem[58][10]                ;
; qc_ldpc_decoder_top:decoder|qc_llr_bank:llr_bank_inst|mem[59][11]               ; Merged with qc_ldpc_decoder_top:decoder|qc_llr_bank:llr_bank_inst|mem[59][10]                ;
; qc_ldpc_decoder_top:decoder|qc_llr_bank:llr_bank_inst|mem[59][12]               ; Merged with qc_ldpc_decoder_top:decoder|qc_llr_bank:llr_bank_inst|mem[59][10]                ;
; qc_ldpc_decoder_top:decoder|qc_llr_bank:llr_bank_inst|mem[59][14]               ; Merged with qc_ldpc_decoder_top:decoder|qc_llr_bank:llr_bank_inst|mem[59][10]                ;
; qc_ldpc_decoder_top:decoder|qc_llr_bank:llr_bank_inst|mem[59][8]                ; Merged with qc_ldpc_decoder_top:decoder|qc_llr_bank:llr_bank_inst|mem[59][10]                ;
; qc_ldpc_decoder_top:decoder|qc_llr_bank:llr_bank_inst|mem[59][9]                ; Merged with qc_ldpc_decoder_top:decoder|qc_llr_bank:llr_bank_inst|mem[59][10]                ;
; qc_ldpc_decoder_top:decoder|qc_llr_bank:llr_bank_inst|mem[60][11]               ; Merged with qc_ldpc_decoder_top:decoder|qc_llr_bank:llr_bank_inst|mem[60][10]                ;
; qc_ldpc_decoder_top:decoder|qc_llr_bank:llr_bank_inst|mem[60][12]               ; Merged with qc_ldpc_decoder_top:decoder|qc_llr_bank:llr_bank_inst|mem[60][10]                ;
; qc_ldpc_decoder_top:decoder|qc_llr_bank:llr_bank_inst|mem[60][14]               ; Merged with qc_ldpc_decoder_top:decoder|qc_llr_bank:llr_bank_inst|mem[60][10]                ;
; qc_ldpc_decoder_top:decoder|qc_llr_bank:llr_bank_inst|mem[60][8]                ; Merged with qc_ldpc_decoder_top:decoder|qc_llr_bank:llr_bank_inst|mem[60][10]                ;
; qc_ldpc_decoder_top:decoder|qc_llr_bank:llr_bank_inst|mem[60][9]                ; Merged with qc_ldpc_decoder_top:decoder|qc_llr_bank:llr_bank_inst|mem[60][10]                ;
; qc_ldpc_decoder_top:decoder|qc_llr_bank:llr_bank_inst|mem[61][11]               ; Merged with qc_ldpc_decoder_top:decoder|qc_llr_bank:llr_bank_inst|mem[61][10]                ;
; qc_ldpc_decoder_top:decoder|qc_llr_bank:llr_bank_inst|mem[61][12]               ; Merged with qc_ldpc_decoder_top:decoder|qc_llr_bank:llr_bank_inst|mem[61][10]                ;
; qc_ldpc_decoder_top:decoder|qc_llr_bank:llr_bank_inst|mem[61][14]               ; Merged with qc_ldpc_decoder_top:decoder|qc_llr_bank:llr_bank_inst|mem[61][10]                ;
; qc_ldpc_decoder_top:decoder|qc_llr_bank:llr_bank_inst|mem[61][8]                ; Merged with qc_ldpc_decoder_top:decoder|qc_llr_bank:llr_bank_inst|mem[61][10]                ;
; qc_ldpc_decoder_top:decoder|qc_llr_bank:llr_bank_inst|mem[61][9]                ; Merged with qc_ldpc_decoder_top:decoder|qc_llr_bank:llr_bank_inst|mem[61][10]                ;
; qc_ldpc_decoder_top:decoder|qc_llr_bank:llr_bank_inst|mem[62][11]               ; Merged with qc_ldpc_decoder_top:decoder|qc_llr_bank:llr_bank_inst|mem[62][10]                ;
; qc_ldpc_decoder_top:decoder|qc_llr_bank:llr_bank_inst|mem[62][12]               ; Merged with qc_ldpc_decoder_top:decoder|qc_llr_bank:llr_bank_inst|mem[62][10]                ;
; qc_ldpc_decoder_top:decoder|qc_llr_bank:llr_bank_inst|mem[62][14]               ; Merged with qc_ldpc_decoder_top:decoder|qc_llr_bank:llr_bank_inst|mem[62][10]                ;
; qc_ldpc_decoder_top:decoder|qc_llr_bank:llr_bank_inst|mem[62][8]                ; Merged with qc_ldpc_decoder_top:decoder|qc_llr_bank:llr_bank_inst|mem[62][10]                ;
; qc_ldpc_decoder_top:decoder|qc_llr_bank:llr_bank_inst|mem[62][9]                ; Merged with qc_ldpc_decoder_top:decoder|qc_llr_bank:llr_bank_inst|mem[62][10]                ;
; qc_ldpc_decoder_top:decoder|qc_llr_bank:llr_bank_inst|mem[63][11]               ; Merged with qc_ldpc_decoder_top:decoder|qc_llr_bank:llr_bank_inst|mem[63][10]                ;
; qc_ldpc_decoder_top:decoder|qc_llr_bank:llr_bank_inst|mem[63][12]               ; Merged with qc_ldpc_decoder_top:decoder|qc_llr_bank:llr_bank_inst|mem[63][10]                ;
; qc_ldpc_decoder_top:decoder|qc_llr_bank:llr_bank_inst|mem[63][14]               ; Merged with qc_ldpc_decoder_top:decoder|qc_llr_bank:llr_bank_inst|mem[63][10]                ;
; qc_ldpc_decoder_top:decoder|qc_llr_bank:llr_bank_inst|mem[63][8]                ; Merged with qc_ldpc_decoder_top:decoder|qc_llr_bank:llr_bank_inst|mem[63][10]                ;
; qc_ldpc_decoder_top:decoder|qc_llr_bank:llr_bank_inst|mem[63][9]                ; Merged with qc_ldpc_decoder_top:decoder|qc_llr_bank:llr_bank_inst|mem[63][10]                ;
; qc_ldpc_decoder_top:decoder|qc_llr_bank:llr_bank_inst|mem[0][25]                ; Merged with qc_ldpc_decoder_top:decoder|qc_llr_bank:llr_bank_inst|mem[0][24]                 ;
; qc_ldpc_decoder_top:decoder|qc_llr_bank:llr_bank_inst|mem[0][26]                ; Merged with qc_ldpc_decoder_top:decoder|qc_llr_bank:llr_bank_inst|mem[0][24]                 ;
; qc_ldpc_decoder_top:decoder|qc_llr_bank:llr_bank_inst|mem[0][27]                ; Merged with qc_ldpc_decoder_top:decoder|qc_llr_bank:llr_bank_inst|mem[0][24]                 ;
; qc_ldpc_decoder_top:decoder|qc_llr_bank:llr_bank_inst|mem[0][28]                ; Merged with qc_ldpc_decoder_top:decoder|qc_llr_bank:llr_bank_inst|mem[0][24]                 ;
; qc_ldpc_decoder_top:decoder|qc_llr_bank:llr_bank_inst|mem[0][30]                ; Merged with qc_ldpc_decoder_top:decoder|qc_llr_bank:llr_bank_inst|mem[0][24]                 ;
; qc_ldpc_decoder_top:decoder|qc_llr_bank:llr_bank_inst|mem[1][25]                ; Merged with qc_ldpc_decoder_top:decoder|qc_llr_bank:llr_bank_inst|mem[1][24]                 ;
; qc_ldpc_decoder_top:decoder|qc_llr_bank:llr_bank_inst|mem[1][26]                ; Merged with qc_ldpc_decoder_top:decoder|qc_llr_bank:llr_bank_inst|mem[1][24]                 ;
; qc_ldpc_decoder_top:decoder|qc_llr_bank:llr_bank_inst|mem[1][27]                ; Merged with qc_ldpc_decoder_top:decoder|qc_llr_bank:llr_bank_inst|mem[1][24]                 ;
; qc_ldpc_decoder_top:decoder|qc_llr_bank:llr_bank_inst|mem[1][28]                ; Merged with qc_ldpc_decoder_top:decoder|qc_llr_bank:llr_bank_inst|mem[1][24]                 ;
; qc_ldpc_decoder_top:decoder|qc_llr_bank:llr_bank_inst|mem[1][30]                ; Merged with qc_ldpc_decoder_top:decoder|qc_llr_bank:llr_bank_inst|mem[1][24]                 ;
; qc_ldpc_decoder_top:decoder|qc_llr_bank:llr_bank_inst|mem[2][25]                ; Merged with qc_ldpc_decoder_top:decoder|qc_llr_bank:llr_bank_inst|mem[2][24]                 ;
; qc_ldpc_decoder_top:decoder|qc_llr_bank:llr_bank_inst|mem[2][26]                ; Merged with qc_ldpc_decoder_top:decoder|qc_llr_bank:llr_bank_inst|mem[2][24]                 ;
; qc_ldpc_decoder_top:decoder|qc_llr_bank:llr_bank_inst|mem[2][27]                ; Merged with qc_ldpc_decoder_top:decoder|qc_llr_bank:llr_bank_inst|mem[2][24]                 ;
; qc_ldpc_decoder_top:decoder|qc_llr_bank:llr_bank_inst|mem[2][28]                ; Merged with qc_ldpc_decoder_top:decoder|qc_llr_bank:llr_bank_inst|mem[2][24]                 ;
; qc_ldpc_decoder_top:decoder|qc_llr_bank:llr_bank_inst|mem[2][30]                ; Merged with qc_ldpc_decoder_top:decoder|qc_llr_bank:llr_bank_inst|mem[2][24]                 ;
; qc_ldpc_decoder_top:decoder|qc_llr_bank:llr_bank_inst|mem[3][25]                ; Merged with qc_ldpc_decoder_top:decoder|qc_llr_bank:llr_bank_inst|mem[3][24]                 ;
; qc_ldpc_decoder_top:decoder|qc_llr_bank:llr_bank_inst|mem[3][26]                ; Merged with qc_ldpc_decoder_top:decoder|qc_llr_bank:llr_bank_inst|mem[3][24]                 ;
; qc_ldpc_decoder_top:decoder|qc_llr_bank:llr_bank_inst|mem[3][27]                ; Merged with qc_ldpc_decoder_top:decoder|qc_llr_bank:llr_bank_inst|mem[3][24]                 ;
; qc_ldpc_decoder_top:decoder|qc_llr_bank:llr_bank_inst|mem[3][28]                ; Merged with qc_ldpc_decoder_top:decoder|qc_llr_bank:llr_bank_inst|mem[3][24]                 ;
; qc_ldpc_decoder_top:decoder|qc_llr_bank:llr_bank_inst|mem[3][30]                ; Merged with qc_ldpc_decoder_top:decoder|qc_llr_bank:llr_bank_inst|mem[3][24]                 ;
; qc_ldpc_decoder_top:decoder|qc_llr_bank:llr_bank_inst|mem[4][25]                ; Merged with qc_ldpc_decoder_top:decoder|qc_llr_bank:llr_bank_inst|mem[4][24]                 ;
; qc_ldpc_decoder_top:decoder|qc_llr_bank:llr_bank_inst|mem[4][26]                ; Merged with qc_ldpc_decoder_top:decoder|qc_llr_bank:llr_bank_inst|mem[4][24]                 ;
; qc_ldpc_decoder_top:decoder|qc_llr_bank:llr_bank_inst|mem[4][27]                ; Merged with qc_ldpc_decoder_top:decoder|qc_llr_bank:llr_bank_inst|mem[4][24]                 ;
; qc_ldpc_decoder_top:decoder|qc_llr_bank:llr_bank_inst|mem[4][28]                ; Merged with qc_ldpc_decoder_top:decoder|qc_llr_bank:llr_bank_inst|mem[4][24]                 ;
; qc_ldpc_decoder_top:decoder|qc_llr_bank:llr_bank_inst|mem[4][30]                ; Merged with qc_ldpc_decoder_top:decoder|qc_llr_bank:llr_bank_inst|mem[4][24]                 ;
; qc_ldpc_decoder_top:decoder|qc_llr_bank:llr_bank_inst|mem[5][25]                ; Merged with qc_ldpc_decoder_top:decoder|qc_llr_bank:llr_bank_inst|mem[5][24]                 ;
; qc_ldpc_decoder_top:decoder|qc_llr_bank:llr_bank_inst|mem[5][26]                ; Merged with qc_ldpc_decoder_top:decoder|qc_llr_bank:llr_bank_inst|mem[5][24]                 ;
; qc_ldpc_decoder_top:decoder|qc_llr_bank:llr_bank_inst|mem[5][27]                ; Merged with qc_ldpc_decoder_top:decoder|qc_llr_bank:llr_bank_inst|mem[5][24]                 ;
; qc_ldpc_decoder_top:decoder|qc_llr_bank:llr_bank_inst|mem[5][28]                ; Merged with qc_ldpc_decoder_top:decoder|qc_llr_bank:llr_bank_inst|mem[5][24]                 ;
; qc_ldpc_decoder_top:decoder|qc_llr_bank:llr_bank_inst|mem[5][30]                ; Merged with qc_ldpc_decoder_top:decoder|qc_llr_bank:llr_bank_inst|mem[5][24]                 ;
; qc_ldpc_decoder_top:decoder|qc_llr_bank:llr_bank_inst|mem[6][25]                ; Merged with qc_ldpc_decoder_top:decoder|qc_llr_bank:llr_bank_inst|mem[6][24]                 ;
; qc_ldpc_decoder_top:decoder|qc_llr_bank:llr_bank_inst|mem[6][26]                ; Merged with qc_ldpc_decoder_top:decoder|qc_llr_bank:llr_bank_inst|mem[6][24]                 ;
; qc_ldpc_decoder_top:decoder|qc_llr_bank:llr_bank_inst|mem[6][27]                ; Merged with qc_ldpc_decoder_top:decoder|qc_llr_bank:llr_bank_inst|mem[6][24]                 ;
; qc_ldpc_decoder_top:decoder|qc_llr_bank:llr_bank_inst|mem[6][28]                ; Merged with qc_ldpc_decoder_top:decoder|qc_llr_bank:llr_bank_inst|mem[6][24]                 ;
; qc_ldpc_decoder_top:decoder|qc_llr_bank:llr_bank_inst|mem[6][30]                ; Merged with qc_ldpc_decoder_top:decoder|qc_llr_bank:llr_bank_inst|mem[6][24]                 ;
; qc_ldpc_decoder_top:decoder|qc_llr_bank:llr_bank_inst|mem[7][25]                ; Merged with qc_ldpc_decoder_top:decoder|qc_llr_bank:llr_bank_inst|mem[7][24]                 ;
; qc_ldpc_decoder_top:decoder|qc_llr_bank:llr_bank_inst|mem[7][26]                ; Merged with qc_ldpc_decoder_top:decoder|qc_llr_bank:llr_bank_inst|mem[7][24]                 ;
; qc_ldpc_decoder_top:decoder|qc_llr_bank:llr_bank_inst|mem[7][27]                ; Merged with qc_ldpc_decoder_top:decoder|qc_llr_bank:llr_bank_inst|mem[7][24]                 ;
; qc_ldpc_decoder_top:decoder|qc_llr_bank:llr_bank_inst|mem[7][28]                ; Merged with qc_ldpc_decoder_top:decoder|qc_llr_bank:llr_bank_inst|mem[7][24]                 ;
; qc_ldpc_decoder_top:decoder|qc_llr_bank:llr_bank_inst|mem[7][30]                ; Merged with qc_ldpc_decoder_top:decoder|qc_llr_bank:llr_bank_inst|mem[7][24]                 ;
; qc_ldpc_decoder_top:decoder|qc_llr_bank:llr_bank_inst|mem[8][25]                ; Merged with qc_ldpc_decoder_top:decoder|qc_llr_bank:llr_bank_inst|mem[8][24]                 ;
; qc_ldpc_decoder_top:decoder|qc_llr_bank:llr_bank_inst|mem[8][26]                ; Merged with qc_ldpc_decoder_top:decoder|qc_llr_bank:llr_bank_inst|mem[8][24]                 ;
; qc_ldpc_decoder_top:decoder|qc_llr_bank:llr_bank_inst|mem[8][27]                ; Merged with qc_ldpc_decoder_top:decoder|qc_llr_bank:llr_bank_inst|mem[8][24]                 ;
; qc_ldpc_decoder_top:decoder|qc_llr_bank:llr_bank_inst|mem[8][28]                ; Merged with qc_ldpc_decoder_top:decoder|qc_llr_bank:llr_bank_inst|mem[8][24]                 ;
; qc_ldpc_decoder_top:decoder|qc_llr_bank:llr_bank_inst|mem[8][30]                ; Merged with qc_ldpc_decoder_top:decoder|qc_llr_bank:llr_bank_inst|mem[8][24]                 ;
; qc_ldpc_decoder_top:decoder|qc_llr_bank:llr_bank_inst|mem[9][25]                ; Merged with qc_ldpc_decoder_top:decoder|qc_llr_bank:llr_bank_inst|mem[9][24]                 ;
; qc_ldpc_decoder_top:decoder|qc_llr_bank:llr_bank_inst|mem[9][26]                ; Merged with qc_ldpc_decoder_top:decoder|qc_llr_bank:llr_bank_inst|mem[9][24]                 ;
; qc_ldpc_decoder_top:decoder|qc_llr_bank:llr_bank_inst|mem[9][27]                ; Merged with qc_ldpc_decoder_top:decoder|qc_llr_bank:llr_bank_inst|mem[9][24]                 ;
; qc_ldpc_decoder_top:decoder|qc_llr_bank:llr_bank_inst|mem[9][28]                ; Merged with qc_ldpc_decoder_top:decoder|qc_llr_bank:llr_bank_inst|mem[9][24]                 ;
; qc_ldpc_decoder_top:decoder|qc_llr_bank:llr_bank_inst|mem[9][30]                ; Merged with qc_ldpc_decoder_top:decoder|qc_llr_bank:llr_bank_inst|mem[9][24]                 ;
; qc_ldpc_decoder_top:decoder|qc_llr_bank:llr_bank_inst|mem[10][25]               ; Merged with qc_ldpc_decoder_top:decoder|qc_llr_bank:llr_bank_inst|mem[10][24]                ;
; qc_ldpc_decoder_top:decoder|qc_llr_bank:llr_bank_inst|mem[10][26]               ; Merged with qc_ldpc_decoder_top:decoder|qc_llr_bank:llr_bank_inst|mem[10][24]                ;
; qc_ldpc_decoder_top:decoder|qc_llr_bank:llr_bank_inst|mem[10][27]               ; Merged with qc_ldpc_decoder_top:decoder|qc_llr_bank:llr_bank_inst|mem[10][24]                ;
; qc_ldpc_decoder_top:decoder|qc_llr_bank:llr_bank_inst|mem[10][28]               ; Merged with qc_ldpc_decoder_top:decoder|qc_llr_bank:llr_bank_inst|mem[10][24]                ;
; qc_ldpc_decoder_top:decoder|qc_llr_bank:llr_bank_inst|mem[10][30]               ; Merged with qc_ldpc_decoder_top:decoder|qc_llr_bank:llr_bank_inst|mem[10][24]                ;
; qc_ldpc_decoder_top:decoder|qc_llr_bank:llr_bank_inst|mem[11][25]               ; Merged with qc_ldpc_decoder_top:decoder|qc_llr_bank:llr_bank_inst|mem[11][24]                ;
; qc_ldpc_decoder_top:decoder|qc_llr_bank:llr_bank_inst|mem[11][26]               ; Merged with qc_ldpc_decoder_top:decoder|qc_llr_bank:llr_bank_inst|mem[11][24]                ;
; qc_ldpc_decoder_top:decoder|qc_llr_bank:llr_bank_inst|mem[11][27]               ; Merged with qc_ldpc_decoder_top:decoder|qc_llr_bank:llr_bank_inst|mem[11][24]                ;
; qc_ldpc_decoder_top:decoder|qc_llr_bank:llr_bank_inst|mem[11][28]               ; Merged with qc_ldpc_decoder_top:decoder|qc_llr_bank:llr_bank_inst|mem[11][24]                ;
; qc_ldpc_decoder_top:decoder|qc_llr_bank:llr_bank_inst|mem[11][30]               ; Merged with qc_ldpc_decoder_top:decoder|qc_llr_bank:llr_bank_inst|mem[11][24]                ;
; qc_ldpc_decoder_top:decoder|qc_llr_bank:llr_bank_inst|mem[12][25]               ; Merged with qc_ldpc_decoder_top:decoder|qc_llr_bank:llr_bank_inst|mem[12][24]                ;
; qc_ldpc_decoder_top:decoder|qc_llr_bank:llr_bank_inst|mem[12][26]               ; Merged with qc_ldpc_decoder_top:decoder|qc_llr_bank:llr_bank_inst|mem[12][24]                ;
; qc_ldpc_decoder_top:decoder|qc_llr_bank:llr_bank_inst|mem[12][27]               ; Merged with qc_ldpc_decoder_top:decoder|qc_llr_bank:llr_bank_inst|mem[12][24]                ;
; qc_ldpc_decoder_top:decoder|qc_llr_bank:llr_bank_inst|mem[12][28]               ; Merged with qc_ldpc_decoder_top:decoder|qc_llr_bank:llr_bank_inst|mem[12][24]                ;
; qc_ldpc_decoder_top:decoder|qc_llr_bank:llr_bank_inst|mem[12][30]               ; Merged with qc_ldpc_decoder_top:decoder|qc_llr_bank:llr_bank_inst|mem[12][24]                ;
; qc_ldpc_decoder_top:decoder|qc_llr_bank:llr_bank_inst|mem[13][25]               ; Merged with qc_ldpc_decoder_top:decoder|qc_llr_bank:llr_bank_inst|mem[13][24]                ;
; qc_ldpc_decoder_top:decoder|qc_llr_bank:llr_bank_inst|mem[13][26]               ; Merged with qc_ldpc_decoder_top:decoder|qc_llr_bank:llr_bank_inst|mem[13][24]                ;
; qc_ldpc_decoder_top:decoder|qc_llr_bank:llr_bank_inst|mem[13][27]               ; Merged with qc_ldpc_decoder_top:decoder|qc_llr_bank:llr_bank_inst|mem[13][24]                ;
; qc_ldpc_decoder_top:decoder|qc_llr_bank:llr_bank_inst|mem[13][28]               ; Merged with qc_ldpc_decoder_top:decoder|qc_llr_bank:llr_bank_inst|mem[13][24]                ;
; qc_ldpc_decoder_top:decoder|qc_llr_bank:llr_bank_inst|mem[13][30]               ; Merged with qc_ldpc_decoder_top:decoder|qc_llr_bank:llr_bank_inst|mem[13][24]                ;
; qc_ldpc_decoder_top:decoder|qc_llr_bank:llr_bank_inst|mem[14][25]               ; Merged with qc_ldpc_decoder_top:decoder|qc_llr_bank:llr_bank_inst|mem[14][24]                ;
; qc_ldpc_decoder_top:decoder|qc_llr_bank:llr_bank_inst|mem[14][26]               ; Merged with qc_ldpc_decoder_top:decoder|qc_llr_bank:llr_bank_inst|mem[14][24]                ;
; qc_ldpc_decoder_top:decoder|qc_llr_bank:llr_bank_inst|mem[14][27]               ; Merged with qc_ldpc_decoder_top:decoder|qc_llr_bank:llr_bank_inst|mem[14][24]                ;
; qc_ldpc_decoder_top:decoder|qc_llr_bank:llr_bank_inst|mem[14][28]               ; Merged with qc_ldpc_decoder_top:decoder|qc_llr_bank:llr_bank_inst|mem[14][24]                ;
; qc_ldpc_decoder_top:decoder|qc_llr_bank:llr_bank_inst|mem[14][30]               ; Merged with qc_ldpc_decoder_top:decoder|qc_llr_bank:llr_bank_inst|mem[14][24]                ;
; qc_ldpc_decoder_top:decoder|qc_llr_bank:llr_bank_inst|mem[15][25]               ; Merged with qc_ldpc_decoder_top:decoder|qc_llr_bank:llr_bank_inst|mem[15][24]                ;
; qc_ldpc_decoder_top:decoder|qc_llr_bank:llr_bank_inst|mem[15][26]               ; Merged with qc_ldpc_decoder_top:decoder|qc_llr_bank:llr_bank_inst|mem[15][24]                ;
; qc_ldpc_decoder_top:decoder|qc_llr_bank:llr_bank_inst|mem[15][27]               ; Merged with qc_ldpc_decoder_top:decoder|qc_llr_bank:llr_bank_inst|mem[15][24]                ;
; qc_ldpc_decoder_top:decoder|qc_llr_bank:llr_bank_inst|mem[15][28]               ; Merged with qc_ldpc_decoder_top:decoder|qc_llr_bank:llr_bank_inst|mem[15][24]                ;
; qc_ldpc_decoder_top:decoder|qc_llr_bank:llr_bank_inst|mem[15][30]               ; Merged with qc_ldpc_decoder_top:decoder|qc_llr_bank:llr_bank_inst|mem[15][24]                ;
; qc_ldpc_decoder_top:decoder|qc_llr_bank:llr_bank_inst|mem[16][25]               ; Merged with qc_ldpc_decoder_top:decoder|qc_llr_bank:llr_bank_inst|mem[16][24]                ;
; qc_ldpc_decoder_top:decoder|qc_llr_bank:llr_bank_inst|mem[16][26]               ; Merged with qc_ldpc_decoder_top:decoder|qc_llr_bank:llr_bank_inst|mem[16][24]                ;
; qc_ldpc_decoder_top:decoder|qc_llr_bank:llr_bank_inst|mem[16][27]               ; Merged with qc_ldpc_decoder_top:decoder|qc_llr_bank:llr_bank_inst|mem[16][24]                ;
; qc_ldpc_decoder_top:decoder|qc_llr_bank:llr_bank_inst|mem[16][28]               ; Merged with qc_ldpc_decoder_top:decoder|qc_llr_bank:llr_bank_inst|mem[16][24]                ;
; qc_ldpc_decoder_top:decoder|qc_llr_bank:llr_bank_inst|mem[16][30]               ; Merged with qc_ldpc_decoder_top:decoder|qc_llr_bank:llr_bank_inst|mem[16][24]                ;
; qc_ldpc_decoder_top:decoder|qc_llr_bank:llr_bank_inst|mem[17][25]               ; Merged with qc_ldpc_decoder_top:decoder|qc_llr_bank:llr_bank_inst|mem[17][24]                ;
; qc_ldpc_decoder_top:decoder|qc_llr_bank:llr_bank_inst|mem[17][26]               ; Merged with qc_ldpc_decoder_top:decoder|qc_llr_bank:llr_bank_inst|mem[17][24]                ;
; qc_ldpc_decoder_top:decoder|qc_llr_bank:llr_bank_inst|mem[17][27]               ; Merged with qc_ldpc_decoder_top:decoder|qc_llr_bank:llr_bank_inst|mem[17][24]                ;
; qc_ldpc_decoder_top:decoder|qc_llr_bank:llr_bank_inst|mem[17][28]               ; Merged with qc_ldpc_decoder_top:decoder|qc_llr_bank:llr_bank_inst|mem[17][24]                ;
; qc_ldpc_decoder_top:decoder|qc_llr_bank:llr_bank_inst|mem[17][30]               ; Merged with qc_ldpc_decoder_top:decoder|qc_llr_bank:llr_bank_inst|mem[17][24]                ;
; qc_ldpc_decoder_top:decoder|qc_llr_bank:llr_bank_inst|mem[18][25]               ; Merged with qc_ldpc_decoder_top:decoder|qc_llr_bank:llr_bank_inst|mem[18][24]                ;
; qc_ldpc_decoder_top:decoder|qc_llr_bank:llr_bank_inst|mem[18][26]               ; Merged with qc_ldpc_decoder_top:decoder|qc_llr_bank:llr_bank_inst|mem[18][24]                ;
; qc_ldpc_decoder_top:decoder|qc_llr_bank:llr_bank_inst|mem[18][27]               ; Merged with qc_ldpc_decoder_top:decoder|qc_llr_bank:llr_bank_inst|mem[18][24]                ;
; qc_ldpc_decoder_top:decoder|qc_llr_bank:llr_bank_inst|mem[18][28]               ; Merged with qc_ldpc_decoder_top:decoder|qc_llr_bank:llr_bank_inst|mem[18][24]                ;
; qc_ldpc_decoder_top:decoder|qc_llr_bank:llr_bank_inst|mem[18][30]               ; Merged with qc_ldpc_decoder_top:decoder|qc_llr_bank:llr_bank_inst|mem[18][24]                ;
; qc_ldpc_decoder_top:decoder|qc_llr_bank:llr_bank_inst|mem[19][25]               ; Merged with qc_ldpc_decoder_top:decoder|qc_llr_bank:llr_bank_inst|mem[19][24]                ;
; qc_ldpc_decoder_top:decoder|qc_llr_bank:llr_bank_inst|mem[19][26]               ; Merged with qc_ldpc_decoder_top:decoder|qc_llr_bank:llr_bank_inst|mem[19][24]                ;
; qc_ldpc_decoder_top:decoder|qc_llr_bank:llr_bank_inst|mem[19][27]               ; Merged with qc_ldpc_decoder_top:decoder|qc_llr_bank:llr_bank_inst|mem[19][24]                ;
; qc_ldpc_decoder_top:decoder|qc_llr_bank:llr_bank_inst|mem[19][28]               ; Merged with qc_ldpc_decoder_top:decoder|qc_llr_bank:llr_bank_inst|mem[19][24]                ;
; qc_ldpc_decoder_top:decoder|qc_llr_bank:llr_bank_inst|mem[19][30]               ; Merged with qc_ldpc_decoder_top:decoder|qc_llr_bank:llr_bank_inst|mem[19][24]                ;
; qc_ldpc_decoder_top:decoder|qc_llr_bank:llr_bank_inst|mem[20][25]               ; Merged with qc_ldpc_decoder_top:decoder|qc_llr_bank:llr_bank_inst|mem[20][24]                ;
; qc_ldpc_decoder_top:decoder|qc_llr_bank:llr_bank_inst|mem[20][26]               ; Merged with qc_ldpc_decoder_top:decoder|qc_llr_bank:llr_bank_inst|mem[20][24]                ;
; qc_ldpc_decoder_top:decoder|qc_llr_bank:llr_bank_inst|mem[20][27]               ; Merged with qc_ldpc_decoder_top:decoder|qc_llr_bank:llr_bank_inst|mem[20][24]                ;
; qc_ldpc_decoder_top:decoder|qc_llr_bank:llr_bank_inst|mem[20][28]               ; Merged with qc_ldpc_decoder_top:decoder|qc_llr_bank:llr_bank_inst|mem[20][24]                ;
; qc_ldpc_decoder_top:decoder|qc_llr_bank:llr_bank_inst|mem[20][30]               ; Merged with qc_ldpc_decoder_top:decoder|qc_llr_bank:llr_bank_inst|mem[20][24]                ;
; qc_ldpc_decoder_top:decoder|qc_llr_bank:llr_bank_inst|mem[21][25]               ; Merged with qc_ldpc_decoder_top:decoder|qc_llr_bank:llr_bank_inst|mem[21][24]                ;
; qc_ldpc_decoder_top:decoder|qc_llr_bank:llr_bank_inst|mem[21][26]               ; Merged with qc_ldpc_decoder_top:decoder|qc_llr_bank:llr_bank_inst|mem[21][24]                ;
; qc_ldpc_decoder_top:decoder|qc_llr_bank:llr_bank_inst|mem[21][27]               ; Merged with qc_ldpc_decoder_top:decoder|qc_llr_bank:llr_bank_inst|mem[21][24]                ;
; qc_ldpc_decoder_top:decoder|qc_llr_bank:llr_bank_inst|mem[21][28]               ; Merged with qc_ldpc_decoder_top:decoder|qc_llr_bank:llr_bank_inst|mem[21][24]                ;
; qc_ldpc_decoder_top:decoder|qc_llr_bank:llr_bank_inst|mem[21][30]               ; Merged with qc_ldpc_decoder_top:decoder|qc_llr_bank:llr_bank_inst|mem[21][24]                ;
; qc_ldpc_decoder_top:decoder|qc_llr_bank:llr_bank_inst|mem[22][25]               ; Merged with qc_ldpc_decoder_top:decoder|qc_llr_bank:llr_bank_inst|mem[22][24]                ;
; qc_ldpc_decoder_top:decoder|qc_llr_bank:llr_bank_inst|mem[22][26]               ; Merged with qc_ldpc_decoder_top:decoder|qc_llr_bank:llr_bank_inst|mem[22][24]                ;
; qc_ldpc_decoder_top:decoder|qc_llr_bank:llr_bank_inst|mem[22][27]               ; Merged with qc_ldpc_decoder_top:decoder|qc_llr_bank:llr_bank_inst|mem[22][24]                ;
; qc_ldpc_decoder_top:decoder|qc_llr_bank:llr_bank_inst|mem[22][28]               ; Merged with qc_ldpc_decoder_top:decoder|qc_llr_bank:llr_bank_inst|mem[22][24]                ;
; qc_ldpc_decoder_top:decoder|qc_llr_bank:llr_bank_inst|mem[22][30]               ; Merged with qc_ldpc_decoder_top:decoder|qc_llr_bank:llr_bank_inst|mem[22][24]                ;
; qc_ldpc_decoder_top:decoder|qc_llr_bank:llr_bank_inst|mem[23][25]               ; Merged with qc_ldpc_decoder_top:decoder|qc_llr_bank:llr_bank_inst|mem[23][24]                ;
; qc_ldpc_decoder_top:decoder|qc_llr_bank:llr_bank_inst|mem[23][26]               ; Merged with qc_ldpc_decoder_top:decoder|qc_llr_bank:llr_bank_inst|mem[23][24]                ;
; qc_ldpc_decoder_top:decoder|qc_llr_bank:llr_bank_inst|mem[23][27]               ; Merged with qc_ldpc_decoder_top:decoder|qc_llr_bank:llr_bank_inst|mem[23][24]                ;
; qc_ldpc_decoder_top:decoder|qc_llr_bank:llr_bank_inst|mem[23][28]               ; Merged with qc_ldpc_decoder_top:decoder|qc_llr_bank:llr_bank_inst|mem[23][24]                ;
; qc_ldpc_decoder_top:decoder|qc_llr_bank:llr_bank_inst|mem[23][30]               ; Merged with qc_ldpc_decoder_top:decoder|qc_llr_bank:llr_bank_inst|mem[23][24]                ;
; qc_ldpc_decoder_top:decoder|qc_llr_bank:llr_bank_inst|mem[24][25]               ; Merged with qc_ldpc_decoder_top:decoder|qc_llr_bank:llr_bank_inst|mem[24][24]                ;
; qc_ldpc_decoder_top:decoder|qc_llr_bank:llr_bank_inst|mem[24][26]               ; Merged with qc_ldpc_decoder_top:decoder|qc_llr_bank:llr_bank_inst|mem[24][24]                ;
; qc_ldpc_decoder_top:decoder|qc_llr_bank:llr_bank_inst|mem[24][27]               ; Merged with qc_ldpc_decoder_top:decoder|qc_llr_bank:llr_bank_inst|mem[24][24]                ;
; qc_ldpc_decoder_top:decoder|qc_llr_bank:llr_bank_inst|mem[24][28]               ; Merged with qc_ldpc_decoder_top:decoder|qc_llr_bank:llr_bank_inst|mem[24][24]                ;
; qc_ldpc_decoder_top:decoder|qc_llr_bank:llr_bank_inst|mem[24][30]               ; Merged with qc_ldpc_decoder_top:decoder|qc_llr_bank:llr_bank_inst|mem[24][24]                ;
; qc_ldpc_decoder_top:decoder|qc_llr_bank:llr_bank_inst|mem[25][25]               ; Merged with qc_ldpc_decoder_top:decoder|qc_llr_bank:llr_bank_inst|mem[25][24]                ;
; qc_ldpc_decoder_top:decoder|qc_llr_bank:llr_bank_inst|mem[25][26]               ; Merged with qc_ldpc_decoder_top:decoder|qc_llr_bank:llr_bank_inst|mem[25][24]                ;
; qc_ldpc_decoder_top:decoder|qc_llr_bank:llr_bank_inst|mem[25][27]               ; Merged with qc_ldpc_decoder_top:decoder|qc_llr_bank:llr_bank_inst|mem[25][24]                ;
; qc_ldpc_decoder_top:decoder|qc_llr_bank:llr_bank_inst|mem[25][28]               ; Merged with qc_ldpc_decoder_top:decoder|qc_llr_bank:llr_bank_inst|mem[25][24]                ;
; qc_ldpc_decoder_top:decoder|qc_llr_bank:llr_bank_inst|mem[25][30]               ; Merged with qc_ldpc_decoder_top:decoder|qc_llr_bank:llr_bank_inst|mem[25][24]                ;
; qc_ldpc_decoder_top:decoder|qc_llr_bank:llr_bank_inst|mem[26][25]               ; Merged with qc_ldpc_decoder_top:decoder|qc_llr_bank:llr_bank_inst|mem[26][24]                ;
; qc_ldpc_decoder_top:decoder|qc_llr_bank:llr_bank_inst|mem[26][26]               ; Merged with qc_ldpc_decoder_top:decoder|qc_llr_bank:llr_bank_inst|mem[26][24]                ;
; qc_ldpc_decoder_top:decoder|qc_llr_bank:llr_bank_inst|mem[26][27]               ; Merged with qc_ldpc_decoder_top:decoder|qc_llr_bank:llr_bank_inst|mem[26][24]                ;
; qc_ldpc_decoder_top:decoder|qc_llr_bank:llr_bank_inst|mem[26][28]               ; Merged with qc_ldpc_decoder_top:decoder|qc_llr_bank:llr_bank_inst|mem[26][24]                ;
; qc_ldpc_decoder_top:decoder|qc_llr_bank:llr_bank_inst|mem[26][30]               ; Merged with qc_ldpc_decoder_top:decoder|qc_llr_bank:llr_bank_inst|mem[26][24]                ;
; qc_ldpc_decoder_top:decoder|qc_llr_bank:llr_bank_inst|mem[27][25]               ; Merged with qc_ldpc_decoder_top:decoder|qc_llr_bank:llr_bank_inst|mem[27][24]                ;
; qc_ldpc_decoder_top:decoder|qc_llr_bank:llr_bank_inst|mem[27][26]               ; Merged with qc_ldpc_decoder_top:decoder|qc_llr_bank:llr_bank_inst|mem[27][24]                ;
; qc_ldpc_decoder_top:decoder|qc_llr_bank:llr_bank_inst|mem[27][27]               ; Merged with qc_ldpc_decoder_top:decoder|qc_llr_bank:llr_bank_inst|mem[27][24]                ;
; qc_ldpc_decoder_top:decoder|qc_llr_bank:llr_bank_inst|mem[27][28]               ; Merged with qc_ldpc_decoder_top:decoder|qc_llr_bank:llr_bank_inst|mem[27][24]                ;
; qc_ldpc_decoder_top:decoder|qc_llr_bank:llr_bank_inst|mem[27][30]               ; Merged with qc_ldpc_decoder_top:decoder|qc_llr_bank:llr_bank_inst|mem[27][24]                ;
; qc_ldpc_decoder_top:decoder|qc_llr_bank:llr_bank_inst|mem[28][25]               ; Merged with qc_ldpc_decoder_top:decoder|qc_llr_bank:llr_bank_inst|mem[28][24]                ;
; qc_ldpc_decoder_top:decoder|qc_llr_bank:llr_bank_inst|mem[28][26]               ; Merged with qc_ldpc_decoder_top:decoder|qc_llr_bank:llr_bank_inst|mem[28][24]                ;
; qc_ldpc_decoder_top:decoder|qc_llr_bank:llr_bank_inst|mem[28][27]               ; Merged with qc_ldpc_decoder_top:decoder|qc_llr_bank:llr_bank_inst|mem[28][24]                ;
; qc_ldpc_decoder_top:decoder|qc_llr_bank:llr_bank_inst|mem[28][28]               ; Merged with qc_ldpc_decoder_top:decoder|qc_llr_bank:llr_bank_inst|mem[28][24]                ;
; qc_ldpc_decoder_top:decoder|qc_llr_bank:llr_bank_inst|mem[28][30]               ; Merged with qc_ldpc_decoder_top:decoder|qc_llr_bank:llr_bank_inst|mem[28][24]                ;
; qc_ldpc_decoder_top:decoder|qc_llr_bank:llr_bank_inst|mem[29][25]               ; Merged with qc_ldpc_decoder_top:decoder|qc_llr_bank:llr_bank_inst|mem[29][24]                ;
; qc_ldpc_decoder_top:decoder|qc_llr_bank:llr_bank_inst|mem[29][26]               ; Merged with qc_ldpc_decoder_top:decoder|qc_llr_bank:llr_bank_inst|mem[29][24]                ;
; qc_ldpc_decoder_top:decoder|qc_llr_bank:llr_bank_inst|mem[29][27]               ; Merged with qc_ldpc_decoder_top:decoder|qc_llr_bank:llr_bank_inst|mem[29][24]                ;
; qc_ldpc_decoder_top:decoder|qc_llr_bank:llr_bank_inst|mem[29][28]               ; Merged with qc_ldpc_decoder_top:decoder|qc_llr_bank:llr_bank_inst|mem[29][24]                ;
; qc_ldpc_decoder_top:decoder|qc_llr_bank:llr_bank_inst|mem[29][30]               ; Merged with qc_ldpc_decoder_top:decoder|qc_llr_bank:llr_bank_inst|mem[29][24]                ;
; qc_ldpc_decoder_top:decoder|qc_llr_bank:llr_bank_inst|mem[30][25]               ; Merged with qc_ldpc_decoder_top:decoder|qc_llr_bank:llr_bank_inst|mem[30][24]                ;
; qc_ldpc_decoder_top:decoder|qc_llr_bank:llr_bank_inst|mem[30][26]               ; Merged with qc_ldpc_decoder_top:decoder|qc_llr_bank:llr_bank_inst|mem[30][24]                ;
; qc_ldpc_decoder_top:decoder|qc_llr_bank:llr_bank_inst|mem[30][27]               ; Merged with qc_ldpc_decoder_top:decoder|qc_llr_bank:llr_bank_inst|mem[30][24]                ;
; qc_ldpc_decoder_top:decoder|qc_llr_bank:llr_bank_inst|mem[30][28]               ; Merged with qc_ldpc_decoder_top:decoder|qc_llr_bank:llr_bank_inst|mem[30][24]                ;
; qc_ldpc_decoder_top:decoder|qc_llr_bank:llr_bank_inst|mem[30][30]               ; Merged with qc_ldpc_decoder_top:decoder|qc_llr_bank:llr_bank_inst|mem[30][24]                ;
; qc_ldpc_decoder_top:decoder|qc_llr_bank:llr_bank_inst|mem[31][25]               ; Merged with qc_ldpc_decoder_top:decoder|qc_llr_bank:llr_bank_inst|mem[31][24]                ;
; qc_ldpc_decoder_top:decoder|qc_llr_bank:llr_bank_inst|mem[31][26]               ; Merged with qc_ldpc_decoder_top:decoder|qc_llr_bank:llr_bank_inst|mem[31][24]                ;
; qc_ldpc_decoder_top:decoder|qc_llr_bank:llr_bank_inst|mem[31][27]               ; Merged with qc_ldpc_decoder_top:decoder|qc_llr_bank:llr_bank_inst|mem[31][24]                ;
; qc_ldpc_decoder_top:decoder|qc_llr_bank:llr_bank_inst|mem[31][28]               ; Merged with qc_ldpc_decoder_top:decoder|qc_llr_bank:llr_bank_inst|mem[31][24]                ;
; qc_ldpc_decoder_top:decoder|qc_llr_bank:llr_bank_inst|mem[31][30]               ; Merged with qc_ldpc_decoder_top:decoder|qc_llr_bank:llr_bank_inst|mem[31][24]                ;
; qc_ldpc_decoder_top:decoder|qc_llr_bank:llr_bank_inst|mem[32][25]               ; Merged with qc_ldpc_decoder_top:decoder|qc_llr_bank:llr_bank_inst|mem[32][24]                ;
; qc_ldpc_decoder_top:decoder|qc_llr_bank:llr_bank_inst|mem[32][26]               ; Merged with qc_ldpc_decoder_top:decoder|qc_llr_bank:llr_bank_inst|mem[32][24]                ;
; qc_ldpc_decoder_top:decoder|qc_llr_bank:llr_bank_inst|mem[32][27]               ; Merged with qc_ldpc_decoder_top:decoder|qc_llr_bank:llr_bank_inst|mem[32][24]                ;
; qc_ldpc_decoder_top:decoder|qc_llr_bank:llr_bank_inst|mem[32][28]               ; Merged with qc_ldpc_decoder_top:decoder|qc_llr_bank:llr_bank_inst|mem[32][24]                ;
; qc_ldpc_decoder_top:decoder|qc_llr_bank:llr_bank_inst|mem[32][30]               ; Merged with qc_ldpc_decoder_top:decoder|qc_llr_bank:llr_bank_inst|mem[32][24]                ;
; qc_ldpc_decoder_top:decoder|qc_llr_bank:llr_bank_inst|mem[33][25]               ; Merged with qc_ldpc_decoder_top:decoder|qc_llr_bank:llr_bank_inst|mem[33][24]                ;
; qc_ldpc_decoder_top:decoder|qc_llr_bank:llr_bank_inst|mem[33][26]               ; Merged with qc_ldpc_decoder_top:decoder|qc_llr_bank:llr_bank_inst|mem[33][24]                ;
; qc_ldpc_decoder_top:decoder|qc_llr_bank:llr_bank_inst|mem[33][27]               ; Merged with qc_ldpc_decoder_top:decoder|qc_llr_bank:llr_bank_inst|mem[33][24]                ;
; qc_ldpc_decoder_top:decoder|qc_llr_bank:llr_bank_inst|mem[33][28]               ; Merged with qc_ldpc_decoder_top:decoder|qc_llr_bank:llr_bank_inst|mem[33][24]                ;
; qc_ldpc_decoder_top:decoder|qc_llr_bank:llr_bank_inst|mem[33][30]               ; Merged with qc_ldpc_decoder_top:decoder|qc_llr_bank:llr_bank_inst|mem[33][24]                ;
; qc_ldpc_decoder_top:decoder|qc_llr_bank:llr_bank_inst|mem[34][25]               ; Merged with qc_ldpc_decoder_top:decoder|qc_llr_bank:llr_bank_inst|mem[34][24]                ;
; qc_ldpc_decoder_top:decoder|qc_llr_bank:llr_bank_inst|mem[34][26]               ; Merged with qc_ldpc_decoder_top:decoder|qc_llr_bank:llr_bank_inst|mem[34][24]                ;
; qc_ldpc_decoder_top:decoder|qc_llr_bank:llr_bank_inst|mem[34][27]               ; Merged with qc_ldpc_decoder_top:decoder|qc_llr_bank:llr_bank_inst|mem[34][24]                ;
; qc_ldpc_decoder_top:decoder|qc_llr_bank:llr_bank_inst|mem[34][28]               ; Merged with qc_ldpc_decoder_top:decoder|qc_llr_bank:llr_bank_inst|mem[34][24]                ;
; qc_ldpc_decoder_top:decoder|qc_llr_bank:llr_bank_inst|mem[34][30]               ; Merged with qc_ldpc_decoder_top:decoder|qc_llr_bank:llr_bank_inst|mem[34][24]                ;
; qc_ldpc_decoder_top:decoder|qc_llr_bank:llr_bank_inst|mem[35][25]               ; Merged with qc_ldpc_decoder_top:decoder|qc_llr_bank:llr_bank_inst|mem[35][24]                ;
; qc_ldpc_decoder_top:decoder|qc_llr_bank:llr_bank_inst|mem[35][26]               ; Merged with qc_ldpc_decoder_top:decoder|qc_llr_bank:llr_bank_inst|mem[35][24]                ;
; qc_ldpc_decoder_top:decoder|qc_llr_bank:llr_bank_inst|mem[35][27]               ; Merged with qc_ldpc_decoder_top:decoder|qc_llr_bank:llr_bank_inst|mem[35][24]                ;
; qc_ldpc_decoder_top:decoder|qc_llr_bank:llr_bank_inst|mem[35][28]               ; Merged with qc_ldpc_decoder_top:decoder|qc_llr_bank:llr_bank_inst|mem[35][24]                ;
; qc_ldpc_decoder_top:decoder|qc_llr_bank:llr_bank_inst|mem[35][30]               ; Merged with qc_ldpc_decoder_top:decoder|qc_llr_bank:llr_bank_inst|mem[35][24]                ;
; qc_ldpc_decoder_top:decoder|qc_llr_bank:llr_bank_inst|mem[36][25]               ; Merged with qc_ldpc_decoder_top:decoder|qc_llr_bank:llr_bank_inst|mem[36][24]                ;
; qc_ldpc_decoder_top:decoder|qc_llr_bank:llr_bank_inst|mem[36][26]               ; Merged with qc_ldpc_decoder_top:decoder|qc_llr_bank:llr_bank_inst|mem[36][24]                ;
; qc_ldpc_decoder_top:decoder|qc_llr_bank:llr_bank_inst|mem[36][27]               ; Merged with qc_ldpc_decoder_top:decoder|qc_llr_bank:llr_bank_inst|mem[36][24]                ;
; qc_ldpc_decoder_top:decoder|qc_llr_bank:llr_bank_inst|mem[36][28]               ; Merged with qc_ldpc_decoder_top:decoder|qc_llr_bank:llr_bank_inst|mem[36][24]                ;
; qc_ldpc_decoder_top:decoder|qc_llr_bank:llr_bank_inst|mem[36][30]               ; Merged with qc_ldpc_decoder_top:decoder|qc_llr_bank:llr_bank_inst|mem[36][24]                ;
; qc_ldpc_decoder_top:decoder|qc_llr_bank:llr_bank_inst|mem[37][25]               ; Merged with qc_ldpc_decoder_top:decoder|qc_llr_bank:llr_bank_inst|mem[37][24]                ;
; qc_ldpc_decoder_top:decoder|qc_llr_bank:llr_bank_inst|mem[37][26]               ; Merged with qc_ldpc_decoder_top:decoder|qc_llr_bank:llr_bank_inst|mem[37][24]                ;
; qc_ldpc_decoder_top:decoder|qc_llr_bank:llr_bank_inst|mem[37][27]               ; Merged with qc_ldpc_decoder_top:decoder|qc_llr_bank:llr_bank_inst|mem[37][24]                ;
; qc_ldpc_decoder_top:decoder|qc_llr_bank:llr_bank_inst|mem[37][28]               ; Merged with qc_ldpc_decoder_top:decoder|qc_llr_bank:llr_bank_inst|mem[37][24]                ;
; qc_ldpc_decoder_top:decoder|qc_llr_bank:llr_bank_inst|mem[37][30]               ; Merged with qc_ldpc_decoder_top:decoder|qc_llr_bank:llr_bank_inst|mem[37][24]                ;
; qc_ldpc_decoder_top:decoder|qc_llr_bank:llr_bank_inst|mem[38][25]               ; Merged with qc_ldpc_decoder_top:decoder|qc_llr_bank:llr_bank_inst|mem[38][24]                ;
; qc_ldpc_decoder_top:decoder|qc_llr_bank:llr_bank_inst|mem[38][26]               ; Merged with qc_ldpc_decoder_top:decoder|qc_llr_bank:llr_bank_inst|mem[38][24]                ;
; qc_ldpc_decoder_top:decoder|qc_llr_bank:llr_bank_inst|mem[38][27]               ; Merged with qc_ldpc_decoder_top:decoder|qc_llr_bank:llr_bank_inst|mem[38][24]                ;
; qc_ldpc_decoder_top:decoder|qc_llr_bank:llr_bank_inst|mem[38][28]               ; Merged with qc_ldpc_decoder_top:decoder|qc_llr_bank:llr_bank_inst|mem[38][24]                ;
; qc_ldpc_decoder_top:decoder|qc_llr_bank:llr_bank_inst|mem[38][30]               ; Merged with qc_ldpc_decoder_top:decoder|qc_llr_bank:llr_bank_inst|mem[38][24]                ;
; qc_ldpc_decoder_top:decoder|qc_llr_bank:llr_bank_inst|mem[39][25]               ; Merged with qc_ldpc_decoder_top:decoder|qc_llr_bank:llr_bank_inst|mem[39][24]                ;
; qc_ldpc_decoder_top:decoder|qc_llr_bank:llr_bank_inst|mem[39][26]               ; Merged with qc_ldpc_decoder_top:decoder|qc_llr_bank:llr_bank_inst|mem[39][24]                ;
; qc_ldpc_decoder_top:decoder|qc_llr_bank:llr_bank_inst|mem[39][27]               ; Merged with qc_ldpc_decoder_top:decoder|qc_llr_bank:llr_bank_inst|mem[39][24]                ;
; qc_ldpc_decoder_top:decoder|qc_llr_bank:llr_bank_inst|mem[39][28]               ; Merged with qc_ldpc_decoder_top:decoder|qc_llr_bank:llr_bank_inst|mem[39][24]                ;
; qc_ldpc_decoder_top:decoder|qc_llr_bank:llr_bank_inst|mem[39][30]               ; Merged with qc_ldpc_decoder_top:decoder|qc_llr_bank:llr_bank_inst|mem[39][24]                ;
; qc_ldpc_decoder_top:decoder|qc_llr_bank:llr_bank_inst|mem[40][25]               ; Merged with qc_ldpc_decoder_top:decoder|qc_llr_bank:llr_bank_inst|mem[40][24]                ;
; qc_ldpc_decoder_top:decoder|qc_llr_bank:llr_bank_inst|mem[40][26]               ; Merged with qc_ldpc_decoder_top:decoder|qc_llr_bank:llr_bank_inst|mem[40][24]                ;
; qc_ldpc_decoder_top:decoder|qc_llr_bank:llr_bank_inst|mem[40][27]               ; Merged with qc_ldpc_decoder_top:decoder|qc_llr_bank:llr_bank_inst|mem[40][24]                ;
; qc_ldpc_decoder_top:decoder|qc_llr_bank:llr_bank_inst|mem[40][28]               ; Merged with qc_ldpc_decoder_top:decoder|qc_llr_bank:llr_bank_inst|mem[40][24]                ;
; qc_ldpc_decoder_top:decoder|qc_llr_bank:llr_bank_inst|mem[40][30]               ; Merged with qc_ldpc_decoder_top:decoder|qc_llr_bank:llr_bank_inst|mem[40][24]                ;
; qc_ldpc_decoder_top:decoder|qc_llr_bank:llr_bank_inst|mem[41][25]               ; Merged with qc_ldpc_decoder_top:decoder|qc_llr_bank:llr_bank_inst|mem[41][24]                ;
; qc_ldpc_decoder_top:decoder|qc_llr_bank:llr_bank_inst|mem[41][26]               ; Merged with qc_ldpc_decoder_top:decoder|qc_llr_bank:llr_bank_inst|mem[41][24]                ;
; qc_ldpc_decoder_top:decoder|qc_llr_bank:llr_bank_inst|mem[41][27]               ; Merged with qc_ldpc_decoder_top:decoder|qc_llr_bank:llr_bank_inst|mem[41][24]                ;
; qc_ldpc_decoder_top:decoder|qc_llr_bank:llr_bank_inst|mem[41][28]               ; Merged with qc_ldpc_decoder_top:decoder|qc_llr_bank:llr_bank_inst|mem[41][24]                ;
; qc_ldpc_decoder_top:decoder|qc_llr_bank:llr_bank_inst|mem[41][30]               ; Merged with qc_ldpc_decoder_top:decoder|qc_llr_bank:llr_bank_inst|mem[41][24]                ;
; qc_ldpc_decoder_top:decoder|qc_llr_bank:llr_bank_inst|mem[42][25]               ; Merged with qc_ldpc_decoder_top:decoder|qc_llr_bank:llr_bank_inst|mem[42][24]                ;
; qc_ldpc_decoder_top:decoder|qc_llr_bank:llr_bank_inst|mem[42][26]               ; Merged with qc_ldpc_decoder_top:decoder|qc_llr_bank:llr_bank_inst|mem[42][24]                ;
; qc_ldpc_decoder_top:decoder|qc_llr_bank:llr_bank_inst|mem[42][27]               ; Merged with qc_ldpc_decoder_top:decoder|qc_llr_bank:llr_bank_inst|mem[42][24]                ;
; qc_ldpc_decoder_top:decoder|qc_llr_bank:llr_bank_inst|mem[42][28]               ; Merged with qc_ldpc_decoder_top:decoder|qc_llr_bank:llr_bank_inst|mem[42][24]                ;
; qc_ldpc_decoder_top:decoder|qc_llr_bank:llr_bank_inst|mem[42][30]               ; Merged with qc_ldpc_decoder_top:decoder|qc_llr_bank:llr_bank_inst|mem[42][24]                ;
; qc_ldpc_decoder_top:decoder|qc_llr_bank:llr_bank_inst|mem[43][25]               ; Merged with qc_ldpc_decoder_top:decoder|qc_llr_bank:llr_bank_inst|mem[43][24]                ;
; qc_ldpc_decoder_top:decoder|qc_llr_bank:llr_bank_inst|mem[43][26]               ; Merged with qc_ldpc_decoder_top:decoder|qc_llr_bank:llr_bank_inst|mem[43][24]                ;
; qc_ldpc_decoder_top:decoder|qc_llr_bank:llr_bank_inst|mem[43][27]               ; Merged with qc_ldpc_decoder_top:decoder|qc_llr_bank:llr_bank_inst|mem[43][24]                ;
; qc_ldpc_decoder_top:decoder|qc_llr_bank:llr_bank_inst|mem[43][28]               ; Merged with qc_ldpc_decoder_top:decoder|qc_llr_bank:llr_bank_inst|mem[43][24]                ;
; qc_ldpc_decoder_top:decoder|qc_llr_bank:llr_bank_inst|mem[43][30]               ; Merged with qc_ldpc_decoder_top:decoder|qc_llr_bank:llr_bank_inst|mem[43][24]                ;
; qc_ldpc_decoder_top:decoder|qc_llr_bank:llr_bank_inst|mem[44][25]               ; Merged with qc_ldpc_decoder_top:decoder|qc_llr_bank:llr_bank_inst|mem[44][24]                ;
; qc_ldpc_decoder_top:decoder|qc_llr_bank:llr_bank_inst|mem[44][26]               ; Merged with qc_ldpc_decoder_top:decoder|qc_llr_bank:llr_bank_inst|mem[44][24]                ;
; qc_ldpc_decoder_top:decoder|qc_llr_bank:llr_bank_inst|mem[44][27]               ; Merged with qc_ldpc_decoder_top:decoder|qc_llr_bank:llr_bank_inst|mem[44][24]                ;
; qc_ldpc_decoder_top:decoder|qc_llr_bank:llr_bank_inst|mem[44][28]               ; Merged with qc_ldpc_decoder_top:decoder|qc_llr_bank:llr_bank_inst|mem[44][24]                ;
; qc_ldpc_decoder_top:decoder|qc_llr_bank:llr_bank_inst|mem[44][30]               ; Merged with qc_ldpc_decoder_top:decoder|qc_llr_bank:llr_bank_inst|mem[44][24]                ;
; qc_ldpc_decoder_top:decoder|qc_llr_bank:llr_bank_inst|mem[45][25]               ; Merged with qc_ldpc_decoder_top:decoder|qc_llr_bank:llr_bank_inst|mem[45][24]                ;
; qc_ldpc_decoder_top:decoder|qc_llr_bank:llr_bank_inst|mem[45][26]               ; Merged with qc_ldpc_decoder_top:decoder|qc_llr_bank:llr_bank_inst|mem[45][24]                ;
; qc_ldpc_decoder_top:decoder|qc_llr_bank:llr_bank_inst|mem[45][27]               ; Merged with qc_ldpc_decoder_top:decoder|qc_llr_bank:llr_bank_inst|mem[45][24]                ;
; qc_ldpc_decoder_top:decoder|qc_llr_bank:llr_bank_inst|mem[45][28]               ; Merged with qc_ldpc_decoder_top:decoder|qc_llr_bank:llr_bank_inst|mem[45][24]                ;
; qc_ldpc_decoder_top:decoder|qc_llr_bank:llr_bank_inst|mem[45][30]               ; Merged with qc_ldpc_decoder_top:decoder|qc_llr_bank:llr_bank_inst|mem[45][24]                ;
; qc_ldpc_decoder_top:decoder|qc_llr_bank:llr_bank_inst|mem[46][25]               ; Merged with qc_ldpc_decoder_top:decoder|qc_llr_bank:llr_bank_inst|mem[46][24]                ;
; qc_ldpc_decoder_top:decoder|qc_llr_bank:llr_bank_inst|mem[46][26]               ; Merged with qc_ldpc_decoder_top:decoder|qc_llr_bank:llr_bank_inst|mem[46][24]                ;
; qc_ldpc_decoder_top:decoder|qc_llr_bank:llr_bank_inst|mem[46][27]               ; Merged with qc_ldpc_decoder_top:decoder|qc_llr_bank:llr_bank_inst|mem[46][24]                ;
; qc_ldpc_decoder_top:decoder|qc_llr_bank:llr_bank_inst|mem[46][28]               ; Merged with qc_ldpc_decoder_top:decoder|qc_llr_bank:llr_bank_inst|mem[46][24]                ;
; qc_ldpc_decoder_top:decoder|qc_llr_bank:llr_bank_inst|mem[46][30]               ; Merged with qc_ldpc_decoder_top:decoder|qc_llr_bank:llr_bank_inst|mem[46][24]                ;
; qc_ldpc_decoder_top:decoder|qc_llr_bank:llr_bank_inst|mem[47][25]               ; Merged with qc_ldpc_decoder_top:decoder|qc_llr_bank:llr_bank_inst|mem[47][24]                ;
; qc_ldpc_decoder_top:decoder|qc_llr_bank:llr_bank_inst|mem[47][26]               ; Merged with qc_ldpc_decoder_top:decoder|qc_llr_bank:llr_bank_inst|mem[47][24]                ;
; qc_ldpc_decoder_top:decoder|qc_llr_bank:llr_bank_inst|mem[47][27]               ; Merged with qc_ldpc_decoder_top:decoder|qc_llr_bank:llr_bank_inst|mem[47][24]                ;
; qc_ldpc_decoder_top:decoder|qc_llr_bank:llr_bank_inst|mem[47][28]               ; Merged with qc_ldpc_decoder_top:decoder|qc_llr_bank:llr_bank_inst|mem[47][24]                ;
; qc_ldpc_decoder_top:decoder|qc_llr_bank:llr_bank_inst|mem[47][30]               ; Merged with qc_ldpc_decoder_top:decoder|qc_llr_bank:llr_bank_inst|mem[47][24]                ;
; qc_ldpc_decoder_top:decoder|qc_llr_bank:llr_bank_inst|mem[48][25]               ; Merged with qc_ldpc_decoder_top:decoder|qc_llr_bank:llr_bank_inst|mem[48][24]                ;
; qc_ldpc_decoder_top:decoder|qc_llr_bank:llr_bank_inst|mem[48][26]               ; Merged with qc_ldpc_decoder_top:decoder|qc_llr_bank:llr_bank_inst|mem[48][24]                ;
; qc_ldpc_decoder_top:decoder|qc_llr_bank:llr_bank_inst|mem[48][27]               ; Merged with qc_ldpc_decoder_top:decoder|qc_llr_bank:llr_bank_inst|mem[48][24]                ;
; qc_ldpc_decoder_top:decoder|qc_llr_bank:llr_bank_inst|mem[48][28]               ; Merged with qc_ldpc_decoder_top:decoder|qc_llr_bank:llr_bank_inst|mem[48][24]                ;
; qc_ldpc_decoder_top:decoder|qc_llr_bank:llr_bank_inst|mem[48][30]               ; Merged with qc_ldpc_decoder_top:decoder|qc_llr_bank:llr_bank_inst|mem[48][24]                ;
; qc_ldpc_decoder_top:decoder|qc_llr_bank:llr_bank_inst|mem[49][25]               ; Merged with qc_ldpc_decoder_top:decoder|qc_llr_bank:llr_bank_inst|mem[49][24]                ;
; qc_ldpc_decoder_top:decoder|qc_llr_bank:llr_bank_inst|mem[49][26]               ; Merged with qc_ldpc_decoder_top:decoder|qc_llr_bank:llr_bank_inst|mem[49][24]                ;
; qc_ldpc_decoder_top:decoder|qc_llr_bank:llr_bank_inst|mem[49][27]               ; Merged with qc_ldpc_decoder_top:decoder|qc_llr_bank:llr_bank_inst|mem[49][24]                ;
; qc_ldpc_decoder_top:decoder|qc_llr_bank:llr_bank_inst|mem[49][28]               ; Merged with qc_ldpc_decoder_top:decoder|qc_llr_bank:llr_bank_inst|mem[49][24]                ;
; qc_ldpc_decoder_top:decoder|qc_llr_bank:llr_bank_inst|mem[49][30]               ; Merged with qc_ldpc_decoder_top:decoder|qc_llr_bank:llr_bank_inst|mem[49][24]                ;
; qc_ldpc_decoder_top:decoder|qc_llr_bank:llr_bank_inst|mem[50][25]               ; Merged with qc_ldpc_decoder_top:decoder|qc_llr_bank:llr_bank_inst|mem[50][24]                ;
; qc_ldpc_decoder_top:decoder|qc_llr_bank:llr_bank_inst|mem[50][26]               ; Merged with qc_ldpc_decoder_top:decoder|qc_llr_bank:llr_bank_inst|mem[50][24]                ;
; qc_ldpc_decoder_top:decoder|qc_llr_bank:llr_bank_inst|mem[50][27]               ; Merged with qc_ldpc_decoder_top:decoder|qc_llr_bank:llr_bank_inst|mem[50][24]                ;
; qc_ldpc_decoder_top:decoder|qc_llr_bank:llr_bank_inst|mem[50][28]               ; Merged with qc_ldpc_decoder_top:decoder|qc_llr_bank:llr_bank_inst|mem[50][24]                ;
; qc_ldpc_decoder_top:decoder|qc_llr_bank:llr_bank_inst|mem[50][30]               ; Merged with qc_ldpc_decoder_top:decoder|qc_llr_bank:llr_bank_inst|mem[50][24]                ;
; qc_ldpc_decoder_top:decoder|qc_llr_bank:llr_bank_inst|mem[51][25]               ; Merged with qc_ldpc_decoder_top:decoder|qc_llr_bank:llr_bank_inst|mem[51][24]                ;
; qc_ldpc_decoder_top:decoder|qc_llr_bank:llr_bank_inst|mem[51][26]               ; Merged with qc_ldpc_decoder_top:decoder|qc_llr_bank:llr_bank_inst|mem[51][24]                ;
; qc_ldpc_decoder_top:decoder|qc_llr_bank:llr_bank_inst|mem[51][27]               ; Merged with qc_ldpc_decoder_top:decoder|qc_llr_bank:llr_bank_inst|mem[51][24]                ;
; qc_ldpc_decoder_top:decoder|qc_llr_bank:llr_bank_inst|mem[51][28]               ; Merged with qc_ldpc_decoder_top:decoder|qc_llr_bank:llr_bank_inst|mem[51][24]                ;
; qc_ldpc_decoder_top:decoder|qc_llr_bank:llr_bank_inst|mem[51][30]               ; Merged with qc_ldpc_decoder_top:decoder|qc_llr_bank:llr_bank_inst|mem[51][24]                ;
; qc_ldpc_decoder_top:decoder|qc_llr_bank:llr_bank_inst|mem[52][25]               ; Merged with qc_ldpc_decoder_top:decoder|qc_llr_bank:llr_bank_inst|mem[52][24]                ;
; qc_ldpc_decoder_top:decoder|qc_llr_bank:llr_bank_inst|mem[52][26]               ; Merged with qc_ldpc_decoder_top:decoder|qc_llr_bank:llr_bank_inst|mem[52][24]                ;
; qc_ldpc_decoder_top:decoder|qc_llr_bank:llr_bank_inst|mem[52][27]               ; Merged with qc_ldpc_decoder_top:decoder|qc_llr_bank:llr_bank_inst|mem[52][24]                ;
; qc_ldpc_decoder_top:decoder|qc_llr_bank:llr_bank_inst|mem[52][28]               ; Merged with qc_ldpc_decoder_top:decoder|qc_llr_bank:llr_bank_inst|mem[52][24]                ;
; qc_ldpc_decoder_top:decoder|qc_llr_bank:llr_bank_inst|mem[52][30]               ; Merged with qc_ldpc_decoder_top:decoder|qc_llr_bank:llr_bank_inst|mem[52][24]                ;
; qc_ldpc_decoder_top:decoder|qc_llr_bank:llr_bank_inst|mem[53][25]               ; Merged with qc_ldpc_decoder_top:decoder|qc_llr_bank:llr_bank_inst|mem[53][24]                ;
; qc_ldpc_decoder_top:decoder|qc_llr_bank:llr_bank_inst|mem[53][26]               ; Merged with qc_ldpc_decoder_top:decoder|qc_llr_bank:llr_bank_inst|mem[53][24]                ;
; qc_ldpc_decoder_top:decoder|qc_llr_bank:llr_bank_inst|mem[53][27]               ; Merged with qc_ldpc_decoder_top:decoder|qc_llr_bank:llr_bank_inst|mem[53][24]                ;
; qc_ldpc_decoder_top:decoder|qc_llr_bank:llr_bank_inst|mem[53][28]               ; Merged with qc_ldpc_decoder_top:decoder|qc_llr_bank:llr_bank_inst|mem[53][24]                ;
; qc_ldpc_decoder_top:decoder|qc_llr_bank:llr_bank_inst|mem[53][30]               ; Merged with qc_ldpc_decoder_top:decoder|qc_llr_bank:llr_bank_inst|mem[53][24]                ;
; qc_ldpc_decoder_top:decoder|qc_llr_bank:llr_bank_inst|mem[54][25]               ; Merged with qc_ldpc_decoder_top:decoder|qc_llr_bank:llr_bank_inst|mem[54][24]                ;
; qc_ldpc_decoder_top:decoder|qc_llr_bank:llr_bank_inst|mem[54][26]               ; Merged with qc_ldpc_decoder_top:decoder|qc_llr_bank:llr_bank_inst|mem[54][24]                ;
; qc_ldpc_decoder_top:decoder|qc_llr_bank:llr_bank_inst|mem[54][27]               ; Merged with qc_ldpc_decoder_top:decoder|qc_llr_bank:llr_bank_inst|mem[54][24]                ;
; qc_ldpc_decoder_top:decoder|qc_llr_bank:llr_bank_inst|mem[54][28]               ; Merged with qc_ldpc_decoder_top:decoder|qc_llr_bank:llr_bank_inst|mem[54][24]                ;
; qc_ldpc_decoder_top:decoder|qc_llr_bank:llr_bank_inst|mem[54][30]               ; Merged with qc_ldpc_decoder_top:decoder|qc_llr_bank:llr_bank_inst|mem[54][24]                ;
; qc_ldpc_decoder_top:decoder|qc_llr_bank:llr_bank_inst|mem[55][25]               ; Merged with qc_ldpc_decoder_top:decoder|qc_llr_bank:llr_bank_inst|mem[55][24]                ;
; qc_ldpc_decoder_top:decoder|qc_llr_bank:llr_bank_inst|mem[55][26]               ; Merged with qc_ldpc_decoder_top:decoder|qc_llr_bank:llr_bank_inst|mem[55][24]                ;
; qc_ldpc_decoder_top:decoder|qc_llr_bank:llr_bank_inst|mem[55][27]               ; Merged with qc_ldpc_decoder_top:decoder|qc_llr_bank:llr_bank_inst|mem[55][24]                ;
; qc_ldpc_decoder_top:decoder|qc_llr_bank:llr_bank_inst|mem[55][28]               ; Merged with qc_ldpc_decoder_top:decoder|qc_llr_bank:llr_bank_inst|mem[55][24]                ;
; qc_ldpc_decoder_top:decoder|qc_llr_bank:llr_bank_inst|mem[55][30]               ; Merged with qc_ldpc_decoder_top:decoder|qc_llr_bank:llr_bank_inst|mem[55][24]                ;
; qc_ldpc_decoder_top:decoder|qc_llr_bank:llr_bank_inst|mem[56][25]               ; Merged with qc_ldpc_decoder_top:decoder|qc_llr_bank:llr_bank_inst|mem[56][24]                ;
; qc_ldpc_decoder_top:decoder|qc_llr_bank:llr_bank_inst|mem[56][26]               ; Merged with qc_ldpc_decoder_top:decoder|qc_llr_bank:llr_bank_inst|mem[56][24]                ;
; qc_ldpc_decoder_top:decoder|qc_llr_bank:llr_bank_inst|mem[56][27]               ; Merged with qc_ldpc_decoder_top:decoder|qc_llr_bank:llr_bank_inst|mem[56][24]                ;
; qc_ldpc_decoder_top:decoder|qc_llr_bank:llr_bank_inst|mem[56][28]               ; Merged with qc_ldpc_decoder_top:decoder|qc_llr_bank:llr_bank_inst|mem[56][24]                ;
; qc_ldpc_decoder_top:decoder|qc_llr_bank:llr_bank_inst|mem[56][30]               ; Merged with qc_ldpc_decoder_top:decoder|qc_llr_bank:llr_bank_inst|mem[56][24]                ;
; qc_ldpc_decoder_top:decoder|qc_llr_bank:llr_bank_inst|mem[57][25]               ; Merged with qc_ldpc_decoder_top:decoder|qc_llr_bank:llr_bank_inst|mem[57][24]                ;
; qc_ldpc_decoder_top:decoder|qc_llr_bank:llr_bank_inst|mem[57][26]               ; Merged with qc_ldpc_decoder_top:decoder|qc_llr_bank:llr_bank_inst|mem[57][24]                ;
; qc_ldpc_decoder_top:decoder|qc_llr_bank:llr_bank_inst|mem[57][27]               ; Merged with qc_ldpc_decoder_top:decoder|qc_llr_bank:llr_bank_inst|mem[57][24]                ;
; qc_ldpc_decoder_top:decoder|qc_llr_bank:llr_bank_inst|mem[57][28]               ; Merged with qc_ldpc_decoder_top:decoder|qc_llr_bank:llr_bank_inst|mem[57][24]                ;
; qc_ldpc_decoder_top:decoder|qc_llr_bank:llr_bank_inst|mem[57][30]               ; Merged with qc_ldpc_decoder_top:decoder|qc_llr_bank:llr_bank_inst|mem[57][24]                ;
; qc_ldpc_decoder_top:decoder|qc_llr_bank:llr_bank_inst|mem[58][25]               ; Merged with qc_ldpc_decoder_top:decoder|qc_llr_bank:llr_bank_inst|mem[58][24]                ;
; qc_ldpc_decoder_top:decoder|qc_llr_bank:llr_bank_inst|mem[58][26]               ; Merged with qc_ldpc_decoder_top:decoder|qc_llr_bank:llr_bank_inst|mem[58][24]                ;
; qc_ldpc_decoder_top:decoder|qc_llr_bank:llr_bank_inst|mem[58][27]               ; Merged with qc_ldpc_decoder_top:decoder|qc_llr_bank:llr_bank_inst|mem[58][24]                ;
; qc_ldpc_decoder_top:decoder|qc_llr_bank:llr_bank_inst|mem[58][28]               ; Merged with qc_ldpc_decoder_top:decoder|qc_llr_bank:llr_bank_inst|mem[58][24]                ;
; qc_ldpc_decoder_top:decoder|qc_llr_bank:llr_bank_inst|mem[58][30]               ; Merged with qc_ldpc_decoder_top:decoder|qc_llr_bank:llr_bank_inst|mem[58][24]                ;
; qc_ldpc_decoder_top:decoder|qc_llr_bank:llr_bank_inst|mem[59][25]               ; Merged with qc_ldpc_decoder_top:decoder|qc_llr_bank:llr_bank_inst|mem[59][24]                ;
; qc_ldpc_decoder_top:decoder|qc_llr_bank:llr_bank_inst|mem[59][26]               ; Merged with qc_ldpc_decoder_top:decoder|qc_llr_bank:llr_bank_inst|mem[59][24]                ;
; qc_ldpc_decoder_top:decoder|qc_llr_bank:llr_bank_inst|mem[59][27]               ; Merged with qc_ldpc_decoder_top:decoder|qc_llr_bank:llr_bank_inst|mem[59][24]                ;
; qc_ldpc_decoder_top:decoder|qc_llr_bank:llr_bank_inst|mem[59][28]               ; Merged with qc_ldpc_decoder_top:decoder|qc_llr_bank:llr_bank_inst|mem[59][24]                ;
; qc_ldpc_decoder_top:decoder|qc_llr_bank:llr_bank_inst|mem[59][30]               ; Merged with qc_ldpc_decoder_top:decoder|qc_llr_bank:llr_bank_inst|mem[59][24]                ;
; qc_ldpc_decoder_top:decoder|qc_llr_bank:llr_bank_inst|mem[60][25]               ; Merged with qc_ldpc_decoder_top:decoder|qc_llr_bank:llr_bank_inst|mem[60][24]                ;
; qc_ldpc_decoder_top:decoder|qc_llr_bank:llr_bank_inst|mem[60][26]               ; Merged with qc_ldpc_decoder_top:decoder|qc_llr_bank:llr_bank_inst|mem[60][24]                ;
; qc_ldpc_decoder_top:decoder|qc_llr_bank:llr_bank_inst|mem[60][27]               ; Merged with qc_ldpc_decoder_top:decoder|qc_llr_bank:llr_bank_inst|mem[60][24]                ;
; qc_ldpc_decoder_top:decoder|qc_llr_bank:llr_bank_inst|mem[60][28]               ; Merged with qc_ldpc_decoder_top:decoder|qc_llr_bank:llr_bank_inst|mem[60][24]                ;
; qc_ldpc_decoder_top:decoder|qc_llr_bank:llr_bank_inst|mem[60][30]               ; Merged with qc_ldpc_decoder_top:decoder|qc_llr_bank:llr_bank_inst|mem[60][24]                ;
; qc_ldpc_decoder_top:decoder|qc_llr_bank:llr_bank_inst|mem[61][25]               ; Merged with qc_ldpc_decoder_top:decoder|qc_llr_bank:llr_bank_inst|mem[61][24]                ;
; qc_ldpc_decoder_top:decoder|qc_llr_bank:llr_bank_inst|mem[61][26]               ; Merged with qc_ldpc_decoder_top:decoder|qc_llr_bank:llr_bank_inst|mem[61][24]                ;
; qc_ldpc_decoder_top:decoder|qc_llr_bank:llr_bank_inst|mem[61][27]               ; Merged with qc_ldpc_decoder_top:decoder|qc_llr_bank:llr_bank_inst|mem[61][24]                ;
; qc_ldpc_decoder_top:decoder|qc_llr_bank:llr_bank_inst|mem[61][28]               ; Merged with qc_ldpc_decoder_top:decoder|qc_llr_bank:llr_bank_inst|mem[61][24]                ;
; qc_ldpc_decoder_top:decoder|qc_llr_bank:llr_bank_inst|mem[61][30]               ; Merged with qc_ldpc_decoder_top:decoder|qc_llr_bank:llr_bank_inst|mem[61][24]                ;
; qc_ldpc_decoder_top:decoder|qc_llr_bank:llr_bank_inst|mem[62][25]               ; Merged with qc_ldpc_decoder_top:decoder|qc_llr_bank:llr_bank_inst|mem[62][24]                ;
; qc_ldpc_decoder_top:decoder|qc_llr_bank:llr_bank_inst|mem[62][26]               ; Merged with qc_ldpc_decoder_top:decoder|qc_llr_bank:llr_bank_inst|mem[62][24]                ;
; qc_ldpc_decoder_top:decoder|qc_llr_bank:llr_bank_inst|mem[62][27]               ; Merged with qc_ldpc_decoder_top:decoder|qc_llr_bank:llr_bank_inst|mem[62][24]                ;
; qc_ldpc_decoder_top:decoder|qc_llr_bank:llr_bank_inst|mem[62][28]               ; Merged with qc_ldpc_decoder_top:decoder|qc_llr_bank:llr_bank_inst|mem[62][24]                ;
; qc_ldpc_decoder_top:decoder|qc_llr_bank:llr_bank_inst|mem[62][30]               ; Merged with qc_ldpc_decoder_top:decoder|qc_llr_bank:llr_bank_inst|mem[62][24]                ;
; qc_ldpc_decoder_top:decoder|qc_llr_bank:llr_bank_inst|mem[63][25]               ; Merged with qc_ldpc_decoder_top:decoder|qc_llr_bank:llr_bank_inst|mem[63][24]                ;
; qc_ldpc_decoder_top:decoder|qc_llr_bank:llr_bank_inst|mem[63][26]               ; Merged with qc_ldpc_decoder_top:decoder|qc_llr_bank:llr_bank_inst|mem[63][24]                ;
; qc_ldpc_decoder_top:decoder|qc_llr_bank:llr_bank_inst|mem[63][27]               ; Merged with qc_ldpc_decoder_top:decoder|qc_llr_bank:llr_bank_inst|mem[63][24]                ;
; qc_ldpc_decoder_top:decoder|qc_llr_bank:llr_bank_inst|mem[63][28]               ; Merged with qc_ldpc_decoder_top:decoder|qc_llr_bank:llr_bank_inst|mem[63][24]                ;
; qc_ldpc_decoder_top:decoder|qc_llr_bank:llr_bank_inst|mem[63][30]               ; Merged with qc_ldpc_decoder_top:decoder|qc_llr_bank:llr_bank_inst|mem[63][24]                ;
; qc_ldpc_decoder_top:decoder|qc_llr_bank:llr_bank_inst|mem[0][33]                ; Merged with qc_ldpc_decoder_top:decoder|qc_llr_bank:llr_bank_inst|mem[0][32]                 ;
; qc_ldpc_decoder_top:decoder|qc_llr_bank:llr_bank_inst|mem[0][34]                ; Merged with qc_ldpc_decoder_top:decoder|qc_llr_bank:llr_bank_inst|mem[0][32]                 ;
; qc_ldpc_decoder_top:decoder|qc_llr_bank:llr_bank_inst|mem[0][35]                ; Merged with qc_ldpc_decoder_top:decoder|qc_llr_bank:llr_bank_inst|mem[0][32]                 ;
; qc_ldpc_decoder_top:decoder|qc_llr_bank:llr_bank_inst|mem[0][36]                ; Merged with qc_ldpc_decoder_top:decoder|qc_llr_bank:llr_bank_inst|mem[0][32]                 ;
; qc_ldpc_decoder_top:decoder|qc_llr_bank:llr_bank_inst|mem[0][38]                ; Merged with qc_ldpc_decoder_top:decoder|qc_llr_bank:llr_bank_inst|mem[0][32]                 ;
; qc_ldpc_decoder_top:decoder|qc_llr_bank:llr_bank_inst|mem[1][33]                ; Merged with qc_ldpc_decoder_top:decoder|qc_llr_bank:llr_bank_inst|mem[1][32]                 ;
; qc_ldpc_decoder_top:decoder|qc_llr_bank:llr_bank_inst|mem[1][34]                ; Merged with qc_ldpc_decoder_top:decoder|qc_llr_bank:llr_bank_inst|mem[1][32]                 ;
; qc_ldpc_decoder_top:decoder|qc_llr_bank:llr_bank_inst|mem[1][35]                ; Merged with qc_ldpc_decoder_top:decoder|qc_llr_bank:llr_bank_inst|mem[1][32]                 ;
; qc_ldpc_decoder_top:decoder|qc_llr_bank:llr_bank_inst|mem[1][36]                ; Merged with qc_ldpc_decoder_top:decoder|qc_llr_bank:llr_bank_inst|mem[1][32]                 ;
; qc_ldpc_decoder_top:decoder|qc_llr_bank:llr_bank_inst|mem[1][38]                ; Merged with qc_ldpc_decoder_top:decoder|qc_llr_bank:llr_bank_inst|mem[1][32]                 ;
; qc_ldpc_decoder_top:decoder|qc_llr_bank:llr_bank_inst|mem[2][33]                ; Merged with qc_ldpc_decoder_top:decoder|qc_llr_bank:llr_bank_inst|mem[2][32]                 ;
; qc_ldpc_decoder_top:decoder|qc_llr_bank:llr_bank_inst|mem[2][34]                ; Merged with qc_ldpc_decoder_top:decoder|qc_llr_bank:llr_bank_inst|mem[2][32]                 ;
; qc_ldpc_decoder_top:decoder|qc_llr_bank:llr_bank_inst|mem[2][35]                ; Merged with qc_ldpc_decoder_top:decoder|qc_llr_bank:llr_bank_inst|mem[2][32]                 ;
; qc_ldpc_decoder_top:decoder|qc_llr_bank:llr_bank_inst|mem[2][36]                ; Merged with qc_ldpc_decoder_top:decoder|qc_llr_bank:llr_bank_inst|mem[2][32]                 ;
; qc_ldpc_decoder_top:decoder|qc_llr_bank:llr_bank_inst|mem[2][38]                ; Merged with qc_ldpc_decoder_top:decoder|qc_llr_bank:llr_bank_inst|mem[2][32]                 ;
; qc_ldpc_decoder_top:decoder|qc_llr_bank:llr_bank_inst|mem[3][33]                ; Merged with qc_ldpc_decoder_top:decoder|qc_llr_bank:llr_bank_inst|mem[3][32]                 ;
; qc_ldpc_decoder_top:decoder|qc_llr_bank:llr_bank_inst|mem[3][34]                ; Merged with qc_ldpc_decoder_top:decoder|qc_llr_bank:llr_bank_inst|mem[3][32]                 ;
; qc_ldpc_decoder_top:decoder|qc_llr_bank:llr_bank_inst|mem[3][35]                ; Merged with qc_ldpc_decoder_top:decoder|qc_llr_bank:llr_bank_inst|mem[3][32]                 ;
; qc_ldpc_decoder_top:decoder|qc_llr_bank:llr_bank_inst|mem[3][36]                ; Merged with qc_ldpc_decoder_top:decoder|qc_llr_bank:llr_bank_inst|mem[3][32]                 ;
; qc_ldpc_decoder_top:decoder|qc_llr_bank:llr_bank_inst|mem[3][38]                ; Merged with qc_ldpc_decoder_top:decoder|qc_llr_bank:llr_bank_inst|mem[3][32]                 ;
; qc_ldpc_decoder_top:decoder|qc_llr_bank:llr_bank_inst|mem[4][33]                ; Merged with qc_ldpc_decoder_top:decoder|qc_llr_bank:llr_bank_inst|mem[4][32]                 ;
; qc_ldpc_decoder_top:decoder|qc_llr_bank:llr_bank_inst|mem[4][34]                ; Merged with qc_ldpc_decoder_top:decoder|qc_llr_bank:llr_bank_inst|mem[4][32]                 ;
; qc_ldpc_decoder_top:decoder|qc_llr_bank:llr_bank_inst|mem[4][35]                ; Merged with qc_ldpc_decoder_top:decoder|qc_llr_bank:llr_bank_inst|mem[4][32]                 ;
; qc_ldpc_decoder_top:decoder|qc_llr_bank:llr_bank_inst|mem[4][36]                ; Merged with qc_ldpc_decoder_top:decoder|qc_llr_bank:llr_bank_inst|mem[4][32]                 ;
; qc_ldpc_decoder_top:decoder|qc_llr_bank:llr_bank_inst|mem[4][38]                ; Merged with qc_ldpc_decoder_top:decoder|qc_llr_bank:llr_bank_inst|mem[4][32]                 ;
; qc_ldpc_decoder_top:decoder|qc_llr_bank:llr_bank_inst|mem[5][33]                ; Merged with qc_ldpc_decoder_top:decoder|qc_llr_bank:llr_bank_inst|mem[5][32]                 ;
; qc_ldpc_decoder_top:decoder|qc_llr_bank:llr_bank_inst|mem[5][34]                ; Merged with qc_ldpc_decoder_top:decoder|qc_llr_bank:llr_bank_inst|mem[5][32]                 ;
; qc_ldpc_decoder_top:decoder|qc_llr_bank:llr_bank_inst|mem[5][35]                ; Merged with qc_ldpc_decoder_top:decoder|qc_llr_bank:llr_bank_inst|mem[5][32]                 ;
; qc_ldpc_decoder_top:decoder|qc_llr_bank:llr_bank_inst|mem[5][36]                ; Merged with qc_ldpc_decoder_top:decoder|qc_llr_bank:llr_bank_inst|mem[5][32]                 ;
; qc_ldpc_decoder_top:decoder|qc_llr_bank:llr_bank_inst|mem[5][38]                ; Merged with qc_ldpc_decoder_top:decoder|qc_llr_bank:llr_bank_inst|mem[5][32]                 ;
; qc_ldpc_decoder_top:decoder|qc_llr_bank:llr_bank_inst|mem[6][33]                ; Merged with qc_ldpc_decoder_top:decoder|qc_llr_bank:llr_bank_inst|mem[6][32]                 ;
; qc_ldpc_decoder_top:decoder|qc_llr_bank:llr_bank_inst|mem[6][34]                ; Merged with qc_ldpc_decoder_top:decoder|qc_llr_bank:llr_bank_inst|mem[6][32]                 ;
; qc_ldpc_decoder_top:decoder|qc_llr_bank:llr_bank_inst|mem[6][35]                ; Merged with qc_ldpc_decoder_top:decoder|qc_llr_bank:llr_bank_inst|mem[6][32]                 ;
; qc_ldpc_decoder_top:decoder|qc_llr_bank:llr_bank_inst|mem[6][36]                ; Merged with qc_ldpc_decoder_top:decoder|qc_llr_bank:llr_bank_inst|mem[6][32]                 ;
; qc_ldpc_decoder_top:decoder|qc_llr_bank:llr_bank_inst|mem[6][38]                ; Merged with qc_ldpc_decoder_top:decoder|qc_llr_bank:llr_bank_inst|mem[6][32]                 ;
; qc_ldpc_decoder_top:decoder|qc_llr_bank:llr_bank_inst|mem[7][33]                ; Merged with qc_ldpc_decoder_top:decoder|qc_llr_bank:llr_bank_inst|mem[7][32]                 ;
; qc_ldpc_decoder_top:decoder|qc_llr_bank:llr_bank_inst|mem[7][34]                ; Merged with qc_ldpc_decoder_top:decoder|qc_llr_bank:llr_bank_inst|mem[7][32]                 ;
; qc_ldpc_decoder_top:decoder|qc_llr_bank:llr_bank_inst|mem[7][35]                ; Merged with qc_ldpc_decoder_top:decoder|qc_llr_bank:llr_bank_inst|mem[7][32]                 ;
; qc_ldpc_decoder_top:decoder|qc_llr_bank:llr_bank_inst|mem[7][36]                ; Merged with qc_ldpc_decoder_top:decoder|qc_llr_bank:llr_bank_inst|mem[7][32]                 ;
; qc_ldpc_decoder_top:decoder|qc_llr_bank:llr_bank_inst|mem[7][38]                ; Merged with qc_ldpc_decoder_top:decoder|qc_llr_bank:llr_bank_inst|mem[7][32]                 ;
; qc_ldpc_decoder_top:decoder|qc_llr_bank:llr_bank_inst|mem[8][33]                ; Merged with qc_ldpc_decoder_top:decoder|qc_llr_bank:llr_bank_inst|mem[8][32]                 ;
; qc_ldpc_decoder_top:decoder|qc_llr_bank:llr_bank_inst|mem[8][34]                ; Merged with qc_ldpc_decoder_top:decoder|qc_llr_bank:llr_bank_inst|mem[8][32]                 ;
; qc_ldpc_decoder_top:decoder|qc_llr_bank:llr_bank_inst|mem[8][35]                ; Merged with qc_ldpc_decoder_top:decoder|qc_llr_bank:llr_bank_inst|mem[8][32]                 ;
; qc_ldpc_decoder_top:decoder|qc_llr_bank:llr_bank_inst|mem[8][36]                ; Merged with qc_ldpc_decoder_top:decoder|qc_llr_bank:llr_bank_inst|mem[8][32]                 ;
; qc_ldpc_decoder_top:decoder|qc_llr_bank:llr_bank_inst|mem[8][38]                ; Merged with qc_ldpc_decoder_top:decoder|qc_llr_bank:llr_bank_inst|mem[8][32]                 ;
; qc_ldpc_decoder_top:decoder|qc_llr_bank:llr_bank_inst|mem[9][33]                ; Merged with qc_ldpc_decoder_top:decoder|qc_llr_bank:llr_bank_inst|mem[9][32]                 ;
; qc_ldpc_decoder_top:decoder|qc_llr_bank:llr_bank_inst|mem[9][34]                ; Merged with qc_ldpc_decoder_top:decoder|qc_llr_bank:llr_bank_inst|mem[9][32]                 ;
; qc_ldpc_decoder_top:decoder|qc_llr_bank:llr_bank_inst|mem[9][35]                ; Merged with qc_ldpc_decoder_top:decoder|qc_llr_bank:llr_bank_inst|mem[9][32]                 ;
; qc_ldpc_decoder_top:decoder|qc_llr_bank:llr_bank_inst|mem[9][36]                ; Merged with qc_ldpc_decoder_top:decoder|qc_llr_bank:llr_bank_inst|mem[9][32]                 ;
; qc_ldpc_decoder_top:decoder|qc_llr_bank:llr_bank_inst|mem[9][38]                ; Merged with qc_ldpc_decoder_top:decoder|qc_llr_bank:llr_bank_inst|mem[9][32]                 ;
; qc_ldpc_decoder_top:decoder|qc_llr_bank:llr_bank_inst|mem[10][33]               ; Merged with qc_ldpc_decoder_top:decoder|qc_llr_bank:llr_bank_inst|mem[10][32]                ;
; qc_ldpc_decoder_top:decoder|qc_llr_bank:llr_bank_inst|mem[10][34]               ; Merged with qc_ldpc_decoder_top:decoder|qc_llr_bank:llr_bank_inst|mem[10][32]                ;
; qc_ldpc_decoder_top:decoder|qc_llr_bank:llr_bank_inst|mem[10][35]               ; Merged with qc_ldpc_decoder_top:decoder|qc_llr_bank:llr_bank_inst|mem[10][32]                ;
; qc_ldpc_decoder_top:decoder|qc_llr_bank:llr_bank_inst|mem[10][36]               ; Merged with qc_ldpc_decoder_top:decoder|qc_llr_bank:llr_bank_inst|mem[10][32]                ;
; qc_ldpc_decoder_top:decoder|qc_llr_bank:llr_bank_inst|mem[10][38]               ; Merged with qc_ldpc_decoder_top:decoder|qc_llr_bank:llr_bank_inst|mem[10][32]                ;
; qc_ldpc_decoder_top:decoder|qc_llr_bank:llr_bank_inst|mem[11][33]               ; Merged with qc_ldpc_decoder_top:decoder|qc_llr_bank:llr_bank_inst|mem[11][32]                ;
; qc_ldpc_decoder_top:decoder|qc_llr_bank:llr_bank_inst|mem[11][34]               ; Merged with qc_ldpc_decoder_top:decoder|qc_llr_bank:llr_bank_inst|mem[11][32]                ;
; qc_ldpc_decoder_top:decoder|qc_llr_bank:llr_bank_inst|mem[11][35]               ; Merged with qc_ldpc_decoder_top:decoder|qc_llr_bank:llr_bank_inst|mem[11][32]                ;
; qc_ldpc_decoder_top:decoder|qc_llr_bank:llr_bank_inst|mem[11][36]               ; Merged with qc_ldpc_decoder_top:decoder|qc_llr_bank:llr_bank_inst|mem[11][32]                ;
; qc_ldpc_decoder_top:decoder|qc_llr_bank:llr_bank_inst|mem[11][38]               ; Merged with qc_ldpc_decoder_top:decoder|qc_llr_bank:llr_bank_inst|mem[11][32]                ;
; qc_ldpc_decoder_top:decoder|qc_llr_bank:llr_bank_inst|mem[12][33]               ; Merged with qc_ldpc_decoder_top:decoder|qc_llr_bank:llr_bank_inst|mem[12][32]                ;
; qc_ldpc_decoder_top:decoder|qc_llr_bank:llr_bank_inst|mem[12][34]               ; Merged with qc_ldpc_decoder_top:decoder|qc_llr_bank:llr_bank_inst|mem[12][32]                ;
; qc_ldpc_decoder_top:decoder|qc_llr_bank:llr_bank_inst|mem[12][35]               ; Merged with qc_ldpc_decoder_top:decoder|qc_llr_bank:llr_bank_inst|mem[12][32]                ;
; qc_ldpc_decoder_top:decoder|qc_llr_bank:llr_bank_inst|mem[12][36]               ; Merged with qc_ldpc_decoder_top:decoder|qc_llr_bank:llr_bank_inst|mem[12][32]                ;
; qc_ldpc_decoder_top:decoder|qc_llr_bank:llr_bank_inst|mem[12][38]               ; Merged with qc_ldpc_decoder_top:decoder|qc_llr_bank:llr_bank_inst|mem[12][32]                ;
; qc_ldpc_decoder_top:decoder|qc_llr_bank:llr_bank_inst|mem[13][33]               ; Merged with qc_ldpc_decoder_top:decoder|qc_llr_bank:llr_bank_inst|mem[13][32]                ;
; qc_ldpc_decoder_top:decoder|qc_llr_bank:llr_bank_inst|mem[13][34]               ; Merged with qc_ldpc_decoder_top:decoder|qc_llr_bank:llr_bank_inst|mem[13][32]                ;
; qc_ldpc_decoder_top:decoder|qc_llr_bank:llr_bank_inst|mem[13][35]               ; Merged with qc_ldpc_decoder_top:decoder|qc_llr_bank:llr_bank_inst|mem[13][32]                ;
; qc_ldpc_decoder_top:decoder|qc_llr_bank:llr_bank_inst|mem[13][36]               ; Merged with qc_ldpc_decoder_top:decoder|qc_llr_bank:llr_bank_inst|mem[13][32]                ;
; qc_ldpc_decoder_top:decoder|qc_llr_bank:llr_bank_inst|mem[13][38]               ; Merged with qc_ldpc_decoder_top:decoder|qc_llr_bank:llr_bank_inst|mem[13][32]                ;
; qc_ldpc_decoder_top:decoder|qc_llr_bank:llr_bank_inst|mem[14][33]               ; Merged with qc_ldpc_decoder_top:decoder|qc_llr_bank:llr_bank_inst|mem[14][32]                ;
; qc_ldpc_decoder_top:decoder|qc_llr_bank:llr_bank_inst|mem[14][34]               ; Merged with qc_ldpc_decoder_top:decoder|qc_llr_bank:llr_bank_inst|mem[14][32]                ;
; qc_ldpc_decoder_top:decoder|qc_llr_bank:llr_bank_inst|mem[14][35]               ; Merged with qc_ldpc_decoder_top:decoder|qc_llr_bank:llr_bank_inst|mem[14][32]                ;
; qc_ldpc_decoder_top:decoder|qc_llr_bank:llr_bank_inst|mem[14][36]               ; Merged with qc_ldpc_decoder_top:decoder|qc_llr_bank:llr_bank_inst|mem[14][32]                ;
; qc_ldpc_decoder_top:decoder|qc_llr_bank:llr_bank_inst|mem[14][38]               ; Merged with qc_ldpc_decoder_top:decoder|qc_llr_bank:llr_bank_inst|mem[14][32]                ;
; qc_ldpc_decoder_top:decoder|qc_llr_bank:llr_bank_inst|mem[15][33]               ; Merged with qc_ldpc_decoder_top:decoder|qc_llr_bank:llr_bank_inst|mem[15][32]                ;
; qc_ldpc_decoder_top:decoder|qc_llr_bank:llr_bank_inst|mem[15][34]               ; Merged with qc_ldpc_decoder_top:decoder|qc_llr_bank:llr_bank_inst|mem[15][32]                ;
; qc_ldpc_decoder_top:decoder|qc_llr_bank:llr_bank_inst|mem[15][35]               ; Merged with qc_ldpc_decoder_top:decoder|qc_llr_bank:llr_bank_inst|mem[15][32]                ;
; qc_ldpc_decoder_top:decoder|qc_llr_bank:llr_bank_inst|mem[15][36]               ; Merged with qc_ldpc_decoder_top:decoder|qc_llr_bank:llr_bank_inst|mem[15][32]                ;
; qc_ldpc_decoder_top:decoder|qc_llr_bank:llr_bank_inst|mem[15][38]               ; Merged with qc_ldpc_decoder_top:decoder|qc_llr_bank:llr_bank_inst|mem[15][32]                ;
; qc_ldpc_decoder_top:decoder|qc_llr_bank:llr_bank_inst|mem[16][33]               ; Merged with qc_ldpc_decoder_top:decoder|qc_llr_bank:llr_bank_inst|mem[16][32]                ;
; qc_ldpc_decoder_top:decoder|qc_llr_bank:llr_bank_inst|mem[16][34]               ; Merged with qc_ldpc_decoder_top:decoder|qc_llr_bank:llr_bank_inst|mem[16][32]                ;
; qc_ldpc_decoder_top:decoder|qc_llr_bank:llr_bank_inst|mem[16][35]               ; Merged with qc_ldpc_decoder_top:decoder|qc_llr_bank:llr_bank_inst|mem[16][32]                ;
; qc_ldpc_decoder_top:decoder|qc_llr_bank:llr_bank_inst|mem[16][36]               ; Merged with qc_ldpc_decoder_top:decoder|qc_llr_bank:llr_bank_inst|mem[16][32]                ;
; qc_ldpc_decoder_top:decoder|qc_llr_bank:llr_bank_inst|mem[16][38]               ; Merged with qc_ldpc_decoder_top:decoder|qc_llr_bank:llr_bank_inst|mem[16][32]                ;
; qc_ldpc_decoder_top:decoder|qc_llr_bank:llr_bank_inst|mem[17][33]               ; Merged with qc_ldpc_decoder_top:decoder|qc_llr_bank:llr_bank_inst|mem[17][32]                ;
; qc_ldpc_decoder_top:decoder|qc_llr_bank:llr_bank_inst|mem[17][34]               ; Merged with qc_ldpc_decoder_top:decoder|qc_llr_bank:llr_bank_inst|mem[17][32]                ;
; qc_ldpc_decoder_top:decoder|qc_llr_bank:llr_bank_inst|mem[17][35]               ; Merged with qc_ldpc_decoder_top:decoder|qc_llr_bank:llr_bank_inst|mem[17][32]                ;
; qc_ldpc_decoder_top:decoder|qc_llr_bank:llr_bank_inst|mem[17][36]               ; Merged with qc_ldpc_decoder_top:decoder|qc_llr_bank:llr_bank_inst|mem[17][32]                ;
; qc_ldpc_decoder_top:decoder|qc_llr_bank:llr_bank_inst|mem[17][38]               ; Merged with qc_ldpc_decoder_top:decoder|qc_llr_bank:llr_bank_inst|mem[17][32]                ;
; qc_ldpc_decoder_top:decoder|qc_llr_bank:llr_bank_inst|mem[18][33]               ; Merged with qc_ldpc_decoder_top:decoder|qc_llr_bank:llr_bank_inst|mem[18][32]                ;
; qc_ldpc_decoder_top:decoder|qc_llr_bank:llr_bank_inst|mem[18][34]               ; Merged with qc_ldpc_decoder_top:decoder|qc_llr_bank:llr_bank_inst|mem[18][32]                ;
; qc_ldpc_decoder_top:decoder|qc_llr_bank:llr_bank_inst|mem[18][35]               ; Merged with qc_ldpc_decoder_top:decoder|qc_llr_bank:llr_bank_inst|mem[18][32]                ;
; qc_ldpc_decoder_top:decoder|qc_llr_bank:llr_bank_inst|mem[18][36]               ; Merged with qc_ldpc_decoder_top:decoder|qc_llr_bank:llr_bank_inst|mem[18][32]                ;
; qc_ldpc_decoder_top:decoder|qc_llr_bank:llr_bank_inst|mem[18][38]               ; Merged with qc_ldpc_decoder_top:decoder|qc_llr_bank:llr_bank_inst|mem[18][32]                ;
; qc_ldpc_decoder_top:decoder|qc_llr_bank:llr_bank_inst|mem[19][33]               ; Merged with qc_ldpc_decoder_top:decoder|qc_llr_bank:llr_bank_inst|mem[19][32]                ;
; qc_ldpc_decoder_top:decoder|qc_llr_bank:llr_bank_inst|mem[19][34]               ; Merged with qc_ldpc_decoder_top:decoder|qc_llr_bank:llr_bank_inst|mem[19][32]                ;
; qc_ldpc_decoder_top:decoder|qc_llr_bank:llr_bank_inst|mem[19][35]               ; Merged with qc_ldpc_decoder_top:decoder|qc_llr_bank:llr_bank_inst|mem[19][32]                ;
; qc_ldpc_decoder_top:decoder|qc_llr_bank:llr_bank_inst|mem[19][36]               ; Merged with qc_ldpc_decoder_top:decoder|qc_llr_bank:llr_bank_inst|mem[19][32]                ;
; qc_ldpc_decoder_top:decoder|qc_llr_bank:llr_bank_inst|mem[19][38]               ; Merged with qc_ldpc_decoder_top:decoder|qc_llr_bank:llr_bank_inst|mem[19][32]                ;
; qc_ldpc_decoder_top:decoder|qc_llr_bank:llr_bank_inst|mem[20][33]               ; Merged with qc_ldpc_decoder_top:decoder|qc_llr_bank:llr_bank_inst|mem[20][32]                ;
; qc_ldpc_decoder_top:decoder|qc_llr_bank:llr_bank_inst|mem[20][34]               ; Merged with qc_ldpc_decoder_top:decoder|qc_llr_bank:llr_bank_inst|mem[20][32]                ;
; qc_ldpc_decoder_top:decoder|qc_llr_bank:llr_bank_inst|mem[20][35]               ; Merged with qc_ldpc_decoder_top:decoder|qc_llr_bank:llr_bank_inst|mem[20][32]                ;
; qc_ldpc_decoder_top:decoder|qc_llr_bank:llr_bank_inst|mem[20][36]               ; Merged with qc_ldpc_decoder_top:decoder|qc_llr_bank:llr_bank_inst|mem[20][32]                ;
; qc_ldpc_decoder_top:decoder|qc_llr_bank:llr_bank_inst|mem[20][38]               ; Merged with qc_ldpc_decoder_top:decoder|qc_llr_bank:llr_bank_inst|mem[20][32]                ;
; qc_ldpc_decoder_top:decoder|qc_llr_bank:llr_bank_inst|mem[21][33]               ; Merged with qc_ldpc_decoder_top:decoder|qc_llr_bank:llr_bank_inst|mem[21][32]                ;
; qc_ldpc_decoder_top:decoder|qc_llr_bank:llr_bank_inst|mem[21][34]               ; Merged with qc_ldpc_decoder_top:decoder|qc_llr_bank:llr_bank_inst|mem[21][32]                ;
; qc_ldpc_decoder_top:decoder|qc_llr_bank:llr_bank_inst|mem[21][35]               ; Merged with qc_ldpc_decoder_top:decoder|qc_llr_bank:llr_bank_inst|mem[21][32]                ;
; qc_ldpc_decoder_top:decoder|qc_llr_bank:llr_bank_inst|mem[21][36]               ; Merged with qc_ldpc_decoder_top:decoder|qc_llr_bank:llr_bank_inst|mem[21][32]                ;
; qc_ldpc_decoder_top:decoder|qc_llr_bank:llr_bank_inst|mem[21][38]               ; Merged with qc_ldpc_decoder_top:decoder|qc_llr_bank:llr_bank_inst|mem[21][32]                ;
; qc_ldpc_decoder_top:decoder|qc_llr_bank:llr_bank_inst|mem[22][33]               ; Merged with qc_ldpc_decoder_top:decoder|qc_llr_bank:llr_bank_inst|mem[22][32]                ;
; qc_ldpc_decoder_top:decoder|qc_llr_bank:llr_bank_inst|mem[22][34]               ; Merged with qc_ldpc_decoder_top:decoder|qc_llr_bank:llr_bank_inst|mem[22][32]                ;
; qc_ldpc_decoder_top:decoder|qc_llr_bank:llr_bank_inst|mem[22][35]               ; Merged with qc_ldpc_decoder_top:decoder|qc_llr_bank:llr_bank_inst|mem[22][32]                ;
; qc_ldpc_decoder_top:decoder|qc_llr_bank:llr_bank_inst|mem[22][36]               ; Merged with qc_ldpc_decoder_top:decoder|qc_llr_bank:llr_bank_inst|mem[22][32]                ;
; qc_ldpc_decoder_top:decoder|qc_llr_bank:llr_bank_inst|mem[22][38]               ; Merged with qc_ldpc_decoder_top:decoder|qc_llr_bank:llr_bank_inst|mem[22][32]                ;
; qc_ldpc_decoder_top:decoder|qc_llr_bank:llr_bank_inst|mem[23][33]               ; Merged with qc_ldpc_decoder_top:decoder|qc_llr_bank:llr_bank_inst|mem[23][32]                ;
; qc_ldpc_decoder_top:decoder|qc_llr_bank:llr_bank_inst|mem[23][34]               ; Merged with qc_ldpc_decoder_top:decoder|qc_llr_bank:llr_bank_inst|mem[23][32]                ;
; qc_ldpc_decoder_top:decoder|qc_llr_bank:llr_bank_inst|mem[23][35]               ; Merged with qc_ldpc_decoder_top:decoder|qc_llr_bank:llr_bank_inst|mem[23][32]                ;
; qc_ldpc_decoder_top:decoder|qc_llr_bank:llr_bank_inst|mem[23][36]               ; Merged with qc_ldpc_decoder_top:decoder|qc_llr_bank:llr_bank_inst|mem[23][32]                ;
; qc_ldpc_decoder_top:decoder|qc_llr_bank:llr_bank_inst|mem[23][38]               ; Merged with qc_ldpc_decoder_top:decoder|qc_llr_bank:llr_bank_inst|mem[23][32]                ;
; qc_ldpc_decoder_top:decoder|qc_llr_bank:llr_bank_inst|mem[24][33]               ; Merged with qc_ldpc_decoder_top:decoder|qc_llr_bank:llr_bank_inst|mem[24][32]                ;
; qc_ldpc_decoder_top:decoder|qc_llr_bank:llr_bank_inst|mem[24][34]               ; Merged with qc_ldpc_decoder_top:decoder|qc_llr_bank:llr_bank_inst|mem[24][32]                ;
; qc_ldpc_decoder_top:decoder|qc_llr_bank:llr_bank_inst|mem[24][35]               ; Merged with qc_ldpc_decoder_top:decoder|qc_llr_bank:llr_bank_inst|mem[24][32]                ;
; qc_ldpc_decoder_top:decoder|qc_llr_bank:llr_bank_inst|mem[24][36]               ; Merged with qc_ldpc_decoder_top:decoder|qc_llr_bank:llr_bank_inst|mem[24][32]                ;
; qc_ldpc_decoder_top:decoder|qc_llr_bank:llr_bank_inst|mem[24][38]               ; Merged with qc_ldpc_decoder_top:decoder|qc_llr_bank:llr_bank_inst|mem[24][32]                ;
; qc_ldpc_decoder_top:decoder|qc_llr_bank:llr_bank_inst|mem[25][33]               ; Merged with qc_ldpc_decoder_top:decoder|qc_llr_bank:llr_bank_inst|mem[25][32]                ;
; qc_ldpc_decoder_top:decoder|qc_llr_bank:llr_bank_inst|mem[25][34]               ; Merged with qc_ldpc_decoder_top:decoder|qc_llr_bank:llr_bank_inst|mem[25][32]                ;
; qc_ldpc_decoder_top:decoder|qc_llr_bank:llr_bank_inst|mem[25][35]               ; Merged with qc_ldpc_decoder_top:decoder|qc_llr_bank:llr_bank_inst|mem[25][32]                ;
; qc_ldpc_decoder_top:decoder|qc_llr_bank:llr_bank_inst|mem[25][36]               ; Merged with qc_ldpc_decoder_top:decoder|qc_llr_bank:llr_bank_inst|mem[25][32]                ;
; qc_ldpc_decoder_top:decoder|qc_llr_bank:llr_bank_inst|mem[25][38]               ; Merged with qc_ldpc_decoder_top:decoder|qc_llr_bank:llr_bank_inst|mem[25][32]                ;
; qc_ldpc_decoder_top:decoder|qc_llr_bank:llr_bank_inst|mem[26][33]               ; Merged with qc_ldpc_decoder_top:decoder|qc_llr_bank:llr_bank_inst|mem[26][32]                ;
; qc_ldpc_decoder_top:decoder|qc_llr_bank:llr_bank_inst|mem[26][34]               ; Merged with qc_ldpc_decoder_top:decoder|qc_llr_bank:llr_bank_inst|mem[26][32]                ;
; qc_ldpc_decoder_top:decoder|qc_llr_bank:llr_bank_inst|mem[26][35]               ; Merged with qc_ldpc_decoder_top:decoder|qc_llr_bank:llr_bank_inst|mem[26][32]                ;
; qc_ldpc_decoder_top:decoder|qc_llr_bank:llr_bank_inst|mem[26][36]               ; Merged with qc_ldpc_decoder_top:decoder|qc_llr_bank:llr_bank_inst|mem[26][32]                ;
; qc_ldpc_decoder_top:decoder|qc_llr_bank:llr_bank_inst|mem[26][38]               ; Merged with qc_ldpc_decoder_top:decoder|qc_llr_bank:llr_bank_inst|mem[26][32]                ;
; qc_ldpc_decoder_top:decoder|qc_llr_bank:llr_bank_inst|mem[27][33]               ; Merged with qc_ldpc_decoder_top:decoder|qc_llr_bank:llr_bank_inst|mem[27][32]                ;
; qc_ldpc_decoder_top:decoder|qc_llr_bank:llr_bank_inst|mem[27][34]               ; Merged with qc_ldpc_decoder_top:decoder|qc_llr_bank:llr_bank_inst|mem[27][32]                ;
; qc_ldpc_decoder_top:decoder|qc_llr_bank:llr_bank_inst|mem[27][35]               ; Merged with qc_ldpc_decoder_top:decoder|qc_llr_bank:llr_bank_inst|mem[27][32]                ;
; qc_ldpc_decoder_top:decoder|qc_llr_bank:llr_bank_inst|mem[27][36]               ; Merged with qc_ldpc_decoder_top:decoder|qc_llr_bank:llr_bank_inst|mem[27][32]                ;
; qc_ldpc_decoder_top:decoder|qc_llr_bank:llr_bank_inst|mem[27][38]               ; Merged with qc_ldpc_decoder_top:decoder|qc_llr_bank:llr_bank_inst|mem[27][32]                ;
; qc_ldpc_decoder_top:decoder|qc_llr_bank:llr_bank_inst|mem[28][33]               ; Merged with qc_ldpc_decoder_top:decoder|qc_llr_bank:llr_bank_inst|mem[28][32]                ;
; qc_ldpc_decoder_top:decoder|qc_llr_bank:llr_bank_inst|mem[28][34]               ; Merged with qc_ldpc_decoder_top:decoder|qc_llr_bank:llr_bank_inst|mem[28][32]                ;
; qc_ldpc_decoder_top:decoder|qc_llr_bank:llr_bank_inst|mem[28][35]               ; Merged with qc_ldpc_decoder_top:decoder|qc_llr_bank:llr_bank_inst|mem[28][32]                ;
; qc_ldpc_decoder_top:decoder|qc_llr_bank:llr_bank_inst|mem[28][36]               ; Merged with qc_ldpc_decoder_top:decoder|qc_llr_bank:llr_bank_inst|mem[28][32]                ;
; qc_ldpc_decoder_top:decoder|qc_llr_bank:llr_bank_inst|mem[28][38]               ; Merged with qc_ldpc_decoder_top:decoder|qc_llr_bank:llr_bank_inst|mem[28][32]                ;
; qc_ldpc_decoder_top:decoder|qc_llr_bank:llr_bank_inst|mem[29][33]               ; Merged with qc_ldpc_decoder_top:decoder|qc_llr_bank:llr_bank_inst|mem[29][32]                ;
; qc_ldpc_decoder_top:decoder|qc_llr_bank:llr_bank_inst|mem[29][34]               ; Merged with qc_ldpc_decoder_top:decoder|qc_llr_bank:llr_bank_inst|mem[29][32]                ;
; qc_ldpc_decoder_top:decoder|qc_llr_bank:llr_bank_inst|mem[29][35]               ; Merged with qc_ldpc_decoder_top:decoder|qc_llr_bank:llr_bank_inst|mem[29][32]                ;
; qc_ldpc_decoder_top:decoder|qc_llr_bank:llr_bank_inst|mem[29][36]               ; Merged with qc_ldpc_decoder_top:decoder|qc_llr_bank:llr_bank_inst|mem[29][32]                ;
; qc_ldpc_decoder_top:decoder|qc_llr_bank:llr_bank_inst|mem[29][38]               ; Merged with qc_ldpc_decoder_top:decoder|qc_llr_bank:llr_bank_inst|mem[29][32]                ;
; qc_ldpc_decoder_top:decoder|qc_llr_bank:llr_bank_inst|mem[30][33]               ; Merged with qc_ldpc_decoder_top:decoder|qc_llr_bank:llr_bank_inst|mem[30][32]                ;
; qc_ldpc_decoder_top:decoder|qc_llr_bank:llr_bank_inst|mem[30][34]               ; Merged with qc_ldpc_decoder_top:decoder|qc_llr_bank:llr_bank_inst|mem[30][32]                ;
; qc_ldpc_decoder_top:decoder|qc_llr_bank:llr_bank_inst|mem[30][35]               ; Merged with qc_ldpc_decoder_top:decoder|qc_llr_bank:llr_bank_inst|mem[30][32]                ;
; qc_ldpc_decoder_top:decoder|qc_llr_bank:llr_bank_inst|mem[30][36]               ; Merged with qc_ldpc_decoder_top:decoder|qc_llr_bank:llr_bank_inst|mem[30][32]                ;
; qc_ldpc_decoder_top:decoder|qc_llr_bank:llr_bank_inst|mem[30][38]               ; Merged with qc_ldpc_decoder_top:decoder|qc_llr_bank:llr_bank_inst|mem[30][32]                ;
; qc_ldpc_decoder_top:decoder|qc_llr_bank:llr_bank_inst|mem[31][33]               ; Merged with qc_ldpc_decoder_top:decoder|qc_llr_bank:llr_bank_inst|mem[31][32]                ;
; qc_ldpc_decoder_top:decoder|qc_llr_bank:llr_bank_inst|mem[31][34]               ; Merged with qc_ldpc_decoder_top:decoder|qc_llr_bank:llr_bank_inst|mem[31][32]                ;
; qc_ldpc_decoder_top:decoder|qc_llr_bank:llr_bank_inst|mem[31][35]               ; Merged with qc_ldpc_decoder_top:decoder|qc_llr_bank:llr_bank_inst|mem[31][32]                ;
; qc_ldpc_decoder_top:decoder|qc_llr_bank:llr_bank_inst|mem[31][36]               ; Merged with qc_ldpc_decoder_top:decoder|qc_llr_bank:llr_bank_inst|mem[31][32]                ;
; qc_ldpc_decoder_top:decoder|qc_llr_bank:llr_bank_inst|mem[31][38]               ; Merged with qc_ldpc_decoder_top:decoder|qc_llr_bank:llr_bank_inst|mem[31][32]                ;
; qc_ldpc_decoder_top:decoder|qc_llr_bank:llr_bank_inst|mem[32][33]               ; Merged with qc_ldpc_decoder_top:decoder|qc_llr_bank:llr_bank_inst|mem[32][32]                ;
; qc_ldpc_decoder_top:decoder|qc_llr_bank:llr_bank_inst|mem[32][34]               ; Merged with qc_ldpc_decoder_top:decoder|qc_llr_bank:llr_bank_inst|mem[32][32]                ;
; qc_ldpc_decoder_top:decoder|qc_llr_bank:llr_bank_inst|mem[32][35]               ; Merged with qc_ldpc_decoder_top:decoder|qc_llr_bank:llr_bank_inst|mem[32][32]                ;
; qc_ldpc_decoder_top:decoder|qc_llr_bank:llr_bank_inst|mem[32][36]               ; Merged with qc_ldpc_decoder_top:decoder|qc_llr_bank:llr_bank_inst|mem[32][32]                ;
; qc_ldpc_decoder_top:decoder|qc_llr_bank:llr_bank_inst|mem[32][38]               ; Merged with qc_ldpc_decoder_top:decoder|qc_llr_bank:llr_bank_inst|mem[32][32]                ;
; qc_ldpc_decoder_top:decoder|qc_llr_bank:llr_bank_inst|mem[33][33]               ; Merged with qc_ldpc_decoder_top:decoder|qc_llr_bank:llr_bank_inst|mem[33][32]                ;
; qc_ldpc_decoder_top:decoder|qc_llr_bank:llr_bank_inst|mem[33][34]               ; Merged with qc_ldpc_decoder_top:decoder|qc_llr_bank:llr_bank_inst|mem[33][32]                ;
; qc_ldpc_decoder_top:decoder|qc_llr_bank:llr_bank_inst|mem[33][35]               ; Merged with qc_ldpc_decoder_top:decoder|qc_llr_bank:llr_bank_inst|mem[33][32]                ;
; qc_ldpc_decoder_top:decoder|qc_llr_bank:llr_bank_inst|mem[33][36]               ; Merged with qc_ldpc_decoder_top:decoder|qc_llr_bank:llr_bank_inst|mem[33][32]                ;
; qc_ldpc_decoder_top:decoder|qc_llr_bank:llr_bank_inst|mem[33][38]               ; Merged with qc_ldpc_decoder_top:decoder|qc_llr_bank:llr_bank_inst|mem[33][32]                ;
; qc_ldpc_decoder_top:decoder|qc_llr_bank:llr_bank_inst|mem[34][33]               ; Merged with qc_ldpc_decoder_top:decoder|qc_llr_bank:llr_bank_inst|mem[34][32]                ;
; qc_ldpc_decoder_top:decoder|qc_llr_bank:llr_bank_inst|mem[34][34]               ; Merged with qc_ldpc_decoder_top:decoder|qc_llr_bank:llr_bank_inst|mem[34][32]                ;
; qc_ldpc_decoder_top:decoder|qc_llr_bank:llr_bank_inst|mem[34][35]               ; Merged with qc_ldpc_decoder_top:decoder|qc_llr_bank:llr_bank_inst|mem[34][32]                ;
; qc_ldpc_decoder_top:decoder|qc_llr_bank:llr_bank_inst|mem[34][36]               ; Merged with qc_ldpc_decoder_top:decoder|qc_llr_bank:llr_bank_inst|mem[34][32]                ;
; qc_ldpc_decoder_top:decoder|qc_llr_bank:llr_bank_inst|mem[34][38]               ; Merged with qc_ldpc_decoder_top:decoder|qc_llr_bank:llr_bank_inst|mem[34][32]                ;
; qc_ldpc_decoder_top:decoder|qc_llr_bank:llr_bank_inst|mem[35][33]               ; Merged with qc_ldpc_decoder_top:decoder|qc_llr_bank:llr_bank_inst|mem[35][32]                ;
; qc_ldpc_decoder_top:decoder|qc_llr_bank:llr_bank_inst|mem[35][34]               ; Merged with qc_ldpc_decoder_top:decoder|qc_llr_bank:llr_bank_inst|mem[35][32]                ;
; qc_ldpc_decoder_top:decoder|qc_llr_bank:llr_bank_inst|mem[35][35]               ; Merged with qc_ldpc_decoder_top:decoder|qc_llr_bank:llr_bank_inst|mem[35][32]                ;
; qc_ldpc_decoder_top:decoder|qc_llr_bank:llr_bank_inst|mem[35][36]               ; Merged with qc_ldpc_decoder_top:decoder|qc_llr_bank:llr_bank_inst|mem[35][32]                ;
; qc_ldpc_decoder_top:decoder|qc_llr_bank:llr_bank_inst|mem[35][38]               ; Merged with qc_ldpc_decoder_top:decoder|qc_llr_bank:llr_bank_inst|mem[35][32]                ;
; qc_ldpc_decoder_top:decoder|qc_llr_bank:llr_bank_inst|mem[36][33]               ; Merged with qc_ldpc_decoder_top:decoder|qc_llr_bank:llr_bank_inst|mem[36][32]                ;
; qc_ldpc_decoder_top:decoder|qc_llr_bank:llr_bank_inst|mem[36][34]               ; Merged with qc_ldpc_decoder_top:decoder|qc_llr_bank:llr_bank_inst|mem[36][32]                ;
; qc_ldpc_decoder_top:decoder|qc_llr_bank:llr_bank_inst|mem[36][35]               ; Merged with qc_ldpc_decoder_top:decoder|qc_llr_bank:llr_bank_inst|mem[36][32]                ;
; qc_ldpc_decoder_top:decoder|qc_llr_bank:llr_bank_inst|mem[36][36]               ; Merged with qc_ldpc_decoder_top:decoder|qc_llr_bank:llr_bank_inst|mem[36][32]                ;
; qc_ldpc_decoder_top:decoder|qc_llr_bank:llr_bank_inst|mem[36][38]               ; Merged with qc_ldpc_decoder_top:decoder|qc_llr_bank:llr_bank_inst|mem[36][32]                ;
; qc_ldpc_decoder_top:decoder|qc_llr_bank:llr_bank_inst|mem[37][33]               ; Merged with qc_ldpc_decoder_top:decoder|qc_llr_bank:llr_bank_inst|mem[37][32]                ;
; qc_ldpc_decoder_top:decoder|qc_llr_bank:llr_bank_inst|mem[37][34]               ; Merged with qc_ldpc_decoder_top:decoder|qc_llr_bank:llr_bank_inst|mem[37][32]                ;
; qc_ldpc_decoder_top:decoder|qc_llr_bank:llr_bank_inst|mem[37][35]               ; Merged with qc_ldpc_decoder_top:decoder|qc_llr_bank:llr_bank_inst|mem[37][32]                ;
; qc_ldpc_decoder_top:decoder|qc_llr_bank:llr_bank_inst|mem[37][36]               ; Merged with qc_ldpc_decoder_top:decoder|qc_llr_bank:llr_bank_inst|mem[37][32]                ;
; qc_ldpc_decoder_top:decoder|qc_llr_bank:llr_bank_inst|mem[37][38]               ; Merged with qc_ldpc_decoder_top:decoder|qc_llr_bank:llr_bank_inst|mem[37][32]                ;
; qc_ldpc_decoder_top:decoder|qc_llr_bank:llr_bank_inst|mem[38][33]               ; Merged with qc_ldpc_decoder_top:decoder|qc_llr_bank:llr_bank_inst|mem[38][32]                ;
; qc_ldpc_decoder_top:decoder|qc_llr_bank:llr_bank_inst|mem[38][34]               ; Merged with qc_ldpc_decoder_top:decoder|qc_llr_bank:llr_bank_inst|mem[38][32]                ;
; qc_ldpc_decoder_top:decoder|qc_llr_bank:llr_bank_inst|mem[38][35]               ; Merged with qc_ldpc_decoder_top:decoder|qc_llr_bank:llr_bank_inst|mem[38][32]                ;
; qc_ldpc_decoder_top:decoder|qc_llr_bank:llr_bank_inst|mem[38][36]               ; Merged with qc_ldpc_decoder_top:decoder|qc_llr_bank:llr_bank_inst|mem[38][32]                ;
; qc_ldpc_decoder_top:decoder|qc_llr_bank:llr_bank_inst|mem[38][38]               ; Merged with qc_ldpc_decoder_top:decoder|qc_llr_bank:llr_bank_inst|mem[38][32]                ;
; qc_ldpc_decoder_top:decoder|qc_llr_bank:llr_bank_inst|mem[39][33]               ; Merged with qc_ldpc_decoder_top:decoder|qc_llr_bank:llr_bank_inst|mem[39][32]                ;
; qc_ldpc_decoder_top:decoder|qc_llr_bank:llr_bank_inst|mem[39][34]               ; Merged with qc_ldpc_decoder_top:decoder|qc_llr_bank:llr_bank_inst|mem[39][32]                ;
; qc_ldpc_decoder_top:decoder|qc_llr_bank:llr_bank_inst|mem[39][35]               ; Merged with qc_ldpc_decoder_top:decoder|qc_llr_bank:llr_bank_inst|mem[39][32]                ;
; qc_ldpc_decoder_top:decoder|qc_llr_bank:llr_bank_inst|mem[39][36]               ; Merged with qc_ldpc_decoder_top:decoder|qc_llr_bank:llr_bank_inst|mem[39][32]                ;
; qc_ldpc_decoder_top:decoder|qc_llr_bank:llr_bank_inst|mem[39][38]               ; Merged with qc_ldpc_decoder_top:decoder|qc_llr_bank:llr_bank_inst|mem[39][32]                ;
; qc_ldpc_decoder_top:decoder|qc_llr_bank:llr_bank_inst|mem[40][33]               ; Merged with qc_ldpc_decoder_top:decoder|qc_llr_bank:llr_bank_inst|mem[40][32]                ;
; qc_ldpc_decoder_top:decoder|qc_llr_bank:llr_bank_inst|mem[40][34]               ; Merged with qc_ldpc_decoder_top:decoder|qc_llr_bank:llr_bank_inst|mem[40][32]                ;
; qc_ldpc_decoder_top:decoder|qc_llr_bank:llr_bank_inst|mem[40][35]               ; Merged with qc_ldpc_decoder_top:decoder|qc_llr_bank:llr_bank_inst|mem[40][32]                ;
; qc_ldpc_decoder_top:decoder|qc_llr_bank:llr_bank_inst|mem[40][36]               ; Merged with qc_ldpc_decoder_top:decoder|qc_llr_bank:llr_bank_inst|mem[40][32]                ;
; qc_ldpc_decoder_top:decoder|qc_llr_bank:llr_bank_inst|mem[40][38]               ; Merged with qc_ldpc_decoder_top:decoder|qc_llr_bank:llr_bank_inst|mem[40][32]                ;
; qc_ldpc_decoder_top:decoder|qc_llr_bank:llr_bank_inst|mem[41][33]               ; Merged with qc_ldpc_decoder_top:decoder|qc_llr_bank:llr_bank_inst|mem[41][32]                ;
; qc_ldpc_decoder_top:decoder|qc_llr_bank:llr_bank_inst|mem[41][34]               ; Merged with qc_ldpc_decoder_top:decoder|qc_llr_bank:llr_bank_inst|mem[41][32]                ;
; qc_ldpc_decoder_top:decoder|qc_llr_bank:llr_bank_inst|mem[41][35]               ; Merged with qc_ldpc_decoder_top:decoder|qc_llr_bank:llr_bank_inst|mem[41][32]                ;
; qc_ldpc_decoder_top:decoder|qc_llr_bank:llr_bank_inst|mem[41][36]               ; Merged with qc_ldpc_decoder_top:decoder|qc_llr_bank:llr_bank_inst|mem[41][32]                ;
; qc_ldpc_decoder_top:decoder|qc_llr_bank:llr_bank_inst|mem[41][38]               ; Merged with qc_ldpc_decoder_top:decoder|qc_llr_bank:llr_bank_inst|mem[41][32]                ;
; qc_ldpc_decoder_top:decoder|qc_llr_bank:llr_bank_inst|mem[42][33]               ; Merged with qc_ldpc_decoder_top:decoder|qc_llr_bank:llr_bank_inst|mem[42][32]                ;
; qc_ldpc_decoder_top:decoder|qc_llr_bank:llr_bank_inst|mem[42][34]               ; Merged with qc_ldpc_decoder_top:decoder|qc_llr_bank:llr_bank_inst|mem[42][32]                ;
; qc_ldpc_decoder_top:decoder|qc_llr_bank:llr_bank_inst|mem[42][35]               ; Merged with qc_ldpc_decoder_top:decoder|qc_llr_bank:llr_bank_inst|mem[42][32]                ;
; qc_ldpc_decoder_top:decoder|qc_llr_bank:llr_bank_inst|mem[42][36]               ; Merged with qc_ldpc_decoder_top:decoder|qc_llr_bank:llr_bank_inst|mem[42][32]                ;
; qc_ldpc_decoder_top:decoder|qc_llr_bank:llr_bank_inst|mem[42][38]               ; Merged with qc_ldpc_decoder_top:decoder|qc_llr_bank:llr_bank_inst|mem[42][32]                ;
; qc_ldpc_decoder_top:decoder|qc_llr_bank:llr_bank_inst|mem[43][33]               ; Merged with qc_ldpc_decoder_top:decoder|qc_llr_bank:llr_bank_inst|mem[43][32]                ;
; qc_ldpc_decoder_top:decoder|qc_llr_bank:llr_bank_inst|mem[43][34]               ; Merged with qc_ldpc_decoder_top:decoder|qc_llr_bank:llr_bank_inst|mem[43][32]                ;
; qc_ldpc_decoder_top:decoder|qc_llr_bank:llr_bank_inst|mem[43][35]               ; Merged with qc_ldpc_decoder_top:decoder|qc_llr_bank:llr_bank_inst|mem[43][32]                ;
; qc_ldpc_decoder_top:decoder|qc_llr_bank:llr_bank_inst|mem[43][36]               ; Merged with qc_ldpc_decoder_top:decoder|qc_llr_bank:llr_bank_inst|mem[43][32]                ;
; qc_ldpc_decoder_top:decoder|qc_llr_bank:llr_bank_inst|mem[43][38]               ; Merged with qc_ldpc_decoder_top:decoder|qc_llr_bank:llr_bank_inst|mem[43][32]                ;
; qc_ldpc_decoder_top:decoder|qc_llr_bank:llr_bank_inst|mem[44][33]               ; Merged with qc_ldpc_decoder_top:decoder|qc_llr_bank:llr_bank_inst|mem[44][32]                ;
; qc_ldpc_decoder_top:decoder|qc_llr_bank:llr_bank_inst|mem[44][34]               ; Merged with qc_ldpc_decoder_top:decoder|qc_llr_bank:llr_bank_inst|mem[44][32]                ;
; qc_ldpc_decoder_top:decoder|qc_llr_bank:llr_bank_inst|mem[44][35]               ; Merged with qc_ldpc_decoder_top:decoder|qc_llr_bank:llr_bank_inst|mem[44][32]                ;
; qc_ldpc_decoder_top:decoder|qc_llr_bank:llr_bank_inst|mem[44][36]               ; Merged with qc_ldpc_decoder_top:decoder|qc_llr_bank:llr_bank_inst|mem[44][32]                ;
; qc_ldpc_decoder_top:decoder|qc_llr_bank:llr_bank_inst|mem[44][38]               ; Merged with qc_ldpc_decoder_top:decoder|qc_llr_bank:llr_bank_inst|mem[44][32]                ;
; qc_ldpc_decoder_top:decoder|qc_llr_bank:llr_bank_inst|mem[45][33]               ; Merged with qc_ldpc_decoder_top:decoder|qc_llr_bank:llr_bank_inst|mem[45][32]                ;
; qc_ldpc_decoder_top:decoder|qc_llr_bank:llr_bank_inst|mem[45][34]               ; Merged with qc_ldpc_decoder_top:decoder|qc_llr_bank:llr_bank_inst|mem[45][32]                ;
; qc_ldpc_decoder_top:decoder|qc_llr_bank:llr_bank_inst|mem[45][35]               ; Merged with qc_ldpc_decoder_top:decoder|qc_llr_bank:llr_bank_inst|mem[45][32]                ;
; qc_ldpc_decoder_top:decoder|qc_llr_bank:llr_bank_inst|mem[45][36]               ; Merged with qc_ldpc_decoder_top:decoder|qc_llr_bank:llr_bank_inst|mem[45][32]                ;
; qc_ldpc_decoder_top:decoder|qc_llr_bank:llr_bank_inst|mem[45][38]               ; Merged with qc_ldpc_decoder_top:decoder|qc_llr_bank:llr_bank_inst|mem[45][32]                ;
; qc_ldpc_decoder_top:decoder|qc_llr_bank:llr_bank_inst|mem[46][33]               ; Merged with qc_ldpc_decoder_top:decoder|qc_llr_bank:llr_bank_inst|mem[46][32]                ;
; qc_ldpc_decoder_top:decoder|qc_llr_bank:llr_bank_inst|mem[46][34]               ; Merged with qc_ldpc_decoder_top:decoder|qc_llr_bank:llr_bank_inst|mem[46][32]                ;
; qc_ldpc_decoder_top:decoder|qc_llr_bank:llr_bank_inst|mem[46][35]               ; Merged with qc_ldpc_decoder_top:decoder|qc_llr_bank:llr_bank_inst|mem[46][32]                ;
; qc_ldpc_decoder_top:decoder|qc_llr_bank:llr_bank_inst|mem[46][36]               ; Merged with qc_ldpc_decoder_top:decoder|qc_llr_bank:llr_bank_inst|mem[46][32]                ;
; qc_ldpc_decoder_top:decoder|qc_llr_bank:llr_bank_inst|mem[46][38]               ; Merged with qc_ldpc_decoder_top:decoder|qc_llr_bank:llr_bank_inst|mem[46][32]                ;
; qc_ldpc_decoder_top:decoder|qc_llr_bank:llr_bank_inst|mem[47][33]               ; Merged with qc_ldpc_decoder_top:decoder|qc_llr_bank:llr_bank_inst|mem[47][32]                ;
; qc_ldpc_decoder_top:decoder|qc_llr_bank:llr_bank_inst|mem[47][34]               ; Merged with qc_ldpc_decoder_top:decoder|qc_llr_bank:llr_bank_inst|mem[47][32]                ;
; qc_ldpc_decoder_top:decoder|qc_llr_bank:llr_bank_inst|mem[47][35]               ; Merged with qc_ldpc_decoder_top:decoder|qc_llr_bank:llr_bank_inst|mem[47][32]                ;
; qc_ldpc_decoder_top:decoder|qc_llr_bank:llr_bank_inst|mem[47][36]               ; Merged with qc_ldpc_decoder_top:decoder|qc_llr_bank:llr_bank_inst|mem[47][32]                ;
; qc_ldpc_decoder_top:decoder|qc_llr_bank:llr_bank_inst|mem[47][38]               ; Merged with qc_ldpc_decoder_top:decoder|qc_llr_bank:llr_bank_inst|mem[47][32]                ;
; qc_ldpc_decoder_top:decoder|qc_llr_bank:llr_bank_inst|mem[48][33]               ; Merged with qc_ldpc_decoder_top:decoder|qc_llr_bank:llr_bank_inst|mem[48][32]                ;
; qc_ldpc_decoder_top:decoder|qc_llr_bank:llr_bank_inst|mem[48][34]               ; Merged with qc_ldpc_decoder_top:decoder|qc_llr_bank:llr_bank_inst|mem[48][32]                ;
; qc_ldpc_decoder_top:decoder|qc_llr_bank:llr_bank_inst|mem[48][35]               ; Merged with qc_ldpc_decoder_top:decoder|qc_llr_bank:llr_bank_inst|mem[48][32]                ;
; qc_ldpc_decoder_top:decoder|qc_llr_bank:llr_bank_inst|mem[48][36]               ; Merged with qc_ldpc_decoder_top:decoder|qc_llr_bank:llr_bank_inst|mem[48][32]                ;
; qc_ldpc_decoder_top:decoder|qc_llr_bank:llr_bank_inst|mem[48][38]               ; Merged with qc_ldpc_decoder_top:decoder|qc_llr_bank:llr_bank_inst|mem[48][32]                ;
; qc_ldpc_decoder_top:decoder|qc_llr_bank:llr_bank_inst|mem[49][33]               ; Merged with qc_ldpc_decoder_top:decoder|qc_llr_bank:llr_bank_inst|mem[49][32]                ;
; qc_ldpc_decoder_top:decoder|qc_llr_bank:llr_bank_inst|mem[49][34]               ; Merged with qc_ldpc_decoder_top:decoder|qc_llr_bank:llr_bank_inst|mem[49][32]                ;
; qc_ldpc_decoder_top:decoder|qc_llr_bank:llr_bank_inst|mem[49][35]               ; Merged with qc_ldpc_decoder_top:decoder|qc_llr_bank:llr_bank_inst|mem[49][32]                ;
; qc_ldpc_decoder_top:decoder|qc_llr_bank:llr_bank_inst|mem[49][36]               ; Merged with qc_ldpc_decoder_top:decoder|qc_llr_bank:llr_bank_inst|mem[49][32]                ;
; qc_ldpc_decoder_top:decoder|qc_llr_bank:llr_bank_inst|mem[49][38]               ; Merged with qc_ldpc_decoder_top:decoder|qc_llr_bank:llr_bank_inst|mem[49][32]                ;
; qc_ldpc_decoder_top:decoder|qc_llr_bank:llr_bank_inst|mem[50][33]               ; Merged with qc_ldpc_decoder_top:decoder|qc_llr_bank:llr_bank_inst|mem[50][32]                ;
; qc_ldpc_decoder_top:decoder|qc_llr_bank:llr_bank_inst|mem[50][34]               ; Merged with qc_ldpc_decoder_top:decoder|qc_llr_bank:llr_bank_inst|mem[50][32]                ;
; qc_ldpc_decoder_top:decoder|qc_llr_bank:llr_bank_inst|mem[50][35]               ; Merged with qc_ldpc_decoder_top:decoder|qc_llr_bank:llr_bank_inst|mem[50][32]                ;
; qc_ldpc_decoder_top:decoder|qc_llr_bank:llr_bank_inst|mem[50][36]               ; Merged with qc_ldpc_decoder_top:decoder|qc_llr_bank:llr_bank_inst|mem[50][32]                ;
; qc_ldpc_decoder_top:decoder|qc_llr_bank:llr_bank_inst|mem[50][38]               ; Merged with qc_ldpc_decoder_top:decoder|qc_llr_bank:llr_bank_inst|mem[50][32]                ;
; qc_ldpc_decoder_top:decoder|qc_llr_bank:llr_bank_inst|mem[51][33]               ; Merged with qc_ldpc_decoder_top:decoder|qc_llr_bank:llr_bank_inst|mem[51][32]                ;
; qc_ldpc_decoder_top:decoder|qc_llr_bank:llr_bank_inst|mem[51][34]               ; Merged with qc_ldpc_decoder_top:decoder|qc_llr_bank:llr_bank_inst|mem[51][32]                ;
; qc_ldpc_decoder_top:decoder|qc_llr_bank:llr_bank_inst|mem[51][35]               ; Merged with qc_ldpc_decoder_top:decoder|qc_llr_bank:llr_bank_inst|mem[51][32]                ;
; qc_ldpc_decoder_top:decoder|qc_llr_bank:llr_bank_inst|mem[51][36]               ; Merged with qc_ldpc_decoder_top:decoder|qc_llr_bank:llr_bank_inst|mem[51][32]                ;
; qc_ldpc_decoder_top:decoder|qc_llr_bank:llr_bank_inst|mem[51][38]               ; Merged with qc_ldpc_decoder_top:decoder|qc_llr_bank:llr_bank_inst|mem[51][32]                ;
; qc_ldpc_decoder_top:decoder|qc_llr_bank:llr_bank_inst|mem[52][33]               ; Merged with qc_ldpc_decoder_top:decoder|qc_llr_bank:llr_bank_inst|mem[52][32]                ;
; qc_ldpc_decoder_top:decoder|qc_llr_bank:llr_bank_inst|mem[52][34]               ; Merged with qc_ldpc_decoder_top:decoder|qc_llr_bank:llr_bank_inst|mem[52][32]                ;
; qc_ldpc_decoder_top:decoder|qc_llr_bank:llr_bank_inst|mem[52][35]               ; Merged with qc_ldpc_decoder_top:decoder|qc_llr_bank:llr_bank_inst|mem[52][32]                ;
; qc_ldpc_decoder_top:decoder|qc_llr_bank:llr_bank_inst|mem[52][36]               ; Merged with qc_ldpc_decoder_top:decoder|qc_llr_bank:llr_bank_inst|mem[52][32]                ;
; qc_ldpc_decoder_top:decoder|qc_llr_bank:llr_bank_inst|mem[52][38]               ; Merged with qc_ldpc_decoder_top:decoder|qc_llr_bank:llr_bank_inst|mem[52][32]                ;
; qc_ldpc_decoder_top:decoder|qc_llr_bank:llr_bank_inst|mem[53][33]               ; Merged with qc_ldpc_decoder_top:decoder|qc_llr_bank:llr_bank_inst|mem[53][32]                ;
; qc_ldpc_decoder_top:decoder|qc_llr_bank:llr_bank_inst|mem[53][34]               ; Merged with qc_ldpc_decoder_top:decoder|qc_llr_bank:llr_bank_inst|mem[53][32]                ;
; qc_ldpc_decoder_top:decoder|qc_llr_bank:llr_bank_inst|mem[53][35]               ; Merged with qc_ldpc_decoder_top:decoder|qc_llr_bank:llr_bank_inst|mem[53][32]                ;
; qc_ldpc_decoder_top:decoder|qc_llr_bank:llr_bank_inst|mem[53][36]               ; Merged with qc_ldpc_decoder_top:decoder|qc_llr_bank:llr_bank_inst|mem[53][32]                ;
; qc_ldpc_decoder_top:decoder|qc_llr_bank:llr_bank_inst|mem[53][38]               ; Merged with qc_ldpc_decoder_top:decoder|qc_llr_bank:llr_bank_inst|mem[53][32]                ;
; qc_ldpc_decoder_top:decoder|qc_llr_bank:llr_bank_inst|mem[54][33]               ; Merged with qc_ldpc_decoder_top:decoder|qc_llr_bank:llr_bank_inst|mem[54][32]                ;
; qc_ldpc_decoder_top:decoder|qc_llr_bank:llr_bank_inst|mem[54][34]               ; Merged with qc_ldpc_decoder_top:decoder|qc_llr_bank:llr_bank_inst|mem[54][32]                ;
; qc_ldpc_decoder_top:decoder|qc_llr_bank:llr_bank_inst|mem[54][35]               ; Merged with qc_ldpc_decoder_top:decoder|qc_llr_bank:llr_bank_inst|mem[54][32]                ;
; qc_ldpc_decoder_top:decoder|qc_llr_bank:llr_bank_inst|mem[54][36]               ; Merged with qc_ldpc_decoder_top:decoder|qc_llr_bank:llr_bank_inst|mem[54][32]                ;
; qc_ldpc_decoder_top:decoder|qc_llr_bank:llr_bank_inst|mem[54][38]               ; Merged with qc_ldpc_decoder_top:decoder|qc_llr_bank:llr_bank_inst|mem[54][32]                ;
; qc_ldpc_decoder_top:decoder|qc_llr_bank:llr_bank_inst|mem[55][33]               ; Merged with qc_ldpc_decoder_top:decoder|qc_llr_bank:llr_bank_inst|mem[55][32]                ;
; qc_ldpc_decoder_top:decoder|qc_llr_bank:llr_bank_inst|mem[55][34]               ; Merged with qc_ldpc_decoder_top:decoder|qc_llr_bank:llr_bank_inst|mem[55][32]                ;
; qc_ldpc_decoder_top:decoder|qc_llr_bank:llr_bank_inst|mem[55][35]               ; Merged with qc_ldpc_decoder_top:decoder|qc_llr_bank:llr_bank_inst|mem[55][32]                ;
; qc_ldpc_decoder_top:decoder|qc_llr_bank:llr_bank_inst|mem[55][36]               ; Merged with qc_ldpc_decoder_top:decoder|qc_llr_bank:llr_bank_inst|mem[55][32]                ;
; qc_ldpc_decoder_top:decoder|qc_llr_bank:llr_bank_inst|mem[55][38]               ; Merged with qc_ldpc_decoder_top:decoder|qc_llr_bank:llr_bank_inst|mem[55][32]                ;
; qc_ldpc_decoder_top:decoder|qc_llr_bank:llr_bank_inst|mem[56][33]               ; Merged with qc_ldpc_decoder_top:decoder|qc_llr_bank:llr_bank_inst|mem[56][32]                ;
; qc_ldpc_decoder_top:decoder|qc_llr_bank:llr_bank_inst|mem[56][34]               ; Merged with qc_ldpc_decoder_top:decoder|qc_llr_bank:llr_bank_inst|mem[56][32]                ;
; qc_ldpc_decoder_top:decoder|qc_llr_bank:llr_bank_inst|mem[56][35]               ; Merged with qc_ldpc_decoder_top:decoder|qc_llr_bank:llr_bank_inst|mem[56][32]                ;
; qc_ldpc_decoder_top:decoder|qc_llr_bank:llr_bank_inst|mem[56][36]               ; Merged with qc_ldpc_decoder_top:decoder|qc_llr_bank:llr_bank_inst|mem[56][32]                ;
; qc_ldpc_decoder_top:decoder|qc_llr_bank:llr_bank_inst|mem[56][38]               ; Merged with qc_ldpc_decoder_top:decoder|qc_llr_bank:llr_bank_inst|mem[56][32]                ;
; qc_ldpc_decoder_top:decoder|qc_llr_bank:llr_bank_inst|mem[57][33]               ; Merged with qc_ldpc_decoder_top:decoder|qc_llr_bank:llr_bank_inst|mem[57][32]                ;
; qc_ldpc_decoder_top:decoder|qc_llr_bank:llr_bank_inst|mem[57][34]               ; Merged with qc_ldpc_decoder_top:decoder|qc_llr_bank:llr_bank_inst|mem[57][32]                ;
; qc_ldpc_decoder_top:decoder|qc_llr_bank:llr_bank_inst|mem[57][35]               ; Merged with qc_ldpc_decoder_top:decoder|qc_llr_bank:llr_bank_inst|mem[57][32]                ;
; qc_ldpc_decoder_top:decoder|qc_llr_bank:llr_bank_inst|mem[57][36]               ; Merged with qc_ldpc_decoder_top:decoder|qc_llr_bank:llr_bank_inst|mem[57][32]                ;
; qc_ldpc_decoder_top:decoder|qc_llr_bank:llr_bank_inst|mem[57][38]               ; Merged with qc_ldpc_decoder_top:decoder|qc_llr_bank:llr_bank_inst|mem[57][32]                ;
; qc_ldpc_decoder_top:decoder|qc_llr_bank:llr_bank_inst|mem[58][33]               ; Merged with qc_ldpc_decoder_top:decoder|qc_llr_bank:llr_bank_inst|mem[58][32]                ;
; qc_ldpc_decoder_top:decoder|qc_llr_bank:llr_bank_inst|mem[58][34]               ; Merged with qc_ldpc_decoder_top:decoder|qc_llr_bank:llr_bank_inst|mem[58][32]                ;
; qc_ldpc_decoder_top:decoder|qc_llr_bank:llr_bank_inst|mem[58][35]               ; Merged with qc_ldpc_decoder_top:decoder|qc_llr_bank:llr_bank_inst|mem[58][32]                ;
; qc_ldpc_decoder_top:decoder|qc_llr_bank:llr_bank_inst|mem[58][36]               ; Merged with qc_ldpc_decoder_top:decoder|qc_llr_bank:llr_bank_inst|mem[58][32]                ;
; qc_ldpc_decoder_top:decoder|qc_llr_bank:llr_bank_inst|mem[58][38]               ; Merged with qc_ldpc_decoder_top:decoder|qc_llr_bank:llr_bank_inst|mem[58][32]                ;
; qc_ldpc_decoder_top:decoder|qc_llr_bank:llr_bank_inst|mem[59][33]               ; Merged with qc_ldpc_decoder_top:decoder|qc_llr_bank:llr_bank_inst|mem[59][32]                ;
; qc_ldpc_decoder_top:decoder|qc_llr_bank:llr_bank_inst|mem[59][34]               ; Merged with qc_ldpc_decoder_top:decoder|qc_llr_bank:llr_bank_inst|mem[59][32]                ;
; qc_ldpc_decoder_top:decoder|qc_llr_bank:llr_bank_inst|mem[59][35]               ; Merged with qc_ldpc_decoder_top:decoder|qc_llr_bank:llr_bank_inst|mem[59][32]                ;
; qc_ldpc_decoder_top:decoder|qc_llr_bank:llr_bank_inst|mem[59][36]               ; Merged with qc_ldpc_decoder_top:decoder|qc_llr_bank:llr_bank_inst|mem[59][32]                ;
; qc_ldpc_decoder_top:decoder|qc_llr_bank:llr_bank_inst|mem[59][38]               ; Merged with qc_ldpc_decoder_top:decoder|qc_llr_bank:llr_bank_inst|mem[59][32]                ;
; qc_ldpc_decoder_top:decoder|qc_llr_bank:llr_bank_inst|mem[60][33]               ; Merged with qc_ldpc_decoder_top:decoder|qc_llr_bank:llr_bank_inst|mem[60][32]                ;
; qc_ldpc_decoder_top:decoder|qc_llr_bank:llr_bank_inst|mem[60][34]               ; Merged with qc_ldpc_decoder_top:decoder|qc_llr_bank:llr_bank_inst|mem[60][32]                ;
; qc_ldpc_decoder_top:decoder|qc_llr_bank:llr_bank_inst|mem[60][35]               ; Merged with qc_ldpc_decoder_top:decoder|qc_llr_bank:llr_bank_inst|mem[60][32]                ;
; qc_ldpc_decoder_top:decoder|qc_llr_bank:llr_bank_inst|mem[60][36]               ; Merged with qc_ldpc_decoder_top:decoder|qc_llr_bank:llr_bank_inst|mem[60][32]                ;
; qc_ldpc_decoder_top:decoder|qc_llr_bank:llr_bank_inst|mem[60][38]               ; Merged with qc_ldpc_decoder_top:decoder|qc_llr_bank:llr_bank_inst|mem[60][32]                ;
; qc_ldpc_decoder_top:decoder|qc_llr_bank:llr_bank_inst|mem[61][33]               ; Merged with qc_ldpc_decoder_top:decoder|qc_llr_bank:llr_bank_inst|mem[61][32]                ;
; qc_ldpc_decoder_top:decoder|qc_llr_bank:llr_bank_inst|mem[61][34]               ; Merged with qc_ldpc_decoder_top:decoder|qc_llr_bank:llr_bank_inst|mem[61][32]                ;
; qc_ldpc_decoder_top:decoder|qc_llr_bank:llr_bank_inst|mem[61][35]               ; Merged with qc_ldpc_decoder_top:decoder|qc_llr_bank:llr_bank_inst|mem[61][32]                ;
; qc_ldpc_decoder_top:decoder|qc_llr_bank:llr_bank_inst|mem[61][36]               ; Merged with qc_ldpc_decoder_top:decoder|qc_llr_bank:llr_bank_inst|mem[61][32]                ;
; qc_ldpc_decoder_top:decoder|qc_llr_bank:llr_bank_inst|mem[61][38]               ; Merged with qc_ldpc_decoder_top:decoder|qc_llr_bank:llr_bank_inst|mem[61][32]                ;
; qc_ldpc_decoder_top:decoder|qc_llr_bank:llr_bank_inst|mem[62][33]               ; Merged with qc_ldpc_decoder_top:decoder|qc_llr_bank:llr_bank_inst|mem[62][32]                ;
; qc_ldpc_decoder_top:decoder|qc_llr_bank:llr_bank_inst|mem[62][34]               ; Merged with qc_ldpc_decoder_top:decoder|qc_llr_bank:llr_bank_inst|mem[62][32]                ;
; qc_ldpc_decoder_top:decoder|qc_llr_bank:llr_bank_inst|mem[62][35]               ; Merged with qc_ldpc_decoder_top:decoder|qc_llr_bank:llr_bank_inst|mem[62][32]                ;
; qc_ldpc_decoder_top:decoder|qc_llr_bank:llr_bank_inst|mem[62][36]               ; Merged with qc_ldpc_decoder_top:decoder|qc_llr_bank:llr_bank_inst|mem[62][32]                ;
; qc_ldpc_decoder_top:decoder|qc_llr_bank:llr_bank_inst|mem[62][38]               ; Merged with qc_ldpc_decoder_top:decoder|qc_llr_bank:llr_bank_inst|mem[62][32]                ;
; qc_ldpc_decoder_top:decoder|qc_llr_bank:llr_bank_inst|mem[63][33]               ; Merged with qc_ldpc_decoder_top:decoder|qc_llr_bank:llr_bank_inst|mem[63][32]                ;
; qc_ldpc_decoder_top:decoder|qc_llr_bank:llr_bank_inst|mem[63][34]               ; Merged with qc_ldpc_decoder_top:decoder|qc_llr_bank:llr_bank_inst|mem[63][32]                ;
; qc_ldpc_decoder_top:decoder|qc_llr_bank:llr_bank_inst|mem[63][35]               ; Merged with qc_ldpc_decoder_top:decoder|qc_llr_bank:llr_bank_inst|mem[63][32]                ;
; qc_ldpc_decoder_top:decoder|qc_llr_bank:llr_bank_inst|mem[63][36]               ; Merged with qc_ldpc_decoder_top:decoder|qc_llr_bank:llr_bank_inst|mem[63][32]                ;
; qc_ldpc_decoder_top:decoder|qc_llr_bank:llr_bank_inst|mem[63][38]               ; Merged with qc_ldpc_decoder_top:decoder|qc_llr_bank:llr_bank_inst|mem[63][32]                ;
; qc_ldpc_decoder_top:decoder|qc_llr_bank:llr_bank_inst|mem[0][41]                ; Merged with qc_ldpc_decoder_top:decoder|qc_llr_bank:llr_bank_inst|mem[0][40]                 ;
; qc_ldpc_decoder_top:decoder|qc_llr_bank:llr_bank_inst|mem[0][42]                ; Merged with qc_ldpc_decoder_top:decoder|qc_llr_bank:llr_bank_inst|mem[0][40]                 ;
; qc_ldpc_decoder_top:decoder|qc_llr_bank:llr_bank_inst|mem[0][43]                ; Merged with qc_ldpc_decoder_top:decoder|qc_llr_bank:llr_bank_inst|mem[0][40]                 ;
; qc_ldpc_decoder_top:decoder|qc_llr_bank:llr_bank_inst|mem[0][44]                ; Merged with qc_ldpc_decoder_top:decoder|qc_llr_bank:llr_bank_inst|mem[0][40]                 ;
; qc_ldpc_decoder_top:decoder|qc_llr_bank:llr_bank_inst|mem[0][46]                ; Merged with qc_ldpc_decoder_top:decoder|qc_llr_bank:llr_bank_inst|mem[0][40]                 ;
; qc_ldpc_decoder_top:decoder|qc_llr_bank:llr_bank_inst|mem[1][41]                ; Merged with qc_ldpc_decoder_top:decoder|qc_llr_bank:llr_bank_inst|mem[1][40]                 ;
; qc_ldpc_decoder_top:decoder|qc_llr_bank:llr_bank_inst|mem[1][42]                ; Merged with qc_ldpc_decoder_top:decoder|qc_llr_bank:llr_bank_inst|mem[1][40]                 ;
; qc_ldpc_decoder_top:decoder|qc_llr_bank:llr_bank_inst|mem[1][43]                ; Merged with qc_ldpc_decoder_top:decoder|qc_llr_bank:llr_bank_inst|mem[1][40]                 ;
; qc_ldpc_decoder_top:decoder|qc_llr_bank:llr_bank_inst|mem[1][44]                ; Merged with qc_ldpc_decoder_top:decoder|qc_llr_bank:llr_bank_inst|mem[1][40]                 ;
; qc_ldpc_decoder_top:decoder|qc_llr_bank:llr_bank_inst|mem[1][46]                ; Merged with qc_ldpc_decoder_top:decoder|qc_llr_bank:llr_bank_inst|mem[1][40]                 ;
; qc_ldpc_decoder_top:decoder|qc_llr_bank:llr_bank_inst|mem[2][41]                ; Merged with qc_ldpc_decoder_top:decoder|qc_llr_bank:llr_bank_inst|mem[2][40]                 ;
; qc_ldpc_decoder_top:decoder|qc_llr_bank:llr_bank_inst|mem[2][42]                ; Merged with qc_ldpc_decoder_top:decoder|qc_llr_bank:llr_bank_inst|mem[2][40]                 ;
; qc_ldpc_decoder_top:decoder|qc_llr_bank:llr_bank_inst|mem[2][43]                ; Merged with qc_ldpc_decoder_top:decoder|qc_llr_bank:llr_bank_inst|mem[2][40]                 ;
; qc_ldpc_decoder_top:decoder|qc_llr_bank:llr_bank_inst|mem[2][44]                ; Merged with qc_ldpc_decoder_top:decoder|qc_llr_bank:llr_bank_inst|mem[2][40]                 ;
; qc_ldpc_decoder_top:decoder|qc_llr_bank:llr_bank_inst|mem[2][46]                ; Merged with qc_ldpc_decoder_top:decoder|qc_llr_bank:llr_bank_inst|mem[2][40]                 ;
; qc_ldpc_decoder_top:decoder|qc_llr_bank:llr_bank_inst|mem[3][41]                ; Merged with qc_ldpc_decoder_top:decoder|qc_llr_bank:llr_bank_inst|mem[3][40]                 ;
; qc_ldpc_decoder_top:decoder|qc_llr_bank:llr_bank_inst|mem[3][42]                ; Merged with qc_ldpc_decoder_top:decoder|qc_llr_bank:llr_bank_inst|mem[3][40]                 ;
; qc_ldpc_decoder_top:decoder|qc_llr_bank:llr_bank_inst|mem[3][43]                ; Merged with qc_ldpc_decoder_top:decoder|qc_llr_bank:llr_bank_inst|mem[3][40]                 ;
; qc_ldpc_decoder_top:decoder|qc_llr_bank:llr_bank_inst|mem[3][44]                ; Merged with qc_ldpc_decoder_top:decoder|qc_llr_bank:llr_bank_inst|mem[3][40]                 ;
; qc_ldpc_decoder_top:decoder|qc_llr_bank:llr_bank_inst|mem[3][46]                ; Merged with qc_ldpc_decoder_top:decoder|qc_llr_bank:llr_bank_inst|mem[3][40]                 ;
; qc_ldpc_decoder_top:decoder|qc_llr_bank:llr_bank_inst|mem[4][41]                ; Merged with qc_ldpc_decoder_top:decoder|qc_llr_bank:llr_bank_inst|mem[4][40]                 ;
; qc_ldpc_decoder_top:decoder|qc_llr_bank:llr_bank_inst|mem[4][42]                ; Merged with qc_ldpc_decoder_top:decoder|qc_llr_bank:llr_bank_inst|mem[4][40]                 ;
; qc_ldpc_decoder_top:decoder|qc_llr_bank:llr_bank_inst|mem[4][43]                ; Merged with qc_ldpc_decoder_top:decoder|qc_llr_bank:llr_bank_inst|mem[4][40]                 ;
; qc_ldpc_decoder_top:decoder|qc_llr_bank:llr_bank_inst|mem[4][44]                ; Merged with qc_ldpc_decoder_top:decoder|qc_llr_bank:llr_bank_inst|mem[4][40]                 ;
; qc_ldpc_decoder_top:decoder|qc_llr_bank:llr_bank_inst|mem[4][46]                ; Merged with qc_ldpc_decoder_top:decoder|qc_llr_bank:llr_bank_inst|mem[4][40]                 ;
; qc_ldpc_decoder_top:decoder|qc_llr_bank:llr_bank_inst|mem[5][41]                ; Merged with qc_ldpc_decoder_top:decoder|qc_llr_bank:llr_bank_inst|mem[5][40]                 ;
; qc_ldpc_decoder_top:decoder|qc_llr_bank:llr_bank_inst|mem[5][42]                ; Merged with qc_ldpc_decoder_top:decoder|qc_llr_bank:llr_bank_inst|mem[5][40]                 ;
; qc_ldpc_decoder_top:decoder|qc_llr_bank:llr_bank_inst|mem[5][43]                ; Merged with qc_ldpc_decoder_top:decoder|qc_llr_bank:llr_bank_inst|mem[5][40]                 ;
; qc_ldpc_decoder_top:decoder|qc_llr_bank:llr_bank_inst|mem[5][44]                ; Merged with qc_ldpc_decoder_top:decoder|qc_llr_bank:llr_bank_inst|mem[5][40]                 ;
; qc_ldpc_decoder_top:decoder|qc_llr_bank:llr_bank_inst|mem[5][46]                ; Merged with qc_ldpc_decoder_top:decoder|qc_llr_bank:llr_bank_inst|mem[5][40]                 ;
; qc_ldpc_decoder_top:decoder|qc_llr_bank:llr_bank_inst|mem[6][41]                ; Merged with qc_ldpc_decoder_top:decoder|qc_llr_bank:llr_bank_inst|mem[6][40]                 ;
; qc_ldpc_decoder_top:decoder|qc_llr_bank:llr_bank_inst|mem[6][42]                ; Merged with qc_ldpc_decoder_top:decoder|qc_llr_bank:llr_bank_inst|mem[6][40]                 ;
; qc_ldpc_decoder_top:decoder|qc_llr_bank:llr_bank_inst|mem[6][43]                ; Merged with qc_ldpc_decoder_top:decoder|qc_llr_bank:llr_bank_inst|mem[6][40]                 ;
; qc_ldpc_decoder_top:decoder|qc_llr_bank:llr_bank_inst|mem[6][44]                ; Merged with qc_ldpc_decoder_top:decoder|qc_llr_bank:llr_bank_inst|mem[6][40]                 ;
; qc_ldpc_decoder_top:decoder|qc_llr_bank:llr_bank_inst|mem[6][46]                ; Merged with qc_ldpc_decoder_top:decoder|qc_llr_bank:llr_bank_inst|mem[6][40]                 ;
; qc_ldpc_decoder_top:decoder|qc_llr_bank:llr_bank_inst|mem[7][41]                ; Merged with qc_ldpc_decoder_top:decoder|qc_llr_bank:llr_bank_inst|mem[7][40]                 ;
; qc_ldpc_decoder_top:decoder|qc_llr_bank:llr_bank_inst|mem[7][42]                ; Merged with qc_ldpc_decoder_top:decoder|qc_llr_bank:llr_bank_inst|mem[7][40]                 ;
; qc_ldpc_decoder_top:decoder|qc_llr_bank:llr_bank_inst|mem[7][43]                ; Merged with qc_ldpc_decoder_top:decoder|qc_llr_bank:llr_bank_inst|mem[7][40]                 ;
; qc_ldpc_decoder_top:decoder|qc_llr_bank:llr_bank_inst|mem[7][44]                ; Merged with qc_ldpc_decoder_top:decoder|qc_llr_bank:llr_bank_inst|mem[7][40]                 ;
; qc_ldpc_decoder_top:decoder|qc_llr_bank:llr_bank_inst|mem[7][46]                ; Merged with qc_ldpc_decoder_top:decoder|qc_llr_bank:llr_bank_inst|mem[7][40]                 ;
; qc_ldpc_decoder_top:decoder|qc_llr_bank:llr_bank_inst|mem[8][41]                ; Merged with qc_ldpc_decoder_top:decoder|qc_llr_bank:llr_bank_inst|mem[8][40]                 ;
; qc_ldpc_decoder_top:decoder|qc_llr_bank:llr_bank_inst|mem[8][42]                ; Merged with qc_ldpc_decoder_top:decoder|qc_llr_bank:llr_bank_inst|mem[8][40]                 ;
; qc_ldpc_decoder_top:decoder|qc_llr_bank:llr_bank_inst|mem[8][43]                ; Merged with qc_ldpc_decoder_top:decoder|qc_llr_bank:llr_bank_inst|mem[8][40]                 ;
; qc_ldpc_decoder_top:decoder|qc_llr_bank:llr_bank_inst|mem[8][44]                ; Merged with qc_ldpc_decoder_top:decoder|qc_llr_bank:llr_bank_inst|mem[8][40]                 ;
; qc_ldpc_decoder_top:decoder|qc_llr_bank:llr_bank_inst|mem[8][46]                ; Merged with qc_ldpc_decoder_top:decoder|qc_llr_bank:llr_bank_inst|mem[8][40]                 ;
; qc_ldpc_decoder_top:decoder|qc_llr_bank:llr_bank_inst|mem[9][41]                ; Merged with qc_ldpc_decoder_top:decoder|qc_llr_bank:llr_bank_inst|mem[9][40]                 ;
; qc_ldpc_decoder_top:decoder|qc_llr_bank:llr_bank_inst|mem[9][42]                ; Merged with qc_ldpc_decoder_top:decoder|qc_llr_bank:llr_bank_inst|mem[9][40]                 ;
; qc_ldpc_decoder_top:decoder|qc_llr_bank:llr_bank_inst|mem[9][43]                ; Merged with qc_ldpc_decoder_top:decoder|qc_llr_bank:llr_bank_inst|mem[9][40]                 ;
; qc_ldpc_decoder_top:decoder|qc_llr_bank:llr_bank_inst|mem[9][44]                ; Merged with qc_ldpc_decoder_top:decoder|qc_llr_bank:llr_bank_inst|mem[9][40]                 ;
; qc_ldpc_decoder_top:decoder|qc_llr_bank:llr_bank_inst|mem[9][46]                ; Merged with qc_ldpc_decoder_top:decoder|qc_llr_bank:llr_bank_inst|mem[9][40]                 ;
; qc_ldpc_decoder_top:decoder|qc_llr_bank:llr_bank_inst|mem[10][41]               ; Merged with qc_ldpc_decoder_top:decoder|qc_llr_bank:llr_bank_inst|mem[10][40]                ;
; qc_ldpc_decoder_top:decoder|qc_llr_bank:llr_bank_inst|mem[10][42]               ; Merged with qc_ldpc_decoder_top:decoder|qc_llr_bank:llr_bank_inst|mem[10][40]                ;
; qc_ldpc_decoder_top:decoder|qc_llr_bank:llr_bank_inst|mem[10][43]               ; Merged with qc_ldpc_decoder_top:decoder|qc_llr_bank:llr_bank_inst|mem[10][40]                ;
; qc_ldpc_decoder_top:decoder|qc_llr_bank:llr_bank_inst|mem[10][44]               ; Merged with qc_ldpc_decoder_top:decoder|qc_llr_bank:llr_bank_inst|mem[10][40]                ;
; qc_ldpc_decoder_top:decoder|qc_llr_bank:llr_bank_inst|mem[10][46]               ; Merged with qc_ldpc_decoder_top:decoder|qc_llr_bank:llr_bank_inst|mem[10][40]                ;
; qc_ldpc_decoder_top:decoder|qc_llr_bank:llr_bank_inst|mem[11][41]               ; Merged with qc_ldpc_decoder_top:decoder|qc_llr_bank:llr_bank_inst|mem[11][40]                ;
; qc_ldpc_decoder_top:decoder|qc_llr_bank:llr_bank_inst|mem[11][42]               ; Merged with qc_ldpc_decoder_top:decoder|qc_llr_bank:llr_bank_inst|mem[11][40]                ;
; qc_ldpc_decoder_top:decoder|qc_llr_bank:llr_bank_inst|mem[11][43]               ; Merged with qc_ldpc_decoder_top:decoder|qc_llr_bank:llr_bank_inst|mem[11][40]                ;
; qc_ldpc_decoder_top:decoder|qc_llr_bank:llr_bank_inst|mem[11][44]               ; Merged with qc_ldpc_decoder_top:decoder|qc_llr_bank:llr_bank_inst|mem[11][40]                ;
; qc_ldpc_decoder_top:decoder|qc_llr_bank:llr_bank_inst|mem[11][46]               ; Merged with qc_ldpc_decoder_top:decoder|qc_llr_bank:llr_bank_inst|mem[11][40]                ;
; qc_ldpc_decoder_top:decoder|qc_llr_bank:llr_bank_inst|mem[12][41]               ; Merged with qc_ldpc_decoder_top:decoder|qc_llr_bank:llr_bank_inst|mem[12][40]                ;
; qc_ldpc_decoder_top:decoder|qc_llr_bank:llr_bank_inst|mem[12][42]               ; Merged with qc_ldpc_decoder_top:decoder|qc_llr_bank:llr_bank_inst|mem[12][40]                ;
; qc_ldpc_decoder_top:decoder|qc_llr_bank:llr_bank_inst|mem[12][43]               ; Merged with qc_ldpc_decoder_top:decoder|qc_llr_bank:llr_bank_inst|mem[12][40]                ;
; qc_ldpc_decoder_top:decoder|qc_llr_bank:llr_bank_inst|mem[12][44]               ; Merged with qc_ldpc_decoder_top:decoder|qc_llr_bank:llr_bank_inst|mem[12][40]                ;
; qc_ldpc_decoder_top:decoder|qc_llr_bank:llr_bank_inst|mem[12][46]               ; Merged with qc_ldpc_decoder_top:decoder|qc_llr_bank:llr_bank_inst|mem[12][40]                ;
; qc_ldpc_decoder_top:decoder|qc_llr_bank:llr_bank_inst|mem[13][41]               ; Merged with qc_ldpc_decoder_top:decoder|qc_llr_bank:llr_bank_inst|mem[13][40]                ;
; qc_ldpc_decoder_top:decoder|qc_llr_bank:llr_bank_inst|mem[13][42]               ; Merged with qc_ldpc_decoder_top:decoder|qc_llr_bank:llr_bank_inst|mem[13][40]                ;
; qc_ldpc_decoder_top:decoder|qc_llr_bank:llr_bank_inst|mem[13][43]               ; Merged with qc_ldpc_decoder_top:decoder|qc_llr_bank:llr_bank_inst|mem[13][40]                ;
; qc_ldpc_decoder_top:decoder|qc_llr_bank:llr_bank_inst|mem[13][44]               ; Merged with qc_ldpc_decoder_top:decoder|qc_llr_bank:llr_bank_inst|mem[13][40]                ;
; qc_ldpc_decoder_top:decoder|qc_llr_bank:llr_bank_inst|mem[13][46]               ; Merged with qc_ldpc_decoder_top:decoder|qc_llr_bank:llr_bank_inst|mem[13][40]                ;
; qc_ldpc_decoder_top:decoder|qc_llr_bank:llr_bank_inst|mem[14][41]               ; Merged with qc_ldpc_decoder_top:decoder|qc_llr_bank:llr_bank_inst|mem[14][40]                ;
; qc_ldpc_decoder_top:decoder|qc_llr_bank:llr_bank_inst|mem[14][42]               ; Merged with qc_ldpc_decoder_top:decoder|qc_llr_bank:llr_bank_inst|mem[14][40]                ;
; qc_ldpc_decoder_top:decoder|qc_llr_bank:llr_bank_inst|mem[14][43]               ; Merged with qc_ldpc_decoder_top:decoder|qc_llr_bank:llr_bank_inst|mem[14][40]                ;
; qc_ldpc_decoder_top:decoder|qc_llr_bank:llr_bank_inst|mem[14][44]               ; Merged with qc_ldpc_decoder_top:decoder|qc_llr_bank:llr_bank_inst|mem[14][40]                ;
; qc_ldpc_decoder_top:decoder|qc_llr_bank:llr_bank_inst|mem[14][46]               ; Merged with qc_ldpc_decoder_top:decoder|qc_llr_bank:llr_bank_inst|mem[14][40]                ;
; qc_ldpc_decoder_top:decoder|qc_llr_bank:llr_bank_inst|mem[15][41]               ; Merged with qc_ldpc_decoder_top:decoder|qc_llr_bank:llr_bank_inst|mem[15][40]                ;
; qc_ldpc_decoder_top:decoder|qc_llr_bank:llr_bank_inst|mem[15][42]               ; Merged with qc_ldpc_decoder_top:decoder|qc_llr_bank:llr_bank_inst|mem[15][40]                ;
; qc_ldpc_decoder_top:decoder|qc_llr_bank:llr_bank_inst|mem[15][43]               ; Merged with qc_ldpc_decoder_top:decoder|qc_llr_bank:llr_bank_inst|mem[15][40]                ;
; qc_ldpc_decoder_top:decoder|qc_llr_bank:llr_bank_inst|mem[15][44]               ; Merged with qc_ldpc_decoder_top:decoder|qc_llr_bank:llr_bank_inst|mem[15][40]                ;
; qc_ldpc_decoder_top:decoder|qc_llr_bank:llr_bank_inst|mem[15][46]               ; Merged with qc_ldpc_decoder_top:decoder|qc_llr_bank:llr_bank_inst|mem[15][40]                ;
; qc_ldpc_decoder_top:decoder|qc_llr_bank:llr_bank_inst|mem[16][41]               ; Merged with qc_ldpc_decoder_top:decoder|qc_llr_bank:llr_bank_inst|mem[16][40]                ;
; qc_ldpc_decoder_top:decoder|qc_llr_bank:llr_bank_inst|mem[16][42]               ; Merged with qc_ldpc_decoder_top:decoder|qc_llr_bank:llr_bank_inst|mem[16][40]                ;
; qc_ldpc_decoder_top:decoder|qc_llr_bank:llr_bank_inst|mem[16][43]               ; Merged with qc_ldpc_decoder_top:decoder|qc_llr_bank:llr_bank_inst|mem[16][40]                ;
; qc_ldpc_decoder_top:decoder|qc_llr_bank:llr_bank_inst|mem[16][44]               ; Merged with qc_ldpc_decoder_top:decoder|qc_llr_bank:llr_bank_inst|mem[16][40]                ;
; qc_ldpc_decoder_top:decoder|qc_llr_bank:llr_bank_inst|mem[16][46]               ; Merged with qc_ldpc_decoder_top:decoder|qc_llr_bank:llr_bank_inst|mem[16][40]                ;
; qc_ldpc_decoder_top:decoder|qc_llr_bank:llr_bank_inst|mem[17][41]               ; Merged with qc_ldpc_decoder_top:decoder|qc_llr_bank:llr_bank_inst|mem[17][40]                ;
; qc_ldpc_decoder_top:decoder|qc_llr_bank:llr_bank_inst|mem[17][42]               ; Merged with qc_ldpc_decoder_top:decoder|qc_llr_bank:llr_bank_inst|mem[17][40]                ;
; qc_ldpc_decoder_top:decoder|qc_llr_bank:llr_bank_inst|mem[17][43]               ; Merged with qc_ldpc_decoder_top:decoder|qc_llr_bank:llr_bank_inst|mem[17][40]                ;
; qc_ldpc_decoder_top:decoder|qc_llr_bank:llr_bank_inst|mem[17][44]               ; Merged with qc_ldpc_decoder_top:decoder|qc_llr_bank:llr_bank_inst|mem[17][40]                ;
; qc_ldpc_decoder_top:decoder|qc_llr_bank:llr_bank_inst|mem[17][46]               ; Merged with qc_ldpc_decoder_top:decoder|qc_llr_bank:llr_bank_inst|mem[17][40]                ;
; qc_ldpc_decoder_top:decoder|qc_llr_bank:llr_bank_inst|mem[18][41]               ; Merged with qc_ldpc_decoder_top:decoder|qc_llr_bank:llr_bank_inst|mem[18][40]                ;
; qc_ldpc_decoder_top:decoder|qc_llr_bank:llr_bank_inst|mem[18][42]               ; Merged with qc_ldpc_decoder_top:decoder|qc_llr_bank:llr_bank_inst|mem[18][40]                ;
; qc_ldpc_decoder_top:decoder|qc_llr_bank:llr_bank_inst|mem[18][43]               ; Merged with qc_ldpc_decoder_top:decoder|qc_llr_bank:llr_bank_inst|mem[18][40]                ;
; qc_ldpc_decoder_top:decoder|qc_llr_bank:llr_bank_inst|mem[18][44]               ; Merged with qc_ldpc_decoder_top:decoder|qc_llr_bank:llr_bank_inst|mem[18][40]                ;
; qc_ldpc_decoder_top:decoder|qc_llr_bank:llr_bank_inst|mem[18][46]               ; Merged with qc_ldpc_decoder_top:decoder|qc_llr_bank:llr_bank_inst|mem[18][40]                ;
; qc_ldpc_decoder_top:decoder|qc_llr_bank:llr_bank_inst|mem[19][41]               ; Merged with qc_ldpc_decoder_top:decoder|qc_llr_bank:llr_bank_inst|mem[19][40]                ;
; qc_ldpc_decoder_top:decoder|qc_llr_bank:llr_bank_inst|mem[19][42]               ; Merged with qc_ldpc_decoder_top:decoder|qc_llr_bank:llr_bank_inst|mem[19][40]                ;
; qc_ldpc_decoder_top:decoder|qc_llr_bank:llr_bank_inst|mem[19][43]               ; Merged with qc_ldpc_decoder_top:decoder|qc_llr_bank:llr_bank_inst|mem[19][40]                ;
; qc_ldpc_decoder_top:decoder|qc_llr_bank:llr_bank_inst|mem[19][44]               ; Merged with qc_ldpc_decoder_top:decoder|qc_llr_bank:llr_bank_inst|mem[19][40]                ;
; qc_ldpc_decoder_top:decoder|qc_llr_bank:llr_bank_inst|mem[19][46]               ; Merged with qc_ldpc_decoder_top:decoder|qc_llr_bank:llr_bank_inst|mem[19][40]                ;
; qc_ldpc_decoder_top:decoder|qc_llr_bank:llr_bank_inst|mem[20][41]               ; Merged with qc_ldpc_decoder_top:decoder|qc_llr_bank:llr_bank_inst|mem[20][40]                ;
; qc_ldpc_decoder_top:decoder|qc_llr_bank:llr_bank_inst|mem[20][42]               ; Merged with qc_ldpc_decoder_top:decoder|qc_llr_bank:llr_bank_inst|mem[20][40]                ;
; qc_ldpc_decoder_top:decoder|qc_llr_bank:llr_bank_inst|mem[20][43]               ; Merged with qc_ldpc_decoder_top:decoder|qc_llr_bank:llr_bank_inst|mem[20][40]                ;
; qc_ldpc_decoder_top:decoder|qc_llr_bank:llr_bank_inst|mem[20][44]               ; Merged with qc_ldpc_decoder_top:decoder|qc_llr_bank:llr_bank_inst|mem[20][40]                ;
; qc_ldpc_decoder_top:decoder|qc_llr_bank:llr_bank_inst|mem[20][46]               ; Merged with qc_ldpc_decoder_top:decoder|qc_llr_bank:llr_bank_inst|mem[20][40]                ;
; qc_ldpc_decoder_top:decoder|qc_llr_bank:llr_bank_inst|mem[21][41]               ; Merged with qc_ldpc_decoder_top:decoder|qc_llr_bank:llr_bank_inst|mem[21][40]                ;
; qc_ldpc_decoder_top:decoder|qc_llr_bank:llr_bank_inst|mem[21][42]               ; Merged with qc_ldpc_decoder_top:decoder|qc_llr_bank:llr_bank_inst|mem[21][40]                ;
; qc_ldpc_decoder_top:decoder|qc_llr_bank:llr_bank_inst|mem[21][43]               ; Merged with qc_ldpc_decoder_top:decoder|qc_llr_bank:llr_bank_inst|mem[21][40]                ;
; qc_ldpc_decoder_top:decoder|qc_llr_bank:llr_bank_inst|mem[21][44]               ; Merged with qc_ldpc_decoder_top:decoder|qc_llr_bank:llr_bank_inst|mem[21][40]                ;
; qc_ldpc_decoder_top:decoder|qc_llr_bank:llr_bank_inst|mem[21][46]               ; Merged with qc_ldpc_decoder_top:decoder|qc_llr_bank:llr_bank_inst|mem[21][40]                ;
; qc_ldpc_decoder_top:decoder|qc_llr_bank:llr_bank_inst|mem[22][41]               ; Merged with qc_ldpc_decoder_top:decoder|qc_llr_bank:llr_bank_inst|mem[22][40]                ;
; qc_ldpc_decoder_top:decoder|qc_llr_bank:llr_bank_inst|mem[22][42]               ; Merged with qc_ldpc_decoder_top:decoder|qc_llr_bank:llr_bank_inst|mem[22][40]                ;
; qc_ldpc_decoder_top:decoder|qc_llr_bank:llr_bank_inst|mem[22][43]               ; Merged with qc_ldpc_decoder_top:decoder|qc_llr_bank:llr_bank_inst|mem[22][40]                ;
; qc_ldpc_decoder_top:decoder|qc_llr_bank:llr_bank_inst|mem[22][44]               ; Merged with qc_ldpc_decoder_top:decoder|qc_llr_bank:llr_bank_inst|mem[22][40]                ;
; qc_ldpc_decoder_top:decoder|qc_llr_bank:llr_bank_inst|mem[22][46]               ; Merged with qc_ldpc_decoder_top:decoder|qc_llr_bank:llr_bank_inst|mem[22][40]                ;
; qc_ldpc_decoder_top:decoder|qc_llr_bank:llr_bank_inst|mem[23][41]               ; Merged with qc_ldpc_decoder_top:decoder|qc_llr_bank:llr_bank_inst|mem[23][40]                ;
; qc_ldpc_decoder_top:decoder|qc_llr_bank:llr_bank_inst|mem[23][42]               ; Merged with qc_ldpc_decoder_top:decoder|qc_llr_bank:llr_bank_inst|mem[23][40]                ;
; qc_ldpc_decoder_top:decoder|qc_llr_bank:llr_bank_inst|mem[23][43]               ; Merged with qc_ldpc_decoder_top:decoder|qc_llr_bank:llr_bank_inst|mem[23][40]                ;
; qc_ldpc_decoder_top:decoder|qc_llr_bank:llr_bank_inst|mem[23][44]               ; Merged with qc_ldpc_decoder_top:decoder|qc_llr_bank:llr_bank_inst|mem[23][40]                ;
; qc_ldpc_decoder_top:decoder|qc_llr_bank:llr_bank_inst|mem[23][46]               ; Merged with qc_ldpc_decoder_top:decoder|qc_llr_bank:llr_bank_inst|mem[23][40]                ;
; qc_ldpc_decoder_top:decoder|qc_llr_bank:llr_bank_inst|mem[24][41]               ; Merged with qc_ldpc_decoder_top:decoder|qc_llr_bank:llr_bank_inst|mem[24][40]                ;
; qc_ldpc_decoder_top:decoder|qc_llr_bank:llr_bank_inst|mem[24][42]               ; Merged with qc_ldpc_decoder_top:decoder|qc_llr_bank:llr_bank_inst|mem[24][40]                ;
; qc_ldpc_decoder_top:decoder|qc_llr_bank:llr_bank_inst|mem[24][43]               ; Merged with qc_ldpc_decoder_top:decoder|qc_llr_bank:llr_bank_inst|mem[24][40]                ;
; qc_ldpc_decoder_top:decoder|qc_llr_bank:llr_bank_inst|mem[24][44]               ; Merged with qc_ldpc_decoder_top:decoder|qc_llr_bank:llr_bank_inst|mem[24][40]                ;
; qc_ldpc_decoder_top:decoder|qc_llr_bank:llr_bank_inst|mem[24][46]               ; Merged with qc_ldpc_decoder_top:decoder|qc_llr_bank:llr_bank_inst|mem[24][40]                ;
; qc_ldpc_decoder_top:decoder|qc_llr_bank:llr_bank_inst|mem[25][41]               ; Merged with qc_ldpc_decoder_top:decoder|qc_llr_bank:llr_bank_inst|mem[25][40]                ;
; qc_ldpc_decoder_top:decoder|qc_llr_bank:llr_bank_inst|mem[25][42]               ; Merged with qc_ldpc_decoder_top:decoder|qc_llr_bank:llr_bank_inst|mem[25][40]                ;
; qc_ldpc_decoder_top:decoder|qc_llr_bank:llr_bank_inst|mem[25][43]               ; Merged with qc_ldpc_decoder_top:decoder|qc_llr_bank:llr_bank_inst|mem[25][40]                ;
; qc_ldpc_decoder_top:decoder|qc_llr_bank:llr_bank_inst|mem[25][44]               ; Merged with qc_ldpc_decoder_top:decoder|qc_llr_bank:llr_bank_inst|mem[25][40]                ;
; qc_ldpc_decoder_top:decoder|qc_llr_bank:llr_bank_inst|mem[25][46]               ; Merged with qc_ldpc_decoder_top:decoder|qc_llr_bank:llr_bank_inst|mem[25][40]                ;
; qc_ldpc_decoder_top:decoder|qc_llr_bank:llr_bank_inst|mem[26][41]               ; Merged with qc_ldpc_decoder_top:decoder|qc_llr_bank:llr_bank_inst|mem[26][40]                ;
; qc_ldpc_decoder_top:decoder|qc_llr_bank:llr_bank_inst|mem[26][42]               ; Merged with qc_ldpc_decoder_top:decoder|qc_llr_bank:llr_bank_inst|mem[26][40]                ;
; qc_ldpc_decoder_top:decoder|qc_llr_bank:llr_bank_inst|mem[26][43]               ; Merged with qc_ldpc_decoder_top:decoder|qc_llr_bank:llr_bank_inst|mem[26][40]                ;
; qc_ldpc_decoder_top:decoder|qc_llr_bank:llr_bank_inst|mem[26][44]               ; Merged with qc_ldpc_decoder_top:decoder|qc_llr_bank:llr_bank_inst|mem[26][40]                ;
; qc_ldpc_decoder_top:decoder|qc_llr_bank:llr_bank_inst|mem[26][46]               ; Merged with qc_ldpc_decoder_top:decoder|qc_llr_bank:llr_bank_inst|mem[26][40]                ;
; qc_ldpc_decoder_top:decoder|qc_llr_bank:llr_bank_inst|mem[27][41]               ; Merged with qc_ldpc_decoder_top:decoder|qc_llr_bank:llr_bank_inst|mem[27][40]                ;
; qc_ldpc_decoder_top:decoder|qc_llr_bank:llr_bank_inst|mem[27][42]               ; Merged with qc_ldpc_decoder_top:decoder|qc_llr_bank:llr_bank_inst|mem[27][40]                ;
; qc_ldpc_decoder_top:decoder|qc_llr_bank:llr_bank_inst|mem[27][43]               ; Merged with qc_ldpc_decoder_top:decoder|qc_llr_bank:llr_bank_inst|mem[27][40]                ;
; qc_ldpc_decoder_top:decoder|qc_llr_bank:llr_bank_inst|mem[27][44]               ; Merged with qc_ldpc_decoder_top:decoder|qc_llr_bank:llr_bank_inst|mem[27][40]                ;
; qc_ldpc_decoder_top:decoder|qc_llr_bank:llr_bank_inst|mem[27][46]               ; Merged with qc_ldpc_decoder_top:decoder|qc_llr_bank:llr_bank_inst|mem[27][40]                ;
; qc_ldpc_decoder_top:decoder|qc_llr_bank:llr_bank_inst|mem[28][41]               ; Merged with qc_ldpc_decoder_top:decoder|qc_llr_bank:llr_bank_inst|mem[28][40]                ;
; qc_ldpc_decoder_top:decoder|qc_llr_bank:llr_bank_inst|mem[28][42]               ; Merged with qc_ldpc_decoder_top:decoder|qc_llr_bank:llr_bank_inst|mem[28][40]                ;
; qc_ldpc_decoder_top:decoder|qc_llr_bank:llr_bank_inst|mem[28][43]               ; Merged with qc_ldpc_decoder_top:decoder|qc_llr_bank:llr_bank_inst|mem[28][40]                ;
; qc_ldpc_decoder_top:decoder|qc_llr_bank:llr_bank_inst|mem[28][44]               ; Merged with qc_ldpc_decoder_top:decoder|qc_llr_bank:llr_bank_inst|mem[28][40]                ;
; qc_ldpc_decoder_top:decoder|qc_llr_bank:llr_bank_inst|mem[28][46]               ; Merged with qc_ldpc_decoder_top:decoder|qc_llr_bank:llr_bank_inst|mem[28][40]                ;
; qc_ldpc_decoder_top:decoder|qc_llr_bank:llr_bank_inst|mem[29][41]               ; Merged with qc_ldpc_decoder_top:decoder|qc_llr_bank:llr_bank_inst|mem[29][40]                ;
; qc_ldpc_decoder_top:decoder|qc_llr_bank:llr_bank_inst|mem[29][42]               ; Merged with qc_ldpc_decoder_top:decoder|qc_llr_bank:llr_bank_inst|mem[29][40]                ;
; qc_ldpc_decoder_top:decoder|qc_llr_bank:llr_bank_inst|mem[29][43]               ; Merged with qc_ldpc_decoder_top:decoder|qc_llr_bank:llr_bank_inst|mem[29][40]                ;
; qc_ldpc_decoder_top:decoder|qc_llr_bank:llr_bank_inst|mem[29][44]               ; Merged with qc_ldpc_decoder_top:decoder|qc_llr_bank:llr_bank_inst|mem[29][40]                ;
; qc_ldpc_decoder_top:decoder|qc_llr_bank:llr_bank_inst|mem[29][46]               ; Merged with qc_ldpc_decoder_top:decoder|qc_llr_bank:llr_bank_inst|mem[29][40]                ;
; qc_ldpc_decoder_top:decoder|qc_llr_bank:llr_bank_inst|mem[30][41]               ; Merged with qc_ldpc_decoder_top:decoder|qc_llr_bank:llr_bank_inst|mem[30][40]                ;
; qc_ldpc_decoder_top:decoder|qc_llr_bank:llr_bank_inst|mem[30][42]               ; Merged with qc_ldpc_decoder_top:decoder|qc_llr_bank:llr_bank_inst|mem[30][40]                ;
; qc_ldpc_decoder_top:decoder|qc_llr_bank:llr_bank_inst|mem[30][43]               ; Merged with qc_ldpc_decoder_top:decoder|qc_llr_bank:llr_bank_inst|mem[30][40]                ;
; qc_ldpc_decoder_top:decoder|qc_llr_bank:llr_bank_inst|mem[30][44]               ; Merged with qc_ldpc_decoder_top:decoder|qc_llr_bank:llr_bank_inst|mem[30][40]                ;
; qc_ldpc_decoder_top:decoder|qc_llr_bank:llr_bank_inst|mem[30][46]               ; Merged with qc_ldpc_decoder_top:decoder|qc_llr_bank:llr_bank_inst|mem[30][40]                ;
; qc_ldpc_decoder_top:decoder|qc_llr_bank:llr_bank_inst|mem[31][41]               ; Merged with qc_ldpc_decoder_top:decoder|qc_llr_bank:llr_bank_inst|mem[31][40]                ;
; qc_ldpc_decoder_top:decoder|qc_llr_bank:llr_bank_inst|mem[31][42]               ; Merged with qc_ldpc_decoder_top:decoder|qc_llr_bank:llr_bank_inst|mem[31][40]                ;
; qc_ldpc_decoder_top:decoder|qc_llr_bank:llr_bank_inst|mem[31][43]               ; Merged with qc_ldpc_decoder_top:decoder|qc_llr_bank:llr_bank_inst|mem[31][40]                ;
; qc_ldpc_decoder_top:decoder|qc_llr_bank:llr_bank_inst|mem[31][44]               ; Merged with qc_ldpc_decoder_top:decoder|qc_llr_bank:llr_bank_inst|mem[31][40]                ;
; qc_ldpc_decoder_top:decoder|qc_llr_bank:llr_bank_inst|mem[31][46]               ; Merged with qc_ldpc_decoder_top:decoder|qc_llr_bank:llr_bank_inst|mem[31][40]                ;
; qc_ldpc_decoder_top:decoder|qc_llr_bank:llr_bank_inst|mem[32][41]               ; Merged with qc_ldpc_decoder_top:decoder|qc_llr_bank:llr_bank_inst|mem[32][40]                ;
; qc_ldpc_decoder_top:decoder|qc_llr_bank:llr_bank_inst|mem[32][42]               ; Merged with qc_ldpc_decoder_top:decoder|qc_llr_bank:llr_bank_inst|mem[32][40]                ;
; qc_ldpc_decoder_top:decoder|qc_llr_bank:llr_bank_inst|mem[32][43]               ; Merged with qc_ldpc_decoder_top:decoder|qc_llr_bank:llr_bank_inst|mem[32][40]                ;
; qc_ldpc_decoder_top:decoder|qc_llr_bank:llr_bank_inst|mem[32][44]               ; Merged with qc_ldpc_decoder_top:decoder|qc_llr_bank:llr_bank_inst|mem[32][40]                ;
; qc_ldpc_decoder_top:decoder|qc_llr_bank:llr_bank_inst|mem[32][46]               ; Merged with qc_ldpc_decoder_top:decoder|qc_llr_bank:llr_bank_inst|mem[32][40]                ;
; qc_ldpc_decoder_top:decoder|qc_llr_bank:llr_bank_inst|mem[33][41]               ; Merged with qc_ldpc_decoder_top:decoder|qc_llr_bank:llr_bank_inst|mem[33][40]                ;
; qc_ldpc_decoder_top:decoder|qc_llr_bank:llr_bank_inst|mem[33][42]               ; Merged with qc_ldpc_decoder_top:decoder|qc_llr_bank:llr_bank_inst|mem[33][40]                ;
; qc_ldpc_decoder_top:decoder|qc_llr_bank:llr_bank_inst|mem[33][43]               ; Merged with qc_ldpc_decoder_top:decoder|qc_llr_bank:llr_bank_inst|mem[33][40]                ;
; qc_ldpc_decoder_top:decoder|qc_llr_bank:llr_bank_inst|mem[33][44]               ; Merged with qc_ldpc_decoder_top:decoder|qc_llr_bank:llr_bank_inst|mem[33][40]                ;
; qc_ldpc_decoder_top:decoder|qc_llr_bank:llr_bank_inst|mem[33][46]               ; Merged with qc_ldpc_decoder_top:decoder|qc_llr_bank:llr_bank_inst|mem[33][40]                ;
; qc_ldpc_decoder_top:decoder|qc_llr_bank:llr_bank_inst|mem[34][41]               ; Merged with qc_ldpc_decoder_top:decoder|qc_llr_bank:llr_bank_inst|mem[34][40]                ;
; qc_ldpc_decoder_top:decoder|qc_llr_bank:llr_bank_inst|mem[34][42]               ; Merged with qc_ldpc_decoder_top:decoder|qc_llr_bank:llr_bank_inst|mem[34][40]                ;
; qc_ldpc_decoder_top:decoder|qc_llr_bank:llr_bank_inst|mem[34][43]               ; Merged with qc_ldpc_decoder_top:decoder|qc_llr_bank:llr_bank_inst|mem[34][40]                ;
; qc_ldpc_decoder_top:decoder|qc_llr_bank:llr_bank_inst|mem[34][44]               ; Merged with qc_ldpc_decoder_top:decoder|qc_llr_bank:llr_bank_inst|mem[34][40]                ;
; qc_ldpc_decoder_top:decoder|qc_llr_bank:llr_bank_inst|mem[34][46]               ; Merged with qc_ldpc_decoder_top:decoder|qc_llr_bank:llr_bank_inst|mem[34][40]                ;
; qc_ldpc_decoder_top:decoder|qc_llr_bank:llr_bank_inst|mem[35][41]               ; Merged with qc_ldpc_decoder_top:decoder|qc_llr_bank:llr_bank_inst|mem[35][40]                ;
; qc_ldpc_decoder_top:decoder|qc_llr_bank:llr_bank_inst|mem[35][42]               ; Merged with qc_ldpc_decoder_top:decoder|qc_llr_bank:llr_bank_inst|mem[35][40]                ;
; qc_ldpc_decoder_top:decoder|qc_llr_bank:llr_bank_inst|mem[35][43]               ; Merged with qc_ldpc_decoder_top:decoder|qc_llr_bank:llr_bank_inst|mem[35][40]                ;
; qc_ldpc_decoder_top:decoder|qc_llr_bank:llr_bank_inst|mem[35][44]               ; Merged with qc_ldpc_decoder_top:decoder|qc_llr_bank:llr_bank_inst|mem[35][40]                ;
; qc_ldpc_decoder_top:decoder|qc_llr_bank:llr_bank_inst|mem[35][46]               ; Merged with qc_ldpc_decoder_top:decoder|qc_llr_bank:llr_bank_inst|mem[35][40]                ;
; qc_ldpc_decoder_top:decoder|qc_llr_bank:llr_bank_inst|mem[36][41]               ; Merged with qc_ldpc_decoder_top:decoder|qc_llr_bank:llr_bank_inst|mem[36][40]                ;
; qc_ldpc_decoder_top:decoder|qc_llr_bank:llr_bank_inst|mem[36][42]               ; Merged with qc_ldpc_decoder_top:decoder|qc_llr_bank:llr_bank_inst|mem[36][40]                ;
; qc_ldpc_decoder_top:decoder|qc_llr_bank:llr_bank_inst|mem[36][43]               ; Merged with qc_ldpc_decoder_top:decoder|qc_llr_bank:llr_bank_inst|mem[36][40]                ;
; qc_ldpc_decoder_top:decoder|qc_llr_bank:llr_bank_inst|mem[36][44]               ; Merged with qc_ldpc_decoder_top:decoder|qc_llr_bank:llr_bank_inst|mem[36][40]                ;
; qc_ldpc_decoder_top:decoder|qc_llr_bank:llr_bank_inst|mem[36][46]               ; Merged with qc_ldpc_decoder_top:decoder|qc_llr_bank:llr_bank_inst|mem[36][40]                ;
; qc_ldpc_decoder_top:decoder|qc_llr_bank:llr_bank_inst|mem[37][41]               ; Merged with qc_ldpc_decoder_top:decoder|qc_llr_bank:llr_bank_inst|mem[37][40]                ;
; qc_ldpc_decoder_top:decoder|qc_llr_bank:llr_bank_inst|mem[37][42]               ; Merged with qc_ldpc_decoder_top:decoder|qc_llr_bank:llr_bank_inst|mem[37][40]                ;
; qc_ldpc_decoder_top:decoder|qc_llr_bank:llr_bank_inst|mem[37][43]               ; Merged with qc_ldpc_decoder_top:decoder|qc_llr_bank:llr_bank_inst|mem[37][40]                ;
; qc_ldpc_decoder_top:decoder|qc_llr_bank:llr_bank_inst|mem[37][44]               ; Merged with qc_ldpc_decoder_top:decoder|qc_llr_bank:llr_bank_inst|mem[37][40]                ;
; qc_ldpc_decoder_top:decoder|qc_llr_bank:llr_bank_inst|mem[37][46]               ; Merged with qc_ldpc_decoder_top:decoder|qc_llr_bank:llr_bank_inst|mem[37][40]                ;
; qc_ldpc_decoder_top:decoder|qc_llr_bank:llr_bank_inst|mem[38][41]               ; Merged with qc_ldpc_decoder_top:decoder|qc_llr_bank:llr_bank_inst|mem[38][40]                ;
; qc_ldpc_decoder_top:decoder|qc_llr_bank:llr_bank_inst|mem[38][42]               ; Merged with qc_ldpc_decoder_top:decoder|qc_llr_bank:llr_bank_inst|mem[38][40]                ;
; qc_ldpc_decoder_top:decoder|qc_llr_bank:llr_bank_inst|mem[38][43]               ; Merged with qc_ldpc_decoder_top:decoder|qc_llr_bank:llr_bank_inst|mem[38][40]                ;
; qc_ldpc_decoder_top:decoder|qc_llr_bank:llr_bank_inst|mem[38][44]               ; Merged with qc_ldpc_decoder_top:decoder|qc_llr_bank:llr_bank_inst|mem[38][40]                ;
; qc_ldpc_decoder_top:decoder|qc_llr_bank:llr_bank_inst|mem[38][46]               ; Merged with qc_ldpc_decoder_top:decoder|qc_llr_bank:llr_bank_inst|mem[38][40]                ;
; qc_ldpc_decoder_top:decoder|qc_llr_bank:llr_bank_inst|mem[39][41]               ; Merged with qc_ldpc_decoder_top:decoder|qc_llr_bank:llr_bank_inst|mem[39][40]                ;
; qc_ldpc_decoder_top:decoder|qc_llr_bank:llr_bank_inst|mem[39][42]               ; Merged with qc_ldpc_decoder_top:decoder|qc_llr_bank:llr_bank_inst|mem[39][40]                ;
; qc_ldpc_decoder_top:decoder|qc_llr_bank:llr_bank_inst|mem[39][43]               ; Merged with qc_ldpc_decoder_top:decoder|qc_llr_bank:llr_bank_inst|mem[39][40]                ;
; qc_ldpc_decoder_top:decoder|qc_llr_bank:llr_bank_inst|mem[39][44]               ; Merged with qc_ldpc_decoder_top:decoder|qc_llr_bank:llr_bank_inst|mem[39][40]                ;
; qc_ldpc_decoder_top:decoder|qc_llr_bank:llr_bank_inst|mem[39][46]               ; Merged with qc_ldpc_decoder_top:decoder|qc_llr_bank:llr_bank_inst|mem[39][40]                ;
; qc_ldpc_decoder_top:decoder|qc_llr_bank:llr_bank_inst|mem[40][41]               ; Merged with qc_ldpc_decoder_top:decoder|qc_llr_bank:llr_bank_inst|mem[40][40]                ;
; qc_ldpc_decoder_top:decoder|qc_llr_bank:llr_bank_inst|mem[40][42]               ; Merged with qc_ldpc_decoder_top:decoder|qc_llr_bank:llr_bank_inst|mem[40][40]                ;
; qc_ldpc_decoder_top:decoder|qc_llr_bank:llr_bank_inst|mem[40][43]               ; Merged with qc_ldpc_decoder_top:decoder|qc_llr_bank:llr_bank_inst|mem[40][40]                ;
; qc_ldpc_decoder_top:decoder|qc_llr_bank:llr_bank_inst|mem[40][44]               ; Merged with qc_ldpc_decoder_top:decoder|qc_llr_bank:llr_bank_inst|mem[40][40]                ;
; qc_ldpc_decoder_top:decoder|qc_llr_bank:llr_bank_inst|mem[40][46]               ; Merged with qc_ldpc_decoder_top:decoder|qc_llr_bank:llr_bank_inst|mem[40][40]                ;
; qc_ldpc_decoder_top:decoder|qc_llr_bank:llr_bank_inst|mem[41][41]               ; Merged with qc_ldpc_decoder_top:decoder|qc_llr_bank:llr_bank_inst|mem[41][40]                ;
; qc_ldpc_decoder_top:decoder|qc_llr_bank:llr_bank_inst|mem[41][42]               ; Merged with qc_ldpc_decoder_top:decoder|qc_llr_bank:llr_bank_inst|mem[41][40]                ;
; qc_ldpc_decoder_top:decoder|qc_llr_bank:llr_bank_inst|mem[41][43]               ; Merged with qc_ldpc_decoder_top:decoder|qc_llr_bank:llr_bank_inst|mem[41][40]                ;
; qc_ldpc_decoder_top:decoder|qc_llr_bank:llr_bank_inst|mem[41][44]               ; Merged with qc_ldpc_decoder_top:decoder|qc_llr_bank:llr_bank_inst|mem[41][40]                ;
; qc_ldpc_decoder_top:decoder|qc_llr_bank:llr_bank_inst|mem[41][46]               ; Merged with qc_ldpc_decoder_top:decoder|qc_llr_bank:llr_bank_inst|mem[41][40]                ;
; qc_ldpc_decoder_top:decoder|qc_llr_bank:llr_bank_inst|mem[42][41]               ; Merged with qc_ldpc_decoder_top:decoder|qc_llr_bank:llr_bank_inst|mem[42][40]                ;
; qc_ldpc_decoder_top:decoder|qc_llr_bank:llr_bank_inst|mem[42][42]               ; Merged with qc_ldpc_decoder_top:decoder|qc_llr_bank:llr_bank_inst|mem[42][40]                ;
; qc_ldpc_decoder_top:decoder|qc_llr_bank:llr_bank_inst|mem[42][43]               ; Merged with qc_ldpc_decoder_top:decoder|qc_llr_bank:llr_bank_inst|mem[42][40]                ;
; qc_ldpc_decoder_top:decoder|qc_llr_bank:llr_bank_inst|mem[42][44]               ; Merged with qc_ldpc_decoder_top:decoder|qc_llr_bank:llr_bank_inst|mem[42][40]                ;
; qc_ldpc_decoder_top:decoder|qc_llr_bank:llr_bank_inst|mem[42][46]               ; Merged with qc_ldpc_decoder_top:decoder|qc_llr_bank:llr_bank_inst|mem[42][40]                ;
; qc_ldpc_decoder_top:decoder|qc_llr_bank:llr_bank_inst|mem[43][41]               ; Merged with qc_ldpc_decoder_top:decoder|qc_llr_bank:llr_bank_inst|mem[43][40]                ;
; qc_ldpc_decoder_top:decoder|qc_llr_bank:llr_bank_inst|mem[43][42]               ; Merged with qc_ldpc_decoder_top:decoder|qc_llr_bank:llr_bank_inst|mem[43][40]                ;
; qc_ldpc_decoder_top:decoder|qc_llr_bank:llr_bank_inst|mem[43][43]               ; Merged with qc_ldpc_decoder_top:decoder|qc_llr_bank:llr_bank_inst|mem[43][40]                ;
; qc_ldpc_decoder_top:decoder|qc_llr_bank:llr_bank_inst|mem[43][44]               ; Merged with qc_ldpc_decoder_top:decoder|qc_llr_bank:llr_bank_inst|mem[43][40]                ;
; qc_ldpc_decoder_top:decoder|qc_llr_bank:llr_bank_inst|mem[43][46]               ; Merged with qc_ldpc_decoder_top:decoder|qc_llr_bank:llr_bank_inst|mem[43][40]                ;
; qc_ldpc_decoder_top:decoder|qc_llr_bank:llr_bank_inst|mem[44][41]               ; Merged with qc_ldpc_decoder_top:decoder|qc_llr_bank:llr_bank_inst|mem[44][40]                ;
; qc_ldpc_decoder_top:decoder|qc_llr_bank:llr_bank_inst|mem[44][42]               ; Merged with qc_ldpc_decoder_top:decoder|qc_llr_bank:llr_bank_inst|mem[44][40]                ;
; qc_ldpc_decoder_top:decoder|qc_llr_bank:llr_bank_inst|mem[44][43]               ; Merged with qc_ldpc_decoder_top:decoder|qc_llr_bank:llr_bank_inst|mem[44][40]                ;
; qc_ldpc_decoder_top:decoder|qc_llr_bank:llr_bank_inst|mem[44][44]               ; Merged with qc_ldpc_decoder_top:decoder|qc_llr_bank:llr_bank_inst|mem[44][40]                ;
; qc_ldpc_decoder_top:decoder|qc_llr_bank:llr_bank_inst|mem[44][46]               ; Merged with qc_ldpc_decoder_top:decoder|qc_llr_bank:llr_bank_inst|mem[44][40]                ;
; qc_ldpc_decoder_top:decoder|qc_llr_bank:llr_bank_inst|mem[45][41]               ; Merged with qc_ldpc_decoder_top:decoder|qc_llr_bank:llr_bank_inst|mem[45][40]                ;
; qc_ldpc_decoder_top:decoder|qc_llr_bank:llr_bank_inst|mem[45][42]               ; Merged with qc_ldpc_decoder_top:decoder|qc_llr_bank:llr_bank_inst|mem[45][40]                ;
; qc_ldpc_decoder_top:decoder|qc_llr_bank:llr_bank_inst|mem[45][43]               ; Merged with qc_ldpc_decoder_top:decoder|qc_llr_bank:llr_bank_inst|mem[45][40]                ;
; qc_ldpc_decoder_top:decoder|qc_llr_bank:llr_bank_inst|mem[45][44]               ; Merged with qc_ldpc_decoder_top:decoder|qc_llr_bank:llr_bank_inst|mem[45][40]                ;
; qc_ldpc_decoder_top:decoder|qc_llr_bank:llr_bank_inst|mem[45][46]               ; Merged with qc_ldpc_decoder_top:decoder|qc_llr_bank:llr_bank_inst|mem[45][40]                ;
; qc_ldpc_decoder_top:decoder|qc_llr_bank:llr_bank_inst|mem[46][41]               ; Merged with qc_ldpc_decoder_top:decoder|qc_llr_bank:llr_bank_inst|mem[46][40]                ;
; qc_ldpc_decoder_top:decoder|qc_llr_bank:llr_bank_inst|mem[46][42]               ; Merged with qc_ldpc_decoder_top:decoder|qc_llr_bank:llr_bank_inst|mem[46][40]                ;
; qc_ldpc_decoder_top:decoder|qc_llr_bank:llr_bank_inst|mem[46][43]               ; Merged with qc_ldpc_decoder_top:decoder|qc_llr_bank:llr_bank_inst|mem[46][40]                ;
; qc_ldpc_decoder_top:decoder|qc_llr_bank:llr_bank_inst|mem[46][44]               ; Merged with qc_ldpc_decoder_top:decoder|qc_llr_bank:llr_bank_inst|mem[46][40]                ;
; qc_ldpc_decoder_top:decoder|qc_llr_bank:llr_bank_inst|mem[46][46]               ; Merged with qc_ldpc_decoder_top:decoder|qc_llr_bank:llr_bank_inst|mem[46][40]                ;
; qc_ldpc_decoder_top:decoder|qc_llr_bank:llr_bank_inst|mem[47][41]               ; Merged with qc_ldpc_decoder_top:decoder|qc_llr_bank:llr_bank_inst|mem[47][40]                ;
; qc_ldpc_decoder_top:decoder|qc_llr_bank:llr_bank_inst|mem[47][42]               ; Merged with qc_ldpc_decoder_top:decoder|qc_llr_bank:llr_bank_inst|mem[47][40]                ;
; qc_ldpc_decoder_top:decoder|qc_llr_bank:llr_bank_inst|mem[47][43]               ; Merged with qc_ldpc_decoder_top:decoder|qc_llr_bank:llr_bank_inst|mem[47][40]                ;
; qc_ldpc_decoder_top:decoder|qc_llr_bank:llr_bank_inst|mem[47][44]               ; Merged with qc_ldpc_decoder_top:decoder|qc_llr_bank:llr_bank_inst|mem[47][40]                ;
; qc_ldpc_decoder_top:decoder|qc_llr_bank:llr_bank_inst|mem[47][46]               ; Merged with qc_ldpc_decoder_top:decoder|qc_llr_bank:llr_bank_inst|mem[47][40]                ;
; qc_ldpc_decoder_top:decoder|qc_llr_bank:llr_bank_inst|mem[48][41]               ; Merged with qc_ldpc_decoder_top:decoder|qc_llr_bank:llr_bank_inst|mem[48][40]                ;
; qc_ldpc_decoder_top:decoder|qc_llr_bank:llr_bank_inst|mem[48][42]               ; Merged with qc_ldpc_decoder_top:decoder|qc_llr_bank:llr_bank_inst|mem[48][40]                ;
; qc_ldpc_decoder_top:decoder|qc_llr_bank:llr_bank_inst|mem[48][43]               ; Merged with qc_ldpc_decoder_top:decoder|qc_llr_bank:llr_bank_inst|mem[48][40]                ;
; qc_ldpc_decoder_top:decoder|qc_llr_bank:llr_bank_inst|mem[48][44]               ; Merged with qc_ldpc_decoder_top:decoder|qc_llr_bank:llr_bank_inst|mem[48][40]                ;
; qc_ldpc_decoder_top:decoder|qc_llr_bank:llr_bank_inst|mem[48][46]               ; Merged with qc_ldpc_decoder_top:decoder|qc_llr_bank:llr_bank_inst|mem[48][40]                ;
; qc_ldpc_decoder_top:decoder|qc_llr_bank:llr_bank_inst|mem[49][41]               ; Merged with qc_ldpc_decoder_top:decoder|qc_llr_bank:llr_bank_inst|mem[49][40]                ;
; qc_ldpc_decoder_top:decoder|qc_llr_bank:llr_bank_inst|mem[49][42]               ; Merged with qc_ldpc_decoder_top:decoder|qc_llr_bank:llr_bank_inst|mem[49][40]                ;
; qc_ldpc_decoder_top:decoder|qc_llr_bank:llr_bank_inst|mem[49][43]               ; Merged with qc_ldpc_decoder_top:decoder|qc_llr_bank:llr_bank_inst|mem[49][40]                ;
; qc_ldpc_decoder_top:decoder|qc_llr_bank:llr_bank_inst|mem[49][44]               ; Merged with qc_ldpc_decoder_top:decoder|qc_llr_bank:llr_bank_inst|mem[49][40]                ;
; qc_ldpc_decoder_top:decoder|qc_llr_bank:llr_bank_inst|mem[49][46]               ; Merged with qc_ldpc_decoder_top:decoder|qc_llr_bank:llr_bank_inst|mem[49][40]                ;
; qc_ldpc_decoder_top:decoder|qc_llr_bank:llr_bank_inst|mem[50][41]               ; Merged with qc_ldpc_decoder_top:decoder|qc_llr_bank:llr_bank_inst|mem[50][40]                ;
; qc_ldpc_decoder_top:decoder|qc_llr_bank:llr_bank_inst|mem[50][42]               ; Merged with qc_ldpc_decoder_top:decoder|qc_llr_bank:llr_bank_inst|mem[50][40]                ;
; qc_ldpc_decoder_top:decoder|qc_llr_bank:llr_bank_inst|mem[50][43]               ; Merged with qc_ldpc_decoder_top:decoder|qc_llr_bank:llr_bank_inst|mem[50][40]                ;
; qc_ldpc_decoder_top:decoder|qc_llr_bank:llr_bank_inst|mem[50][44]               ; Merged with qc_ldpc_decoder_top:decoder|qc_llr_bank:llr_bank_inst|mem[50][40]                ;
; qc_ldpc_decoder_top:decoder|qc_llr_bank:llr_bank_inst|mem[50][46]               ; Merged with qc_ldpc_decoder_top:decoder|qc_llr_bank:llr_bank_inst|mem[50][40]                ;
; qc_ldpc_decoder_top:decoder|qc_llr_bank:llr_bank_inst|mem[51][41]               ; Merged with qc_ldpc_decoder_top:decoder|qc_llr_bank:llr_bank_inst|mem[51][40]                ;
; qc_ldpc_decoder_top:decoder|qc_llr_bank:llr_bank_inst|mem[51][42]               ; Merged with qc_ldpc_decoder_top:decoder|qc_llr_bank:llr_bank_inst|mem[51][40]                ;
; qc_ldpc_decoder_top:decoder|qc_llr_bank:llr_bank_inst|mem[51][43]               ; Merged with qc_ldpc_decoder_top:decoder|qc_llr_bank:llr_bank_inst|mem[51][40]                ;
; qc_ldpc_decoder_top:decoder|qc_llr_bank:llr_bank_inst|mem[51][44]               ; Merged with qc_ldpc_decoder_top:decoder|qc_llr_bank:llr_bank_inst|mem[51][40]                ;
; qc_ldpc_decoder_top:decoder|qc_llr_bank:llr_bank_inst|mem[51][46]               ; Merged with qc_ldpc_decoder_top:decoder|qc_llr_bank:llr_bank_inst|mem[51][40]                ;
; qc_ldpc_decoder_top:decoder|qc_llr_bank:llr_bank_inst|mem[52][41]               ; Merged with qc_ldpc_decoder_top:decoder|qc_llr_bank:llr_bank_inst|mem[52][40]                ;
; qc_ldpc_decoder_top:decoder|qc_llr_bank:llr_bank_inst|mem[52][42]               ; Merged with qc_ldpc_decoder_top:decoder|qc_llr_bank:llr_bank_inst|mem[52][40]                ;
; qc_ldpc_decoder_top:decoder|qc_llr_bank:llr_bank_inst|mem[52][43]               ; Merged with qc_ldpc_decoder_top:decoder|qc_llr_bank:llr_bank_inst|mem[52][40]                ;
; qc_ldpc_decoder_top:decoder|qc_llr_bank:llr_bank_inst|mem[52][44]               ; Merged with qc_ldpc_decoder_top:decoder|qc_llr_bank:llr_bank_inst|mem[52][40]                ;
; qc_ldpc_decoder_top:decoder|qc_llr_bank:llr_bank_inst|mem[52][46]               ; Merged with qc_ldpc_decoder_top:decoder|qc_llr_bank:llr_bank_inst|mem[52][40]                ;
; qc_ldpc_decoder_top:decoder|qc_llr_bank:llr_bank_inst|mem[53][41]               ; Merged with qc_ldpc_decoder_top:decoder|qc_llr_bank:llr_bank_inst|mem[53][40]                ;
; qc_ldpc_decoder_top:decoder|qc_llr_bank:llr_bank_inst|mem[53][42]               ; Merged with qc_ldpc_decoder_top:decoder|qc_llr_bank:llr_bank_inst|mem[53][40]                ;
; qc_ldpc_decoder_top:decoder|qc_llr_bank:llr_bank_inst|mem[53][43]               ; Merged with qc_ldpc_decoder_top:decoder|qc_llr_bank:llr_bank_inst|mem[53][40]                ;
; qc_ldpc_decoder_top:decoder|qc_llr_bank:llr_bank_inst|mem[53][44]               ; Merged with qc_ldpc_decoder_top:decoder|qc_llr_bank:llr_bank_inst|mem[53][40]                ;
; qc_ldpc_decoder_top:decoder|qc_llr_bank:llr_bank_inst|mem[53][46]               ; Merged with qc_ldpc_decoder_top:decoder|qc_llr_bank:llr_bank_inst|mem[53][40]                ;
; qc_ldpc_decoder_top:decoder|qc_llr_bank:llr_bank_inst|mem[54][41]               ; Merged with qc_ldpc_decoder_top:decoder|qc_llr_bank:llr_bank_inst|mem[54][40]                ;
; qc_ldpc_decoder_top:decoder|qc_llr_bank:llr_bank_inst|mem[54][42]               ; Merged with qc_ldpc_decoder_top:decoder|qc_llr_bank:llr_bank_inst|mem[54][40]                ;
; qc_ldpc_decoder_top:decoder|qc_llr_bank:llr_bank_inst|mem[54][43]               ; Merged with qc_ldpc_decoder_top:decoder|qc_llr_bank:llr_bank_inst|mem[54][40]                ;
; qc_ldpc_decoder_top:decoder|qc_llr_bank:llr_bank_inst|mem[54][44]               ; Merged with qc_ldpc_decoder_top:decoder|qc_llr_bank:llr_bank_inst|mem[54][40]                ;
; qc_ldpc_decoder_top:decoder|qc_llr_bank:llr_bank_inst|mem[54][46]               ; Merged with qc_ldpc_decoder_top:decoder|qc_llr_bank:llr_bank_inst|mem[54][40]                ;
; qc_ldpc_decoder_top:decoder|qc_llr_bank:llr_bank_inst|mem[55][41]               ; Merged with qc_ldpc_decoder_top:decoder|qc_llr_bank:llr_bank_inst|mem[55][40]                ;
; qc_ldpc_decoder_top:decoder|qc_llr_bank:llr_bank_inst|mem[55][42]               ; Merged with qc_ldpc_decoder_top:decoder|qc_llr_bank:llr_bank_inst|mem[55][40]                ;
; qc_ldpc_decoder_top:decoder|qc_llr_bank:llr_bank_inst|mem[55][43]               ; Merged with qc_ldpc_decoder_top:decoder|qc_llr_bank:llr_bank_inst|mem[55][40]                ;
; qc_ldpc_decoder_top:decoder|qc_llr_bank:llr_bank_inst|mem[55][44]               ; Merged with qc_ldpc_decoder_top:decoder|qc_llr_bank:llr_bank_inst|mem[55][40]                ;
; qc_ldpc_decoder_top:decoder|qc_llr_bank:llr_bank_inst|mem[55][46]               ; Merged with qc_ldpc_decoder_top:decoder|qc_llr_bank:llr_bank_inst|mem[55][40]                ;
; qc_ldpc_decoder_top:decoder|qc_llr_bank:llr_bank_inst|mem[56][41]               ; Merged with qc_ldpc_decoder_top:decoder|qc_llr_bank:llr_bank_inst|mem[56][40]                ;
; qc_ldpc_decoder_top:decoder|qc_llr_bank:llr_bank_inst|mem[56][42]               ; Merged with qc_ldpc_decoder_top:decoder|qc_llr_bank:llr_bank_inst|mem[56][40]                ;
; qc_ldpc_decoder_top:decoder|qc_llr_bank:llr_bank_inst|mem[56][43]               ; Merged with qc_ldpc_decoder_top:decoder|qc_llr_bank:llr_bank_inst|mem[56][40]                ;
; qc_ldpc_decoder_top:decoder|qc_llr_bank:llr_bank_inst|mem[56][44]               ; Merged with qc_ldpc_decoder_top:decoder|qc_llr_bank:llr_bank_inst|mem[56][40]                ;
; qc_ldpc_decoder_top:decoder|qc_llr_bank:llr_bank_inst|mem[56][46]               ; Merged with qc_ldpc_decoder_top:decoder|qc_llr_bank:llr_bank_inst|mem[56][40]                ;
; qc_ldpc_decoder_top:decoder|qc_llr_bank:llr_bank_inst|mem[57][41]               ; Merged with qc_ldpc_decoder_top:decoder|qc_llr_bank:llr_bank_inst|mem[57][40]                ;
; qc_ldpc_decoder_top:decoder|qc_llr_bank:llr_bank_inst|mem[57][42]               ; Merged with qc_ldpc_decoder_top:decoder|qc_llr_bank:llr_bank_inst|mem[57][40]                ;
; qc_ldpc_decoder_top:decoder|qc_llr_bank:llr_bank_inst|mem[57][43]               ; Merged with qc_ldpc_decoder_top:decoder|qc_llr_bank:llr_bank_inst|mem[57][40]                ;
; qc_ldpc_decoder_top:decoder|qc_llr_bank:llr_bank_inst|mem[57][44]               ; Merged with qc_ldpc_decoder_top:decoder|qc_llr_bank:llr_bank_inst|mem[57][40]                ;
; qc_ldpc_decoder_top:decoder|qc_llr_bank:llr_bank_inst|mem[57][46]               ; Merged with qc_ldpc_decoder_top:decoder|qc_llr_bank:llr_bank_inst|mem[57][40]                ;
; qc_ldpc_decoder_top:decoder|qc_llr_bank:llr_bank_inst|mem[58][41]               ; Merged with qc_ldpc_decoder_top:decoder|qc_llr_bank:llr_bank_inst|mem[58][40]                ;
; qc_ldpc_decoder_top:decoder|qc_llr_bank:llr_bank_inst|mem[58][42]               ; Merged with qc_ldpc_decoder_top:decoder|qc_llr_bank:llr_bank_inst|mem[58][40]                ;
; qc_ldpc_decoder_top:decoder|qc_llr_bank:llr_bank_inst|mem[58][43]               ; Merged with qc_ldpc_decoder_top:decoder|qc_llr_bank:llr_bank_inst|mem[58][40]                ;
; qc_ldpc_decoder_top:decoder|qc_llr_bank:llr_bank_inst|mem[58][44]               ; Merged with qc_ldpc_decoder_top:decoder|qc_llr_bank:llr_bank_inst|mem[58][40]                ;
; qc_ldpc_decoder_top:decoder|qc_llr_bank:llr_bank_inst|mem[58][46]               ; Merged with qc_ldpc_decoder_top:decoder|qc_llr_bank:llr_bank_inst|mem[58][40]                ;
; qc_ldpc_decoder_top:decoder|qc_llr_bank:llr_bank_inst|mem[59][41]               ; Merged with qc_ldpc_decoder_top:decoder|qc_llr_bank:llr_bank_inst|mem[59][40]                ;
; qc_ldpc_decoder_top:decoder|qc_llr_bank:llr_bank_inst|mem[59][42]               ; Merged with qc_ldpc_decoder_top:decoder|qc_llr_bank:llr_bank_inst|mem[59][40]                ;
; qc_ldpc_decoder_top:decoder|qc_llr_bank:llr_bank_inst|mem[59][43]               ; Merged with qc_ldpc_decoder_top:decoder|qc_llr_bank:llr_bank_inst|mem[59][40]                ;
; qc_ldpc_decoder_top:decoder|qc_llr_bank:llr_bank_inst|mem[59][44]               ; Merged with qc_ldpc_decoder_top:decoder|qc_llr_bank:llr_bank_inst|mem[59][40]                ;
; qc_ldpc_decoder_top:decoder|qc_llr_bank:llr_bank_inst|mem[59][46]               ; Merged with qc_ldpc_decoder_top:decoder|qc_llr_bank:llr_bank_inst|mem[59][40]                ;
; qc_ldpc_decoder_top:decoder|qc_llr_bank:llr_bank_inst|mem[60][41]               ; Merged with qc_ldpc_decoder_top:decoder|qc_llr_bank:llr_bank_inst|mem[60][40]                ;
; qc_ldpc_decoder_top:decoder|qc_llr_bank:llr_bank_inst|mem[60][42]               ; Merged with qc_ldpc_decoder_top:decoder|qc_llr_bank:llr_bank_inst|mem[60][40]                ;
; qc_ldpc_decoder_top:decoder|qc_llr_bank:llr_bank_inst|mem[60][43]               ; Merged with qc_ldpc_decoder_top:decoder|qc_llr_bank:llr_bank_inst|mem[60][40]                ;
; qc_ldpc_decoder_top:decoder|qc_llr_bank:llr_bank_inst|mem[60][44]               ; Merged with qc_ldpc_decoder_top:decoder|qc_llr_bank:llr_bank_inst|mem[60][40]                ;
; qc_ldpc_decoder_top:decoder|qc_llr_bank:llr_bank_inst|mem[60][46]               ; Merged with qc_ldpc_decoder_top:decoder|qc_llr_bank:llr_bank_inst|mem[60][40]                ;
; qc_ldpc_decoder_top:decoder|qc_llr_bank:llr_bank_inst|mem[61][41]               ; Merged with qc_ldpc_decoder_top:decoder|qc_llr_bank:llr_bank_inst|mem[61][40]                ;
; qc_ldpc_decoder_top:decoder|qc_llr_bank:llr_bank_inst|mem[61][42]               ; Merged with qc_ldpc_decoder_top:decoder|qc_llr_bank:llr_bank_inst|mem[61][40]                ;
; qc_ldpc_decoder_top:decoder|qc_llr_bank:llr_bank_inst|mem[61][43]               ; Merged with qc_ldpc_decoder_top:decoder|qc_llr_bank:llr_bank_inst|mem[61][40]                ;
; qc_ldpc_decoder_top:decoder|qc_llr_bank:llr_bank_inst|mem[61][44]               ; Merged with qc_ldpc_decoder_top:decoder|qc_llr_bank:llr_bank_inst|mem[61][40]                ;
; qc_ldpc_decoder_top:decoder|qc_llr_bank:llr_bank_inst|mem[61][46]               ; Merged with qc_ldpc_decoder_top:decoder|qc_llr_bank:llr_bank_inst|mem[61][40]                ;
; qc_ldpc_decoder_top:decoder|qc_llr_bank:llr_bank_inst|mem[62][41]               ; Merged with qc_ldpc_decoder_top:decoder|qc_llr_bank:llr_bank_inst|mem[62][40]                ;
; qc_ldpc_decoder_top:decoder|qc_llr_bank:llr_bank_inst|mem[62][42]               ; Merged with qc_ldpc_decoder_top:decoder|qc_llr_bank:llr_bank_inst|mem[62][40]                ;
; qc_ldpc_decoder_top:decoder|qc_llr_bank:llr_bank_inst|mem[62][43]               ; Merged with qc_ldpc_decoder_top:decoder|qc_llr_bank:llr_bank_inst|mem[62][40]                ;
; qc_ldpc_decoder_top:decoder|qc_llr_bank:llr_bank_inst|mem[62][44]               ; Merged with qc_ldpc_decoder_top:decoder|qc_llr_bank:llr_bank_inst|mem[62][40]                ;
; qc_ldpc_decoder_top:decoder|qc_llr_bank:llr_bank_inst|mem[62][46]               ; Merged with qc_ldpc_decoder_top:decoder|qc_llr_bank:llr_bank_inst|mem[62][40]                ;
; qc_ldpc_decoder_top:decoder|qc_llr_bank:llr_bank_inst|mem[63][41]               ; Merged with qc_ldpc_decoder_top:decoder|qc_llr_bank:llr_bank_inst|mem[63][40]                ;
; qc_ldpc_decoder_top:decoder|qc_llr_bank:llr_bank_inst|mem[63][42]               ; Merged with qc_ldpc_decoder_top:decoder|qc_llr_bank:llr_bank_inst|mem[63][40]                ;
; qc_ldpc_decoder_top:decoder|qc_llr_bank:llr_bank_inst|mem[63][43]               ; Merged with qc_ldpc_decoder_top:decoder|qc_llr_bank:llr_bank_inst|mem[63][40]                ;
; qc_ldpc_decoder_top:decoder|qc_llr_bank:llr_bank_inst|mem[63][44]               ; Merged with qc_ldpc_decoder_top:decoder|qc_llr_bank:llr_bank_inst|mem[63][40]                ;
; qc_ldpc_decoder_top:decoder|qc_llr_bank:llr_bank_inst|mem[63][46]               ; Merged with qc_ldpc_decoder_top:decoder|qc_llr_bank:llr_bank_inst|mem[63][40]                ;
; qc_ldpc_decoder_top:decoder|qc_iteration_controller:ctrl_inst|vn_rom_addr[0]    ; Merged with qc_ldpc_decoder_top:decoder|qc_iteration_controller:ctrl_inst|vn_cn_slot_addr[0] ;
; qc_ldpc_decoder_top:decoder|qc_iteration_controller:ctrl_inst|vn_rom_addr[1]    ; Merged with qc_ldpc_decoder_top:decoder|qc_iteration_controller:ctrl_inst|vn_cn_slot_addr[1] ;
; qc_ldpc_decoder_top:decoder|qc_iteration_controller:ctrl_inst|vn_rom_addr[2]    ; Merged with qc_ldpc_decoder_top:decoder|qc_iteration_controller:ctrl_inst|vn_cn_slot_addr[2] ;
; qc_ldpc_decoder_top:decoder|qc_iteration_controller:ctrl_inst|vn_rom_addr[3]    ; Merged with qc_ldpc_decoder_top:decoder|qc_iteration_controller:ctrl_inst|vn_cn_slot_addr[3] ;
; qc_ldpc_decoder_top:decoder|qc_iteration_controller:ctrl_inst|vn_rom_addr[4]    ; Merged with qc_ldpc_decoder_top:decoder|qc_iteration_controller:ctrl_inst|vn_cn_slot_addr[4] ;
; qc_ldpc_decoder_top:decoder|qc_iteration_controller:ctrl_inst|vn_rom_addr[5]    ; Merged with qc_ldpc_decoder_top:decoder|qc_iteration_controller:ctrl_inst|vn_cn_slot_addr[5] ;
; qc_ldpc_decoder_top:decoder|qc_iteration_controller:ctrl_inst|vn_rom_addr[6]    ; Merged with qc_ldpc_decoder_top:decoder|qc_iteration_controller:ctrl_inst|vn_cn_slot_addr[6] ;
; qc_ldpc_decoder_top:decoder|qc_iteration_controller:ctrl_inst|vn_rom_addr[7]    ; Merged with qc_ldpc_decoder_top:decoder|qc_iteration_controller:ctrl_inst|vn_cn_slot_addr[7] ;
; qc_ldpc_decoder_top:decoder|qc_llr_bank:llr_bank_inst|rd_data[0][0]             ; Stuck at GND due to stuck port data_in                                                       ;
; qc_ldpc_decoder_top:decoder|qc_iteration_controller:ctrl_inst|llr_buf[0][0]     ; Stuck at GND due to stuck port data_in                                                       ;
; qc_ldpc_decoder_top:decoder|qc_llr_bank:llr_bank_inst|mem[63][5]                ; Stuck at VCC due to stuck port data_in                                                       ;
; qc_ldpc_decoder_top:decoder|qc_llr_bank:llr_bank_inst|mem[63][1]                ; Stuck at GND due to stuck port data_in                                                       ;
; qc_ldpc_decoder_top:decoder|qc_llr_bank:llr_bank_inst|mem[63][10]               ; Stuck at GND due to stuck port data_in                                                       ;
; qc_ldpc_decoder_top:decoder|qc_llr_bank:llr_bank_inst|mem[63][13]               ; Stuck at VCC due to stuck port data_in                                                       ;
; qc_ldpc_decoder_top:decoder|qc_llr_bank:llr_bank_inst|mem[63][15]               ; Stuck at GND due to stuck port data_in                                                       ;
; qc_ldpc_decoder_top:decoder|qc_llr_bank:llr_bank_inst|mem[63][16]               ; Stuck at GND due to stuck port data_in                                                       ;
; qc_ldpc_decoder_top:decoder|qc_llr_bank:llr_bank_inst|mem[63][21]               ; Stuck at VCC due to stuck port data_in                                                       ;
; qc_ldpc_decoder_top:decoder|qc_llr_bank:llr_bank_inst|mem[63][23]               ; Stuck at GND due to stuck port data_in                                                       ;
; qc_ldpc_decoder_top:decoder|qc_llr_bank:llr_bank_inst|mem[63][24]               ; Stuck at GND due to stuck port data_in                                                       ;
; qc_ldpc_decoder_top:decoder|qc_llr_bank:llr_bank_inst|mem[63][29]               ; Stuck at VCC due to stuck port data_in                                                       ;
; qc_ldpc_decoder_top:decoder|qc_llr_bank:llr_bank_inst|mem[63][31]               ; Stuck at GND due to stuck port data_in                                                       ;
; qc_ldpc_decoder_top:decoder|qc_llr_bank:llr_bank_inst|mem[63][32]               ; Stuck at GND due to stuck port data_in                                                       ;
; qc_ldpc_decoder_top:decoder|qc_llr_bank:llr_bank_inst|mem[63][37]               ; Stuck at VCC due to stuck port data_in                                                       ;
; qc_ldpc_decoder_top:decoder|qc_llr_bank:llr_bank_inst|mem[63][39]               ; Stuck at GND due to stuck port data_in                                                       ;
; qc_ldpc_decoder_top:decoder|qc_llr_bank:llr_bank_inst|mem[63][40]               ; Stuck at GND due to stuck port data_in                                                       ;
; qc_ldpc_decoder_top:decoder|qc_llr_bank:llr_bank_inst|mem[63][45]               ; Stuck at VCC due to stuck port data_in                                                       ;
; qc_ldpc_decoder_top:decoder|qc_llr_bank:llr_bank_inst|mem[63][47]               ; Stuck at GND due to stuck port data_in                                                       ;
; qc_ldpc_decoder_top:decoder|qc_llr_bank:llr_bank_inst|mem[63][48]               ; Stuck at GND due to stuck port data_in                                                       ;
; qc_ldpc_decoder_top:decoder|qc_llr_bank:llr_bank_inst|mem[63][53]               ; Stuck at VCC due to stuck port data_in                                                       ;
; qc_ldpc_decoder_top:decoder|qc_llr_bank:llr_bank_inst|mem[63][55]               ; Stuck at GND due to stuck port data_in                                                       ;
; qc_ldpc_decoder_top:decoder|qc_llr_bank:llr_bank_inst|mem[63][56]               ; Stuck at GND due to stuck port data_in                                                       ;
; qc_ldpc_decoder_top:decoder|qc_llr_bank:llr_bank_inst|mem[63][61]               ; Stuck at VCC due to stuck port data_in                                                       ;
; qc_ldpc_decoder_top:decoder|qc_llr_bank:llr_bank_inst|mem[63][63]               ; Stuck at GND due to stuck port data_in                                                       ;
; qc_ldpc_decoder_top:decoder|qc_llr_bank:llr_bank_inst|mem[62][1]                ; Stuck at GND due to stuck port data_in                                                       ;
; qc_ldpc_decoder_top:decoder|qc_llr_bank:llr_bank_inst|mem[62][5]                ; Stuck at VCC due to stuck port data_in                                                       ;
; qc_ldpc_decoder_top:decoder|qc_llr_bank:llr_bank_inst|mem[62][10]               ; Stuck at GND due to stuck port data_in                                                       ;
; qc_ldpc_decoder_top:decoder|qc_llr_bank:llr_bank_inst|mem[62][13]               ; Stuck at VCC due to stuck port data_in                                                       ;
; qc_ldpc_decoder_top:decoder|qc_llr_bank:llr_bank_inst|mem[62][15]               ; Stuck at GND due to stuck port data_in                                                       ;
; qc_ldpc_decoder_top:decoder|qc_llr_bank:llr_bank_inst|mem[62][16]               ; Stuck at GND due to stuck port data_in                                                       ;
; qc_ldpc_decoder_top:decoder|qc_llr_bank:llr_bank_inst|mem[62][21]               ; Stuck at VCC due to stuck port data_in                                                       ;
; qc_ldpc_decoder_top:decoder|qc_llr_bank:llr_bank_inst|mem[62][23]               ; Stuck at GND due to stuck port data_in                                                       ;
; qc_ldpc_decoder_top:decoder|qc_llr_bank:llr_bank_inst|mem[62][24]               ; Stuck at GND due to stuck port data_in                                                       ;
; qc_ldpc_decoder_top:decoder|qc_llr_bank:llr_bank_inst|mem[62][29]               ; Stuck at VCC due to stuck port data_in                                                       ;
; qc_ldpc_decoder_top:decoder|qc_llr_bank:llr_bank_inst|mem[62][31]               ; Stuck at GND due to stuck port data_in                                                       ;
; qc_ldpc_decoder_top:decoder|qc_llr_bank:llr_bank_inst|mem[62][32]               ; Stuck at GND due to stuck port data_in                                                       ;
; qc_ldpc_decoder_top:decoder|qc_llr_bank:llr_bank_inst|mem[62][37]               ; Stuck at VCC due to stuck port data_in                                                       ;
; qc_ldpc_decoder_top:decoder|qc_llr_bank:llr_bank_inst|mem[62][39]               ; Stuck at GND due to stuck port data_in                                                       ;
; qc_ldpc_decoder_top:decoder|qc_llr_bank:llr_bank_inst|mem[62][40]               ; Stuck at GND due to stuck port data_in                                                       ;
; qc_ldpc_decoder_top:decoder|qc_llr_bank:llr_bank_inst|mem[62][45]               ; Stuck at VCC due to stuck port data_in                                                       ;
; qc_ldpc_decoder_top:decoder|qc_llr_bank:llr_bank_inst|mem[62][47]               ; Stuck at GND due to stuck port data_in                                                       ;
; qc_ldpc_decoder_top:decoder|qc_llr_bank:llr_bank_inst|mem[62][48]               ; Stuck at GND due to stuck port data_in                                                       ;
; qc_ldpc_decoder_top:decoder|qc_llr_bank:llr_bank_inst|mem[62][53]               ; Stuck at VCC due to stuck port data_in                                                       ;
; qc_ldpc_decoder_top:decoder|qc_llr_bank:llr_bank_inst|mem[62][55]               ; Stuck at GND due to stuck port data_in                                                       ;
; qc_ldpc_decoder_top:decoder|qc_llr_bank:llr_bank_inst|mem[62][56]               ; Stuck at GND due to stuck port data_in                                                       ;
; qc_ldpc_decoder_top:decoder|qc_llr_bank:llr_bank_inst|mem[62][61]               ; Stuck at VCC due to stuck port data_in                                                       ;
; qc_ldpc_decoder_top:decoder|qc_llr_bank:llr_bank_inst|mem[62][63]               ; Stuck at GND due to stuck port data_in                                                       ;
; qc_ldpc_decoder_top:decoder|qc_llr_bank:llr_bank_inst|mem[61][1]                ; Stuck at GND due to stuck port data_in                                                       ;
; qc_ldpc_decoder_top:decoder|qc_llr_bank:llr_bank_inst|mem[61][5]                ; Stuck at VCC due to stuck port data_in                                                       ;
; qc_ldpc_decoder_top:decoder|qc_llr_bank:llr_bank_inst|mem[61][10]               ; Stuck at GND due to stuck port data_in                                                       ;
; qc_ldpc_decoder_top:decoder|qc_llr_bank:llr_bank_inst|mem[61][13]               ; Stuck at VCC due to stuck port data_in                                                       ;
; qc_ldpc_decoder_top:decoder|qc_llr_bank:llr_bank_inst|mem[61][15]               ; Stuck at GND due to stuck port data_in                                                       ;
; qc_ldpc_decoder_top:decoder|qc_llr_bank:llr_bank_inst|mem[61][16]               ; Stuck at GND due to stuck port data_in                                                       ;
; qc_ldpc_decoder_top:decoder|qc_llr_bank:llr_bank_inst|mem[61][21]               ; Stuck at VCC due to stuck port data_in                                                       ;
; qc_ldpc_decoder_top:decoder|qc_llr_bank:llr_bank_inst|mem[61][23]               ; Stuck at GND due to stuck port data_in                                                       ;
; qc_ldpc_decoder_top:decoder|qc_llr_bank:llr_bank_inst|mem[61][24]               ; Stuck at GND due to stuck port data_in                                                       ;
; qc_ldpc_decoder_top:decoder|qc_llr_bank:llr_bank_inst|mem[61][29]               ; Stuck at VCC due to stuck port data_in                                                       ;
; qc_ldpc_decoder_top:decoder|qc_llr_bank:llr_bank_inst|mem[61][31]               ; Stuck at GND due to stuck port data_in                                                       ;
; qc_ldpc_decoder_top:decoder|qc_llr_bank:llr_bank_inst|mem[61][32]               ; Stuck at GND due to stuck port data_in                                                       ;
; qc_ldpc_decoder_top:decoder|qc_llr_bank:llr_bank_inst|mem[61][37]               ; Stuck at VCC due to stuck port data_in                                                       ;
; qc_ldpc_decoder_top:decoder|qc_llr_bank:llr_bank_inst|mem[61][39]               ; Stuck at GND due to stuck port data_in                                                       ;
; qc_ldpc_decoder_top:decoder|qc_llr_bank:llr_bank_inst|mem[61][40]               ; Stuck at GND due to stuck port data_in                                                       ;
; qc_ldpc_decoder_top:decoder|qc_llr_bank:llr_bank_inst|mem[61][45]               ; Stuck at VCC due to stuck port data_in                                                       ;
; qc_ldpc_decoder_top:decoder|qc_llr_bank:llr_bank_inst|mem[61][47]               ; Stuck at GND due to stuck port data_in                                                       ;
; qc_ldpc_decoder_top:decoder|qc_llr_bank:llr_bank_inst|mem[61][48]               ; Stuck at GND due to stuck port data_in                                                       ;
; qc_ldpc_decoder_top:decoder|qc_llr_bank:llr_bank_inst|mem[61][53]               ; Stuck at VCC due to stuck port data_in                                                       ;
; qc_ldpc_decoder_top:decoder|qc_llr_bank:llr_bank_inst|mem[61][55]               ; Stuck at GND due to stuck port data_in                                                       ;
; qc_ldpc_decoder_top:decoder|qc_llr_bank:llr_bank_inst|mem[61][56]               ; Stuck at GND due to stuck port data_in                                                       ;
; qc_ldpc_decoder_top:decoder|qc_llr_bank:llr_bank_inst|mem[61][61]               ; Stuck at VCC due to stuck port data_in                                                       ;
; qc_ldpc_decoder_top:decoder|qc_llr_bank:llr_bank_inst|mem[61][63]               ; Stuck at GND due to stuck port data_in                                                       ;
; qc_ldpc_decoder_top:decoder|qc_llr_bank:llr_bank_inst|mem[60][1]                ; Stuck at GND due to stuck port data_in                                                       ;
; qc_ldpc_decoder_top:decoder|qc_llr_bank:llr_bank_inst|mem[60][5]                ; Stuck at VCC due to stuck port data_in                                                       ;
; qc_ldpc_decoder_top:decoder|qc_llr_bank:llr_bank_inst|mem[60][10]               ; Stuck at GND due to stuck port data_in                                                       ;
; qc_ldpc_decoder_top:decoder|qc_llr_bank:llr_bank_inst|mem[60][13]               ; Stuck at VCC due to stuck port data_in                                                       ;
; qc_ldpc_decoder_top:decoder|qc_llr_bank:llr_bank_inst|mem[60][15]               ; Stuck at GND due to stuck port data_in                                                       ;
; qc_ldpc_decoder_top:decoder|qc_llr_bank:llr_bank_inst|mem[60][16]               ; Stuck at GND due to stuck port data_in                                                       ;
; qc_ldpc_decoder_top:decoder|qc_llr_bank:llr_bank_inst|mem[60][21]               ; Stuck at VCC due to stuck port data_in                                                       ;
; qc_ldpc_decoder_top:decoder|qc_llr_bank:llr_bank_inst|mem[60][23]               ; Stuck at GND due to stuck port data_in                                                       ;
; qc_ldpc_decoder_top:decoder|qc_llr_bank:llr_bank_inst|mem[60][24]               ; Stuck at GND due to stuck port data_in                                                       ;
; qc_ldpc_decoder_top:decoder|qc_llr_bank:llr_bank_inst|mem[60][29]               ; Stuck at VCC due to stuck port data_in                                                       ;
; qc_ldpc_decoder_top:decoder|qc_llr_bank:llr_bank_inst|mem[60][31]               ; Stuck at GND due to stuck port data_in                                                       ;
; qc_ldpc_decoder_top:decoder|qc_llr_bank:llr_bank_inst|mem[60][32]               ; Stuck at GND due to stuck port data_in                                                       ;
; qc_ldpc_decoder_top:decoder|qc_llr_bank:llr_bank_inst|mem[60][37]               ; Stuck at VCC due to stuck port data_in                                                       ;
; qc_ldpc_decoder_top:decoder|qc_llr_bank:llr_bank_inst|mem[60][39]               ; Stuck at GND due to stuck port data_in                                                       ;
; qc_ldpc_decoder_top:decoder|qc_llr_bank:llr_bank_inst|mem[60][40]               ; Stuck at GND due to stuck port data_in                                                       ;
; qc_ldpc_decoder_top:decoder|qc_llr_bank:llr_bank_inst|mem[60][45]               ; Stuck at VCC due to stuck port data_in                                                       ;
; qc_ldpc_decoder_top:decoder|qc_llr_bank:llr_bank_inst|mem[60][47]               ; Stuck at GND due to stuck port data_in                                                       ;
; qc_ldpc_decoder_top:decoder|qc_llr_bank:llr_bank_inst|mem[60][48]               ; Stuck at GND due to stuck port data_in                                                       ;
; qc_ldpc_decoder_top:decoder|qc_llr_bank:llr_bank_inst|mem[60][53]               ; Stuck at VCC due to stuck port data_in                                                       ;
; qc_ldpc_decoder_top:decoder|qc_llr_bank:llr_bank_inst|mem[60][55]               ; Stuck at GND due to stuck port data_in                                                       ;
; qc_ldpc_decoder_top:decoder|qc_llr_bank:llr_bank_inst|mem[60][56]               ; Stuck at GND due to stuck port data_in                                                       ;
; qc_ldpc_decoder_top:decoder|qc_llr_bank:llr_bank_inst|mem[60][61]               ; Stuck at VCC due to stuck port data_in                                                       ;
; qc_ldpc_decoder_top:decoder|qc_llr_bank:llr_bank_inst|mem[60][63]               ; Stuck at GND due to stuck port data_in                                                       ;
; qc_ldpc_decoder_top:decoder|qc_llr_bank:llr_bank_inst|mem[59][1]                ; Stuck at GND due to stuck port data_in                                                       ;
; qc_ldpc_decoder_top:decoder|qc_llr_bank:llr_bank_inst|mem[59][5]                ; Stuck at VCC due to stuck port data_in                                                       ;
; qc_ldpc_decoder_top:decoder|qc_llr_bank:llr_bank_inst|mem[59][10]               ; Stuck at GND due to stuck port data_in                                                       ;
; qc_ldpc_decoder_top:decoder|qc_llr_bank:llr_bank_inst|mem[59][13]               ; Stuck at VCC due to stuck port data_in                                                       ;
; qc_ldpc_decoder_top:decoder|qc_llr_bank:llr_bank_inst|mem[59][15]               ; Stuck at GND due to stuck port data_in                                                       ;
; qc_ldpc_decoder_top:decoder|qc_llr_bank:llr_bank_inst|mem[59][16]               ; Stuck at GND due to stuck port data_in                                                       ;
; qc_ldpc_decoder_top:decoder|qc_llr_bank:llr_bank_inst|mem[59][21]               ; Stuck at VCC due to stuck port data_in                                                       ;
; qc_ldpc_decoder_top:decoder|qc_llr_bank:llr_bank_inst|mem[59][23]               ; Stuck at GND due to stuck port data_in                                                       ;
; qc_ldpc_decoder_top:decoder|qc_llr_bank:llr_bank_inst|mem[59][24]               ; Stuck at GND due to stuck port data_in                                                       ;
; qc_ldpc_decoder_top:decoder|qc_llr_bank:llr_bank_inst|mem[59][29]               ; Stuck at VCC due to stuck port data_in                                                       ;
; qc_ldpc_decoder_top:decoder|qc_llr_bank:llr_bank_inst|mem[59][31]               ; Stuck at GND due to stuck port data_in                                                       ;
; qc_ldpc_decoder_top:decoder|qc_llr_bank:llr_bank_inst|mem[59][32]               ; Stuck at GND due to stuck port data_in                                                       ;
; qc_ldpc_decoder_top:decoder|qc_llr_bank:llr_bank_inst|mem[59][37]               ; Stuck at VCC due to stuck port data_in                                                       ;
; qc_ldpc_decoder_top:decoder|qc_llr_bank:llr_bank_inst|mem[59][39]               ; Stuck at GND due to stuck port data_in                                                       ;
; qc_ldpc_decoder_top:decoder|qc_llr_bank:llr_bank_inst|mem[59][40]               ; Stuck at GND due to stuck port data_in                                                       ;
; qc_ldpc_decoder_top:decoder|qc_llr_bank:llr_bank_inst|mem[59][45]               ; Stuck at VCC due to stuck port data_in                                                       ;
; qc_ldpc_decoder_top:decoder|qc_llr_bank:llr_bank_inst|mem[59][47]               ; Stuck at GND due to stuck port data_in                                                       ;
; qc_ldpc_decoder_top:decoder|qc_llr_bank:llr_bank_inst|mem[59][48]               ; Stuck at GND due to stuck port data_in                                                       ;
; qc_ldpc_decoder_top:decoder|qc_llr_bank:llr_bank_inst|mem[59][53]               ; Stuck at VCC due to stuck port data_in                                                       ;
; qc_ldpc_decoder_top:decoder|qc_llr_bank:llr_bank_inst|mem[59][55]               ; Stuck at GND due to stuck port data_in                                                       ;
; qc_ldpc_decoder_top:decoder|qc_llr_bank:llr_bank_inst|mem[59][56]               ; Stuck at GND due to stuck port data_in                                                       ;
; qc_ldpc_decoder_top:decoder|qc_llr_bank:llr_bank_inst|mem[59][61]               ; Stuck at VCC due to stuck port data_in                                                       ;
; qc_ldpc_decoder_top:decoder|qc_llr_bank:llr_bank_inst|mem[59][63]               ; Stuck at GND due to stuck port data_in                                                       ;
; qc_ldpc_decoder_top:decoder|qc_llr_bank:llr_bank_inst|mem[58][1]                ; Stuck at GND due to stuck port data_in                                                       ;
; qc_ldpc_decoder_top:decoder|qc_llr_bank:llr_bank_inst|mem[58][5]                ; Stuck at VCC due to stuck port data_in                                                       ;
; qc_ldpc_decoder_top:decoder|qc_llr_bank:llr_bank_inst|mem[58][10]               ; Stuck at GND due to stuck port data_in                                                       ;
; qc_ldpc_decoder_top:decoder|qc_llr_bank:llr_bank_inst|mem[58][13]               ; Stuck at VCC due to stuck port data_in                                                       ;
; qc_ldpc_decoder_top:decoder|qc_llr_bank:llr_bank_inst|mem[58][15]               ; Stuck at GND due to stuck port data_in                                                       ;
; qc_ldpc_decoder_top:decoder|qc_llr_bank:llr_bank_inst|mem[58][16]               ; Stuck at GND due to stuck port data_in                                                       ;
; qc_ldpc_decoder_top:decoder|qc_llr_bank:llr_bank_inst|mem[58][21]               ; Stuck at VCC due to stuck port data_in                                                       ;
; qc_ldpc_decoder_top:decoder|qc_llr_bank:llr_bank_inst|mem[58][23]               ; Stuck at GND due to stuck port data_in                                                       ;
; qc_ldpc_decoder_top:decoder|qc_llr_bank:llr_bank_inst|mem[58][24]               ; Stuck at GND due to stuck port data_in                                                       ;
; qc_ldpc_decoder_top:decoder|qc_llr_bank:llr_bank_inst|mem[58][29]               ; Stuck at VCC due to stuck port data_in                                                       ;
; qc_ldpc_decoder_top:decoder|qc_llr_bank:llr_bank_inst|mem[58][31]               ; Stuck at GND due to stuck port data_in                                                       ;
; qc_ldpc_decoder_top:decoder|qc_llr_bank:llr_bank_inst|mem[58][32]               ; Stuck at GND due to stuck port data_in                                                       ;
; qc_ldpc_decoder_top:decoder|qc_llr_bank:llr_bank_inst|mem[58][37]               ; Stuck at VCC due to stuck port data_in                                                       ;
; qc_ldpc_decoder_top:decoder|qc_llr_bank:llr_bank_inst|mem[58][39]               ; Stuck at GND due to stuck port data_in                                                       ;
; qc_ldpc_decoder_top:decoder|qc_llr_bank:llr_bank_inst|mem[58][40]               ; Stuck at GND due to stuck port data_in                                                       ;
; qc_ldpc_decoder_top:decoder|qc_llr_bank:llr_bank_inst|mem[58][45]               ; Stuck at VCC due to stuck port data_in                                                       ;
; qc_ldpc_decoder_top:decoder|qc_llr_bank:llr_bank_inst|mem[58][47]               ; Stuck at GND due to stuck port data_in                                                       ;
; qc_ldpc_decoder_top:decoder|qc_llr_bank:llr_bank_inst|mem[58][48]               ; Stuck at GND due to stuck port data_in                                                       ;
; qc_ldpc_decoder_top:decoder|qc_llr_bank:llr_bank_inst|mem[58][53]               ; Stuck at VCC due to stuck port data_in                                                       ;
; qc_ldpc_decoder_top:decoder|qc_llr_bank:llr_bank_inst|mem[58][55]               ; Stuck at GND due to stuck port data_in                                                       ;
; qc_ldpc_decoder_top:decoder|qc_llr_bank:llr_bank_inst|mem[58][56]               ; Stuck at GND due to stuck port data_in                                                       ;
; qc_ldpc_decoder_top:decoder|qc_llr_bank:llr_bank_inst|mem[58][61]               ; Stuck at VCC due to stuck port data_in                                                       ;
; qc_ldpc_decoder_top:decoder|qc_llr_bank:llr_bank_inst|mem[58][63]               ; Stuck at GND due to stuck port data_in                                                       ;
; qc_ldpc_decoder_top:decoder|qc_llr_bank:llr_bank_inst|mem[57][1]                ; Stuck at GND due to stuck port data_in                                                       ;
; qc_ldpc_decoder_top:decoder|qc_llr_bank:llr_bank_inst|mem[57][5]                ; Stuck at VCC due to stuck port data_in                                                       ;
; qc_ldpc_decoder_top:decoder|qc_llr_bank:llr_bank_inst|mem[57][10]               ; Stuck at GND due to stuck port data_in                                                       ;
; qc_ldpc_decoder_top:decoder|qc_llr_bank:llr_bank_inst|mem[57][13]               ; Stuck at VCC due to stuck port data_in                                                       ;
; qc_ldpc_decoder_top:decoder|qc_llr_bank:llr_bank_inst|mem[57][15]               ; Stuck at GND due to stuck port data_in                                                       ;
; qc_ldpc_decoder_top:decoder|qc_llr_bank:llr_bank_inst|mem[57][16]               ; Stuck at GND due to stuck port data_in                                                       ;
; qc_ldpc_decoder_top:decoder|qc_llr_bank:llr_bank_inst|mem[57][21]               ; Stuck at VCC due to stuck port data_in                                                       ;
; qc_ldpc_decoder_top:decoder|qc_llr_bank:llr_bank_inst|mem[57][23]               ; Stuck at GND due to stuck port data_in                                                       ;
; qc_ldpc_decoder_top:decoder|qc_llr_bank:llr_bank_inst|mem[57][24]               ; Stuck at GND due to stuck port data_in                                                       ;
; qc_ldpc_decoder_top:decoder|qc_llr_bank:llr_bank_inst|mem[57][29]               ; Stuck at VCC due to stuck port data_in                                                       ;
; qc_ldpc_decoder_top:decoder|qc_llr_bank:llr_bank_inst|mem[57][31]               ; Stuck at GND due to stuck port data_in                                                       ;
; qc_ldpc_decoder_top:decoder|qc_llr_bank:llr_bank_inst|mem[57][32]               ; Stuck at GND due to stuck port data_in                                                       ;
; qc_ldpc_decoder_top:decoder|qc_llr_bank:llr_bank_inst|mem[57][37]               ; Stuck at VCC due to stuck port data_in                                                       ;
; qc_ldpc_decoder_top:decoder|qc_llr_bank:llr_bank_inst|mem[57][39]               ; Stuck at GND due to stuck port data_in                                                       ;
; qc_ldpc_decoder_top:decoder|qc_llr_bank:llr_bank_inst|mem[57][40]               ; Stuck at GND due to stuck port data_in                                                       ;
; qc_ldpc_decoder_top:decoder|qc_llr_bank:llr_bank_inst|mem[57][45]               ; Stuck at VCC due to stuck port data_in                                                       ;
; qc_ldpc_decoder_top:decoder|qc_llr_bank:llr_bank_inst|mem[57][47]               ; Stuck at GND due to stuck port data_in                                                       ;
; qc_ldpc_decoder_top:decoder|qc_llr_bank:llr_bank_inst|mem[57][48]               ; Stuck at GND due to stuck port data_in                                                       ;
; qc_ldpc_decoder_top:decoder|qc_llr_bank:llr_bank_inst|mem[57][53]               ; Stuck at VCC due to stuck port data_in                                                       ;
; qc_ldpc_decoder_top:decoder|qc_llr_bank:llr_bank_inst|mem[57][55]               ; Stuck at GND due to stuck port data_in                                                       ;
; qc_ldpc_decoder_top:decoder|qc_llr_bank:llr_bank_inst|mem[57][56]               ; Stuck at GND due to stuck port data_in                                                       ;
; qc_ldpc_decoder_top:decoder|qc_llr_bank:llr_bank_inst|mem[57][61]               ; Stuck at VCC due to stuck port data_in                                                       ;
; qc_ldpc_decoder_top:decoder|qc_llr_bank:llr_bank_inst|mem[57][63]               ; Stuck at GND due to stuck port data_in                                                       ;
; qc_ldpc_decoder_top:decoder|qc_llr_bank:llr_bank_inst|mem[56][1]                ; Stuck at GND due to stuck port data_in                                                       ;
; qc_ldpc_decoder_top:decoder|qc_llr_bank:llr_bank_inst|mem[56][5]                ; Stuck at VCC due to stuck port data_in                                                       ;
; qc_ldpc_decoder_top:decoder|qc_llr_bank:llr_bank_inst|mem[56][10]               ; Stuck at GND due to stuck port data_in                                                       ;
; qc_ldpc_decoder_top:decoder|qc_llr_bank:llr_bank_inst|mem[56][13]               ; Stuck at VCC due to stuck port data_in                                                       ;
; qc_ldpc_decoder_top:decoder|qc_llr_bank:llr_bank_inst|mem[56][15]               ; Stuck at GND due to stuck port data_in                                                       ;
; qc_ldpc_decoder_top:decoder|qc_llr_bank:llr_bank_inst|mem[56][16]               ; Stuck at GND due to stuck port data_in                                                       ;
; qc_ldpc_decoder_top:decoder|qc_llr_bank:llr_bank_inst|mem[56][21]               ; Stuck at VCC due to stuck port data_in                                                       ;
; qc_ldpc_decoder_top:decoder|qc_llr_bank:llr_bank_inst|mem[56][23]               ; Stuck at GND due to stuck port data_in                                                       ;
; qc_ldpc_decoder_top:decoder|qc_llr_bank:llr_bank_inst|mem[56][24]               ; Stuck at GND due to stuck port data_in                                                       ;
; qc_ldpc_decoder_top:decoder|qc_llr_bank:llr_bank_inst|mem[56][29]               ; Stuck at VCC due to stuck port data_in                                                       ;
; qc_ldpc_decoder_top:decoder|qc_llr_bank:llr_bank_inst|mem[56][31]               ; Stuck at GND due to stuck port data_in                                                       ;
; qc_ldpc_decoder_top:decoder|qc_llr_bank:llr_bank_inst|mem[56][32]               ; Stuck at GND due to stuck port data_in                                                       ;
; qc_ldpc_decoder_top:decoder|qc_llr_bank:llr_bank_inst|mem[56][37]               ; Stuck at VCC due to stuck port data_in                                                       ;
; qc_ldpc_decoder_top:decoder|qc_llr_bank:llr_bank_inst|mem[56][39]               ; Stuck at GND due to stuck port data_in                                                       ;
; qc_ldpc_decoder_top:decoder|qc_llr_bank:llr_bank_inst|mem[56][40]               ; Stuck at GND due to stuck port data_in                                                       ;
; qc_ldpc_decoder_top:decoder|qc_llr_bank:llr_bank_inst|mem[56][45]               ; Stuck at VCC due to stuck port data_in                                                       ;
; qc_ldpc_decoder_top:decoder|qc_llr_bank:llr_bank_inst|mem[56][47]               ; Stuck at GND due to stuck port data_in                                                       ;
; qc_ldpc_decoder_top:decoder|qc_llr_bank:llr_bank_inst|mem[56][48]               ; Stuck at GND due to stuck port data_in                                                       ;
; qc_ldpc_decoder_top:decoder|qc_llr_bank:llr_bank_inst|mem[56][53]               ; Stuck at VCC due to stuck port data_in                                                       ;
; qc_ldpc_decoder_top:decoder|qc_llr_bank:llr_bank_inst|mem[56][55]               ; Stuck at GND due to stuck port data_in                                                       ;
; qc_ldpc_decoder_top:decoder|qc_llr_bank:llr_bank_inst|mem[56][56]               ; Stuck at GND due to stuck port data_in                                                       ;
; qc_ldpc_decoder_top:decoder|qc_llr_bank:llr_bank_inst|mem[56][61]               ; Stuck at VCC due to stuck port data_in                                                       ;
; qc_ldpc_decoder_top:decoder|qc_llr_bank:llr_bank_inst|mem[56][63]               ; Stuck at GND due to stuck port data_in                                                       ;
; qc_ldpc_decoder_top:decoder|qc_llr_bank:llr_bank_inst|mem[55][1]                ; Stuck at GND due to stuck port data_in                                                       ;
; qc_ldpc_decoder_top:decoder|qc_llr_bank:llr_bank_inst|mem[55][5]                ; Stuck at VCC due to stuck port data_in                                                       ;
; qc_ldpc_decoder_top:decoder|qc_llr_bank:llr_bank_inst|mem[55][10]               ; Stuck at GND due to stuck port data_in                                                       ;
; qc_ldpc_decoder_top:decoder|qc_llr_bank:llr_bank_inst|mem[55][13]               ; Stuck at VCC due to stuck port data_in                                                       ;
; qc_ldpc_decoder_top:decoder|qc_llr_bank:llr_bank_inst|mem[55][15]               ; Stuck at GND due to stuck port data_in                                                       ;
; qc_ldpc_decoder_top:decoder|qc_llr_bank:llr_bank_inst|mem[55][16]               ; Stuck at GND due to stuck port data_in                                                       ;
; qc_ldpc_decoder_top:decoder|qc_llr_bank:llr_bank_inst|mem[55][21]               ; Stuck at VCC due to stuck port data_in                                                       ;
; qc_ldpc_decoder_top:decoder|qc_llr_bank:llr_bank_inst|mem[55][23]               ; Stuck at GND due to stuck port data_in                                                       ;
; qc_ldpc_decoder_top:decoder|qc_llr_bank:llr_bank_inst|mem[55][24]               ; Stuck at GND due to stuck port data_in                                                       ;
; qc_ldpc_decoder_top:decoder|qc_llr_bank:llr_bank_inst|mem[55][29]               ; Stuck at VCC due to stuck port data_in                                                       ;
; qc_ldpc_decoder_top:decoder|qc_llr_bank:llr_bank_inst|mem[55][31]               ; Stuck at GND due to stuck port data_in                                                       ;
; qc_ldpc_decoder_top:decoder|qc_llr_bank:llr_bank_inst|mem[55][32]               ; Stuck at GND due to stuck port data_in                                                       ;
; qc_ldpc_decoder_top:decoder|qc_llr_bank:llr_bank_inst|mem[55][37]               ; Stuck at VCC due to stuck port data_in                                                       ;
; qc_ldpc_decoder_top:decoder|qc_llr_bank:llr_bank_inst|mem[55][39]               ; Stuck at GND due to stuck port data_in                                                       ;
; qc_ldpc_decoder_top:decoder|qc_llr_bank:llr_bank_inst|mem[55][40]               ; Stuck at GND due to stuck port data_in                                                       ;
; qc_ldpc_decoder_top:decoder|qc_llr_bank:llr_bank_inst|mem[55][45]               ; Stuck at VCC due to stuck port data_in                                                       ;
; qc_ldpc_decoder_top:decoder|qc_llr_bank:llr_bank_inst|mem[55][47]               ; Stuck at GND due to stuck port data_in                                                       ;
; qc_ldpc_decoder_top:decoder|qc_llr_bank:llr_bank_inst|mem[55][48]               ; Stuck at GND due to stuck port data_in                                                       ;
; qc_ldpc_decoder_top:decoder|qc_llr_bank:llr_bank_inst|mem[55][53]               ; Stuck at VCC due to stuck port data_in                                                       ;
; qc_ldpc_decoder_top:decoder|qc_llr_bank:llr_bank_inst|mem[55][55]               ; Stuck at GND due to stuck port data_in                                                       ;
; qc_ldpc_decoder_top:decoder|qc_llr_bank:llr_bank_inst|mem[55][56]               ; Stuck at GND due to stuck port data_in                                                       ;
; qc_ldpc_decoder_top:decoder|qc_llr_bank:llr_bank_inst|mem[55][61]               ; Stuck at VCC due to stuck port data_in                                                       ;
; qc_ldpc_decoder_top:decoder|qc_llr_bank:llr_bank_inst|mem[55][63]               ; Stuck at GND due to stuck port data_in                                                       ;
; qc_ldpc_decoder_top:decoder|qc_llr_bank:llr_bank_inst|mem[54][1]                ; Stuck at GND due to stuck port data_in                                                       ;
; qc_ldpc_decoder_top:decoder|qc_llr_bank:llr_bank_inst|mem[54][5]                ; Stuck at VCC due to stuck port data_in                                                       ;
; qc_ldpc_decoder_top:decoder|qc_llr_bank:llr_bank_inst|mem[54][10]               ; Stuck at GND due to stuck port data_in                                                       ;
; qc_ldpc_decoder_top:decoder|qc_llr_bank:llr_bank_inst|mem[54][13]               ; Stuck at VCC due to stuck port data_in                                                       ;
; qc_ldpc_decoder_top:decoder|qc_llr_bank:llr_bank_inst|mem[54][15]               ; Stuck at GND due to stuck port data_in                                                       ;
; qc_ldpc_decoder_top:decoder|qc_llr_bank:llr_bank_inst|mem[54][16]               ; Stuck at GND due to stuck port data_in                                                       ;
; qc_ldpc_decoder_top:decoder|qc_llr_bank:llr_bank_inst|mem[54][21]               ; Stuck at VCC due to stuck port data_in                                                       ;
; qc_ldpc_decoder_top:decoder|qc_llr_bank:llr_bank_inst|mem[54][23]               ; Stuck at GND due to stuck port data_in                                                       ;
; qc_ldpc_decoder_top:decoder|qc_llr_bank:llr_bank_inst|mem[54][24]               ; Stuck at GND due to stuck port data_in                                                       ;
; qc_ldpc_decoder_top:decoder|qc_llr_bank:llr_bank_inst|mem[54][29]               ; Stuck at VCC due to stuck port data_in                                                       ;
; qc_ldpc_decoder_top:decoder|qc_llr_bank:llr_bank_inst|mem[54][31]               ; Stuck at GND due to stuck port data_in                                                       ;
; qc_ldpc_decoder_top:decoder|qc_llr_bank:llr_bank_inst|mem[54][32]               ; Stuck at GND due to stuck port data_in                                                       ;
; qc_ldpc_decoder_top:decoder|qc_llr_bank:llr_bank_inst|mem[54][37]               ; Stuck at VCC due to stuck port data_in                                                       ;
; qc_ldpc_decoder_top:decoder|qc_llr_bank:llr_bank_inst|mem[54][39]               ; Stuck at GND due to stuck port data_in                                                       ;
; qc_ldpc_decoder_top:decoder|qc_llr_bank:llr_bank_inst|mem[54][40]               ; Stuck at GND due to stuck port data_in                                                       ;
; qc_ldpc_decoder_top:decoder|qc_llr_bank:llr_bank_inst|mem[54][45]               ; Stuck at VCC due to stuck port data_in                                                       ;
; qc_ldpc_decoder_top:decoder|qc_llr_bank:llr_bank_inst|mem[54][47]               ; Stuck at GND due to stuck port data_in                                                       ;
; qc_ldpc_decoder_top:decoder|qc_llr_bank:llr_bank_inst|mem[54][48]               ; Stuck at GND due to stuck port data_in                                                       ;
; qc_ldpc_decoder_top:decoder|qc_llr_bank:llr_bank_inst|mem[54][53]               ; Stuck at VCC due to stuck port data_in                                                       ;
; qc_ldpc_decoder_top:decoder|qc_llr_bank:llr_bank_inst|mem[54][55]               ; Stuck at GND due to stuck port data_in                                                       ;
; qc_ldpc_decoder_top:decoder|qc_llr_bank:llr_bank_inst|mem[54][56]               ; Stuck at GND due to stuck port data_in                                                       ;
; qc_ldpc_decoder_top:decoder|qc_llr_bank:llr_bank_inst|mem[54][61]               ; Stuck at VCC due to stuck port data_in                                                       ;
; qc_ldpc_decoder_top:decoder|qc_llr_bank:llr_bank_inst|mem[54][63]               ; Stuck at GND due to stuck port data_in                                                       ;
; qc_ldpc_decoder_top:decoder|qc_llr_bank:llr_bank_inst|mem[53][1]                ; Stuck at GND due to stuck port data_in                                                       ;
; qc_ldpc_decoder_top:decoder|qc_llr_bank:llr_bank_inst|mem[53][5]                ; Stuck at VCC due to stuck port data_in                                                       ;
; qc_ldpc_decoder_top:decoder|qc_llr_bank:llr_bank_inst|mem[53][10]               ; Stuck at GND due to stuck port data_in                                                       ;
; qc_ldpc_decoder_top:decoder|qc_llr_bank:llr_bank_inst|mem[53][13]               ; Stuck at VCC due to stuck port data_in                                                       ;
; qc_ldpc_decoder_top:decoder|qc_llr_bank:llr_bank_inst|mem[53][15]               ; Stuck at GND due to stuck port data_in                                                       ;
; qc_ldpc_decoder_top:decoder|qc_llr_bank:llr_bank_inst|mem[53][16]               ; Stuck at GND due to stuck port data_in                                                       ;
; qc_ldpc_decoder_top:decoder|qc_llr_bank:llr_bank_inst|mem[53][21]               ; Stuck at VCC due to stuck port data_in                                                       ;
; qc_ldpc_decoder_top:decoder|qc_llr_bank:llr_bank_inst|mem[53][23]               ; Stuck at GND due to stuck port data_in                                                       ;
; qc_ldpc_decoder_top:decoder|qc_llr_bank:llr_bank_inst|mem[53][24]               ; Stuck at GND due to stuck port data_in                                                       ;
; qc_ldpc_decoder_top:decoder|qc_llr_bank:llr_bank_inst|mem[53][29]               ; Stuck at VCC due to stuck port data_in                                                       ;
; qc_ldpc_decoder_top:decoder|qc_llr_bank:llr_bank_inst|mem[53][31]               ; Stuck at GND due to stuck port data_in                                                       ;
; qc_ldpc_decoder_top:decoder|qc_llr_bank:llr_bank_inst|mem[53][32]               ; Stuck at GND due to stuck port data_in                                                       ;
; qc_ldpc_decoder_top:decoder|qc_llr_bank:llr_bank_inst|mem[53][37]               ; Stuck at VCC due to stuck port data_in                                                       ;
; qc_ldpc_decoder_top:decoder|qc_llr_bank:llr_bank_inst|mem[53][39]               ; Stuck at GND due to stuck port data_in                                                       ;
; qc_ldpc_decoder_top:decoder|qc_llr_bank:llr_bank_inst|mem[53][40]               ; Stuck at GND due to stuck port data_in                                                       ;
; qc_ldpc_decoder_top:decoder|qc_llr_bank:llr_bank_inst|mem[53][45]               ; Stuck at VCC due to stuck port data_in                                                       ;
; qc_ldpc_decoder_top:decoder|qc_llr_bank:llr_bank_inst|mem[53][47]               ; Stuck at GND due to stuck port data_in                                                       ;
; qc_ldpc_decoder_top:decoder|qc_llr_bank:llr_bank_inst|mem[53][48]               ; Stuck at GND due to stuck port data_in                                                       ;
; qc_ldpc_decoder_top:decoder|qc_llr_bank:llr_bank_inst|mem[53][53]               ; Stuck at VCC due to stuck port data_in                                                       ;
; qc_ldpc_decoder_top:decoder|qc_llr_bank:llr_bank_inst|mem[53][55]               ; Stuck at GND due to stuck port data_in                                                       ;
; qc_ldpc_decoder_top:decoder|qc_llr_bank:llr_bank_inst|mem[53][56]               ; Stuck at GND due to stuck port data_in                                                       ;
; qc_ldpc_decoder_top:decoder|qc_llr_bank:llr_bank_inst|mem[53][61]               ; Stuck at VCC due to stuck port data_in                                                       ;
; qc_ldpc_decoder_top:decoder|qc_llr_bank:llr_bank_inst|mem[53][63]               ; Stuck at GND due to stuck port data_in                                                       ;
; qc_ldpc_decoder_top:decoder|qc_llr_bank:llr_bank_inst|mem[52][1]                ; Stuck at GND due to stuck port data_in                                                       ;
; qc_ldpc_decoder_top:decoder|qc_llr_bank:llr_bank_inst|mem[52][5]                ; Stuck at VCC due to stuck port data_in                                                       ;
; qc_ldpc_decoder_top:decoder|qc_llr_bank:llr_bank_inst|mem[52][10]               ; Stuck at GND due to stuck port data_in                                                       ;
; qc_ldpc_decoder_top:decoder|qc_llr_bank:llr_bank_inst|mem[52][13]               ; Stuck at VCC due to stuck port data_in                                                       ;
; qc_ldpc_decoder_top:decoder|qc_llr_bank:llr_bank_inst|mem[52][15]               ; Stuck at GND due to stuck port data_in                                                       ;
; qc_ldpc_decoder_top:decoder|qc_llr_bank:llr_bank_inst|mem[52][16]               ; Stuck at GND due to stuck port data_in                                                       ;
; qc_ldpc_decoder_top:decoder|qc_llr_bank:llr_bank_inst|mem[52][21]               ; Stuck at VCC due to stuck port data_in                                                       ;
; qc_ldpc_decoder_top:decoder|qc_llr_bank:llr_bank_inst|mem[52][23]               ; Stuck at GND due to stuck port data_in                                                       ;
; qc_ldpc_decoder_top:decoder|qc_llr_bank:llr_bank_inst|mem[52][24]               ; Stuck at GND due to stuck port data_in                                                       ;
; qc_ldpc_decoder_top:decoder|qc_llr_bank:llr_bank_inst|mem[52][29]               ; Stuck at VCC due to stuck port data_in                                                       ;
; qc_ldpc_decoder_top:decoder|qc_llr_bank:llr_bank_inst|mem[52][31]               ; Stuck at GND due to stuck port data_in                                                       ;
; qc_ldpc_decoder_top:decoder|qc_llr_bank:llr_bank_inst|mem[52][32]               ; Stuck at GND due to stuck port data_in                                                       ;
; qc_ldpc_decoder_top:decoder|qc_llr_bank:llr_bank_inst|mem[52][37]               ; Stuck at VCC due to stuck port data_in                                                       ;
; qc_ldpc_decoder_top:decoder|qc_llr_bank:llr_bank_inst|mem[52][39]               ; Stuck at GND due to stuck port data_in                                                       ;
; qc_ldpc_decoder_top:decoder|qc_llr_bank:llr_bank_inst|mem[52][40]               ; Stuck at GND due to stuck port data_in                                                       ;
; qc_ldpc_decoder_top:decoder|qc_llr_bank:llr_bank_inst|mem[52][45]               ; Stuck at VCC due to stuck port data_in                                                       ;
; qc_ldpc_decoder_top:decoder|qc_llr_bank:llr_bank_inst|mem[52][47]               ; Stuck at GND due to stuck port data_in                                                       ;
; qc_ldpc_decoder_top:decoder|qc_llr_bank:llr_bank_inst|mem[52][48]               ; Stuck at GND due to stuck port data_in                                                       ;
; qc_ldpc_decoder_top:decoder|qc_llr_bank:llr_bank_inst|mem[52][53]               ; Stuck at VCC due to stuck port data_in                                                       ;
; qc_ldpc_decoder_top:decoder|qc_llr_bank:llr_bank_inst|mem[52][55]               ; Stuck at GND due to stuck port data_in                                                       ;
; qc_ldpc_decoder_top:decoder|qc_llr_bank:llr_bank_inst|mem[52][56]               ; Stuck at GND due to stuck port data_in                                                       ;
; qc_ldpc_decoder_top:decoder|qc_llr_bank:llr_bank_inst|mem[52][61]               ; Stuck at VCC due to stuck port data_in                                                       ;
; qc_ldpc_decoder_top:decoder|qc_llr_bank:llr_bank_inst|mem[52][63]               ; Stuck at GND due to stuck port data_in                                                       ;
; qc_ldpc_decoder_top:decoder|qc_llr_bank:llr_bank_inst|mem[51][1]                ; Stuck at GND due to stuck port data_in                                                       ;
; qc_ldpc_decoder_top:decoder|qc_llr_bank:llr_bank_inst|mem[51][5]                ; Stuck at VCC due to stuck port data_in                                                       ;
; qc_ldpc_decoder_top:decoder|qc_llr_bank:llr_bank_inst|mem[51][10]               ; Stuck at GND due to stuck port data_in                                                       ;
; qc_ldpc_decoder_top:decoder|qc_llr_bank:llr_bank_inst|mem[51][13]               ; Stuck at VCC due to stuck port data_in                                                       ;
; qc_ldpc_decoder_top:decoder|qc_llr_bank:llr_bank_inst|mem[51][15]               ; Stuck at GND due to stuck port data_in                                                       ;
; qc_ldpc_decoder_top:decoder|qc_llr_bank:llr_bank_inst|mem[51][16]               ; Stuck at GND due to stuck port data_in                                                       ;
; qc_ldpc_decoder_top:decoder|qc_llr_bank:llr_bank_inst|mem[51][21]               ; Stuck at VCC due to stuck port data_in                                                       ;
; qc_ldpc_decoder_top:decoder|qc_llr_bank:llr_bank_inst|mem[51][23]               ; Stuck at GND due to stuck port data_in                                                       ;
; qc_ldpc_decoder_top:decoder|qc_llr_bank:llr_bank_inst|mem[51][24]               ; Stuck at GND due to stuck port data_in                                                       ;
; qc_ldpc_decoder_top:decoder|qc_llr_bank:llr_bank_inst|mem[51][29]               ; Stuck at VCC due to stuck port data_in                                                       ;
; qc_ldpc_decoder_top:decoder|qc_llr_bank:llr_bank_inst|mem[51][31]               ; Stuck at GND due to stuck port data_in                                                       ;
; qc_ldpc_decoder_top:decoder|qc_llr_bank:llr_bank_inst|mem[51][32]               ; Stuck at GND due to stuck port data_in                                                       ;
; qc_ldpc_decoder_top:decoder|qc_llr_bank:llr_bank_inst|mem[51][37]               ; Stuck at VCC due to stuck port data_in                                                       ;
; qc_ldpc_decoder_top:decoder|qc_llr_bank:llr_bank_inst|mem[51][39]               ; Stuck at GND due to stuck port data_in                                                       ;
; qc_ldpc_decoder_top:decoder|qc_llr_bank:llr_bank_inst|mem[51][40]               ; Stuck at GND due to stuck port data_in                                                       ;
; qc_ldpc_decoder_top:decoder|qc_llr_bank:llr_bank_inst|mem[51][45]               ; Stuck at VCC due to stuck port data_in                                                       ;
; qc_ldpc_decoder_top:decoder|qc_llr_bank:llr_bank_inst|mem[51][47]               ; Stuck at GND due to stuck port data_in                                                       ;
; qc_ldpc_decoder_top:decoder|qc_llr_bank:llr_bank_inst|mem[51][48]               ; Stuck at GND due to stuck port data_in                                                       ;
; qc_ldpc_decoder_top:decoder|qc_llr_bank:llr_bank_inst|mem[51][53]               ; Stuck at VCC due to stuck port data_in                                                       ;
; qc_ldpc_decoder_top:decoder|qc_llr_bank:llr_bank_inst|mem[51][55]               ; Stuck at GND due to stuck port data_in                                                       ;
; qc_ldpc_decoder_top:decoder|qc_llr_bank:llr_bank_inst|mem[51][56]               ; Stuck at GND due to stuck port data_in                                                       ;
; qc_ldpc_decoder_top:decoder|qc_llr_bank:llr_bank_inst|mem[51][61]               ; Stuck at VCC due to stuck port data_in                                                       ;
; qc_ldpc_decoder_top:decoder|qc_llr_bank:llr_bank_inst|mem[51][63]               ; Stuck at GND due to stuck port data_in                                                       ;
; qc_ldpc_decoder_top:decoder|qc_llr_bank:llr_bank_inst|mem[50][1]                ; Stuck at GND due to stuck port data_in                                                       ;
; qc_ldpc_decoder_top:decoder|qc_llr_bank:llr_bank_inst|mem[50][5]                ; Stuck at VCC due to stuck port data_in                                                       ;
; qc_ldpc_decoder_top:decoder|qc_llr_bank:llr_bank_inst|mem[50][10]               ; Stuck at GND due to stuck port data_in                                                       ;
; qc_ldpc_decoder_top:decoder|qc_llr_bank:llr_bank_inst|mem[50][13]               ; Stuck at VCC due to stuck port data_in                                                       ;
; qc_ldpc_decoder_top:decoder|qc_llr_bank:llr_bank_inst|mem[50][15]               ; Stuck at GND due to stuck port data_in                                                       ;
; qc_ldpc_decoder_top:decoder|qc_llr_bank:llr_bank_inst|mem[50][16]               ; Stuck at GND due to stuck port data_in                                                       ;
; qc_ldpc_decoder_top:decoder|qc_llr_bank:llr_bank_inst|mem[50][21]               ; Stuck at VCC due to stuck port data_in                                                       ;
; qc_ldpc_decoder_top:decoder|qc_llr_bank:llr_bank_inst|mem[50][23]               ; Stuck at GND due to stuck port data_in                                                       ;
; qc_ldpc_decoder_top:decoder|qc_llr_bank:llr_bank_inst|mem[50][24]               ; Stuck at GND due to stuck port data_in                                                       ;
; qc_ldpc_decoder_top:decoder|qc_llr_bank:llr_bank_inst|mem[50][29]               ; Stuck at VCC due to stuck port data_in                                                       ;
; qc_ldpc_decoder_top:decoder|qc_llr_bank:llr_bank_inst|mem[50][31]               ; Stuck at GND due to stuck port data_in                                                       ;
; qc_ldpc_decoder_top:decoder|qc_llr_bank:llr_bank_inst|mem[50][32]               ; Stuck at GND due to stuck port data_in                                                       ;
; qc_ldpc_decoder_top:decoder|qc_llr_bank:llr_bank_inst|mem[50][37]               ; Stuck at VCC due to stuck port data_in                                                       ;
; qc_ldpc_decoder_top:decoder|qc_llr_bank:llr_bank_inst|mem[50][39]               ; Stuck at GND due to stuck port data_in                                                       ;
; qc_ldpc_decoder_top:decoder|qc_llr_bank:llr_bank_inst|mem[50][40]               ; Stuck at GND due to stuck port data_in                                                       ;
; qc_ldpc_decoder_top:decoder|qc_llr_bank:llr_bank_inst|mem[50][45]               ; Stuck at VCC due to stuck port data_in                                                       ;
; qc_ldpc_decoder_top:decoder|qc_llr_bank:llr_bank_inst|mem[50][47]               ; Stuck at GND due to stuck port data_in                                                       ;
; qc_ldpc_decoder_top:decoder|qc_llr_bank:llr_bank_inst|mem[50][48]               ; Stuck at GND due to stuck port data_in                                                       ;
; qc_ldpc_decoder_top:decoder|qc_llr_bank:llr_bank_inst|mem[50][53]               ; Stuck at VCC due to stuck port data_in                                                       ;
; qc_ldpc_decoder_top:decoder|qc_llr_bank:llr_bank_inst|mem[50][55]               ; Stuck at GND due to stuck port data_in                                                       ;
; qc_ldpc_decoder_top:decoder|qc_llr_bank:llr_bank_inst|mem[50][56]               ; Stuck at GND due to stuck port data_in                                                       ;
; qc_ldpc_decoder_top:decoder|qc_llr_bank:llr_bank_inst|mem[50][61]               ; Stuck at VCC due to stuck port data_in                                                       ;
; qc_ldpc_decoder_top:decoder|qc_llr_bank:llr_bank_inst|mem[50][63]               ; Stuck at GND due to stuck port data_in                                                       ;
; qc_ldpc_decoder_top:decoder|qc_llr_bank:llr_bank_inst|mem[49][1]                ; Stuck at GND due to stuck port data_in                                                       ;
; qc_ldpc_decoder_top:decoder|qc_llr_bank:llr_bank_inst|mem[49][5]                ; Stuck at VCC due to stuck port data_in                                                       ;
; qc_ldpc_decoder_top:decoder|qc_llr_bank:llr_bank_inst|mem[49][10]               ; Stuck at GND due to stuck port data_in                                                       ;
; qc_ldpc_decoder_top:decoder|qc_llr_bank:llr_bank_inst|mem[49][13]               ; Stuck at VCC due to stuck port data_in                                                       ;
; qc_ldpc_decoder_top:decoder|qc_llr_bank:llr_bank_inst|mem[49][15]               ; Stuck at GND due to stuck port data_in                                                       ;
; qc_ldpc_decoder_top:decoder|qc_llr_bank:llr_bank_inst|mem[49][16]               ; Stuck at GND due to stuck port data_in                                                       ;
; qc_ldpc_decoder_top:decoder|qc_llr_bank:llr_bank_inst|mem[49][21]               ; Stuck at VCC due to stuck port data_in                                                       ;
; qc_ldpc_decoder_top:decoder|qc_llr_bank:llr_bank_inst|mem[49][23]               ; Stuck at GND due to stuck port data_in                                                       ;
; qc_ldpc_decoder_top:decoder|qc_llr_bank:llr_bank_inst|mem[49][24]               ; Stuck at GND due to stuck port data_in                                                       ;
; qc_ldpc_decoder_top:decoder|qc_llr_bank:llr_bank_inst|mem[49][29]               ; Stuck at VCC due to stuck port data_in                                                       ;
; qc_ldpc_decoder_top:decoder|qc_llr_bank:llr_bank_inst|mem[49][31]               ; Stuck at GND due to stuck port data_in                                                       ;
; qc_ldpc_decoder_top:decoder|qc_llr_bank:llr_bank_inst|mem[49][32]               ; Stuck at GND due to stuck port data_in                                                       ;
; qc_ldpc_decoder_top:decoder|qc_llr_bank:llr_bank_inst|mem[49][37]               ; Stuck at VCC due to stuck port data_in                                                       ;
; qc_ldpc_decoder_top:decoder|qc_llr_bank:llr_bank_inst|mem[49][39]               ; Stuck at GND due to stuck port data_in                                                       ;
; qc_ldpc_decoder_top:decoder|qc_llr_bank:llr_bank_inst|mem[49][40]               ; Stuck at GND due to stuck port data_in                                                       ;
; qc_ldpc_decoder_top:decoder|qc_llr_bank:llr_bank_inst|mem[49][45]               ; Stuck at VCC due to stuck port data_in                                                       ;
; qc_ldpc_decoder_top:decoder|qc_llr_bank:llr_bank_inst|mem[49][47]               ; Stuck at GND due to stuck port data_in                                                       ;
; qc_ldpc_decoder_top:decoder|qc_llr_bank:llr_bank_inst|mem[49][48]               ; Stuck at GND due to stuck port data_in                                                       ;
; qc_ldpc_decoder_top:decoder|qc_llr_bank:llr_bank_inst|mem[49][53]               ; Stuck at VCC due to stuck port data_in                                                       ;
; qc_ldpc_decoder_top:decoder|qc_llr_bank:llr_bank_inst|mem[49][55]               ; Stuck at GND due to stuck port data_in                                                       ;
; qc_ldpc_decoder_top:decoder|qc_llr_bank:llr_bank_inst|mem[49][56]               ; Stuck at GND due to stuck port data_in                                                       ;
; qc_ldpc_decoder_top:decoder|qc_llr_bank:llr_bank_inst|mem[49][61]               ; Stuck at VCC due to stuck port data_in                                                       ;
; qc_ldpc_decoder_top:decoder|qc_llr_bank:llr_bank_inst|mem[49][63]               ; Stuck at GND due to stuck port data_in                                                       ;
; qc_ldpc_decoder_top:decoder|qc_llr_bank:llr_bank_inst|mem[48][1]                ; Stuck at GND due to stuck port data_in                                                       ;
; qc_ldpc_decoder_top:decoder|qc_llr_bank:llr_bank_inst|mem[48][5]                ; Stuck at VCC due to stuck port data_in                                                       ;
; qc_ldpc_decoder_top:decoder|qc_llr_bank:llr_bank_inst|mem[48][10]               ; Stuck at GND due to stuck port data_in                                                       ;
; qc_ldpc_decoder_top:decoder|qc_llr_bank:llr_bank_inst|mem[48][13]               ; Stuck at VCC due to stuck port data_in                                                       ;
; qc_ldpc_decoder_top:decoder|qc_llr_bank:llr_bank_inst|mem[48][15]               ; Stuck at GND due to stuck port data_in                                                       ;
; qc_ldpc_decoder_top:decoder|qc_llr_bank:llr_bank_inst|mem[48][16]               ; Stuck at GND due to stuck port data_in                                                       ;
; qc_ldpc_decoder_top:decoder|qc_llr_bank:llr_bank_inst|mem[48][21]               ; Stuck at VCC due to stuck port data_in                                                       ;
; qc_ldpc_decoder_top:decoder|qc_llr_bank:llr_bank_inst|mem[48][23]               ; Stuck at GND due to stuck port data_in                                                       ;
; qc_ldpc_decoder_top:decoder|qc_llr_bank:llr_bank_inst|mem[48][24]               ; Stuck at GND due to stuck port data_in                                                       ;
; qc_ldpc_decoder_top:decoder|qc_llr_bank:llr_bank_inst|mem[48][29]               ; Stuck at VCC due to stuck port data_in                                                       ;
; qc_ldpc_decoder_top:decoder|qc_llr_bank:llr_bank_inst|mem[48][31]               ; Stuck at GND due to stuck port data_in                                                       ;
; qc_ldpc_decoder_top:decoder|qc_llr_bank:llr_bank_inst|mem[48][32]               ; Stuck at GND due to stuck port data_in                                                       ;
; qc_ldpc_decoder_top:decoder|qc_llr_bank:llr_bank_inst|mem[48][37]               ; Stuck at VCC due to stuck port data_in                                                       ;
; qc_ldpc_decoder_top:decoder|qc_llr_bank:llr_bank_inst|mem[48][39]               ; Stuck at GND due to stuck port data_in                                                       ;
; qc_ldpc_decoder_top:decoder|qc_llr_bank:llr_bank_inst|mem[48][40]               ; Stuck at GND due to stuck port data_in                                                       ;
; qc_ldpc_decoder_top:decoder|qc_llr_bank:llr_bank_inst|mem[48][45]               ; Stuck at VCC due to stuck port data_in                                                       ;
; qc_ldpc_decoder_top:decoder|qc_llr_bank:llr_bank_inst|mem[48][47]               ; Stuck at GND due to stuck port data_in                                                       ;
; qc_ldpc_decoder_top:decoder|qc_llr_bank:llr_bank_inst|mem[48][48]               ; Stuck at GND due to stuck port data_in                                                       ;
; qc_ldpc_decoder_top:decoder|qc_llr_bank:llr_bank_inst|mem[48][53]               ; Stuck at VCC due to stuck port data_in                                                       ;
; qc_ldpc_decoder_top:decoder|qc_llr_bank:llr_bank_inst|mem[48][55]               ; Stuck at GND due to stuck port data_in                                                       ;
; qc_ldpc_decoder_top:decoder|qc_llr_bank:llr_bank_inst|mem[48][56]               ; Stuck at GND due to stuck port data_in                                                       ;
; qc_ldpc_decoder_top:decoder|qc_llr_bank:llr_bank_inst|mem[48][61]               ; Stuck at VCC due to stuck port data_in                                                       ;
; qc_ldpc_decoder_top:decoder|qc_llr_bank:llr_bank_inst|mem[48][63]               ; Stuck at GND due to stuck port data_in                                                       ;
; qc_ldpc_decoder_top:decoder|qc_llr_bank:llr_bank_inst|mem[47][1]                ; Stuck at GND due to stuck port data_in                                                       ;
; qc_ldpc_decoder_top:decoder|qc_llr_bank:llr_bank_inst|mem[47][5]                ; Stuck at VCC due to stuck port data_in                                                       ;
; qc_ldpc_decoder_top:decoder|qc_llr_bank:llr_bank_inst|mem[47][10]               ; Stuck at GND due to stuck port data_in                                                       ;
; qc_ldpc_decoder_top:decoder|qc_llr_bank:llr_bank_inst|mem[47][13]               ; Stuck at VCC due to stuck port data_in                                                       ;
; qc_ldpc_decoder_top:decoder|qc_llr_bank:llr_bank_inst|mem[47][15]               ; Stuck at GND due to stuck port data_in                                                       ;
; qc_ldpc_decoder_top:decoder|qc_llr_bank:llr_bank_inst|mem[47][16]               ; Stuck at GND due to stuck port data_in                                                       ;
; qc_ldpc_decoder_top:decoder|qc_llr_bank:llr_bank_inst|mem[47][21]               ; Stuck at VCC due to stuck port data_in                                                       ;
; qc_ldpc_decoder_top:decoder|qc_llr_bank:llr_bank_inst|mem[47][23]               ; Stuck at GND due to stuck port data_in                                                       ;
; qc_ldpc_decoder_top:decoder|qc_llr_bank:llr_bank_inst|mem[47][24]               ; Stuck at GND due to stuck port data_in                                                       ;
; qc_ldpc_decoder_top:decoder|qc_llr_bank:llr_bank_inst|mem[47][29]               ; Stuck at VCC due to stuck port data_in                                                       ;
; qc_ldpc_decoder_top:decoder|qc_llr_bank:llr_bank_inst|mem[47][31]               ; Stuck at GND due to stuck port data_in                                                       ;
; qc_ldpc_decoder_top:decoder|qc_llr_bank:llr_bank_inst|mem[47][32]               ; Stuck at GND due to stuck port data_in                                                       ;
; qc_ldpc_decoder_top:decoder|qc_llr_bank:llr_bank_inst|mem[47][37]               ; Stuck at VCC due to stuck port data_in                                                       ;
; qc_ldpc_decoder_top:decoder|qc_llr_bank:llr_bank_inst|mem[47][39]               ; Stuck at GND due to stuck port data_in                                                       ;
; qc_ldpc_decoder_top:decoder|qc_llr_bank:llr_bank_inst|mem[47][40]               ; Stuck at GND due to stuck port data_in                                                       ;
; qc_ldpc_decoder_top:decoder|qc_llr_bank:llr_bank_inst|mem[47][45]               ; Stuck at VCC due to stuck port data_in                                                       ;
; qc_ldpc_decoder_top:decoder|qc_llr_bank:llr_bank_inst|mem[47][47]               ; Stuck at GND due to stuck port data_in                                                       ;
; qc_ldpc_decoder_top:decoder|qc_llr_bank:llr_bank_inst|mem[47][48]               ; Stuck at GND due to stuck port data_in                                                       ;
; qc_ldpc_decoder_top:decoder|qc_llr_bank:llr_bank_inst|mem[47][53]               ; Stuck at VCC due to stuck port data_in                                                       ;
; qc_ldpc_decoder_top:decoder|qc_llr_bank:llr_bank_inst|mem[47][55]               ; Stuck at GND due to stuck port data_in                                                       ;
; qc_ldpc_decoder_top:decoder|qc_llr_bank:llr_bank_inst|mem[47][56]               ; Stuck at GND due to stuck port data_in                                                       ;
; qc_ldpc_decoder_top:decoder|qc_llr_bank:llr_bank_inst|mem[47][61]               ; Stuck at VCC due to stuck port data_in                                                       ;
; qc_ldpc_decoder_top:decoder|qc_llr_bank:llr_bank_inst|mem[47][63]               ; Stuck at GND due to stuck port data_in                                                       ;
; qc_ldpc_decoder_top:decoder|qc_llr_bank:llr_bank_inst|mem[46][1]                ; Stuck at GND due to stuck port data_in                                                       ;
; qc_ldpc_decoder_top:decoder|qc_llr_bank:llr_bank_inst|mem[46][5]                ; Stuck at VCC due to stuck port data_in                                                       ;
; qc_ldpc_decoder_top:decoder|qc_llr_bank:llr_bank_inst|mem[46][10]               ; Stuck at GND due to stuck port data_in                                                       ;
; qc_ldpc_decoder_top:decoder|qc_llr_bank:llr_bank_inst|mem[46][13]               ; Stuck at VCC due to stuck port data_in                                                       ;
; qc_ldpc_decoder_top:decoder|qc_llr_bank:llr_bank_inst|mem[46][15]               ; Stuck at GND due to stuck port data_in                                                       ;
; qc_ldpc_decoder_top:decoder|qc_llr_bank:llr_bank_inst|mem[46][16]               ; Stuck at GND due to stuck port data_in                                                       ;
; qc_ldpc_decoder_top:decoder|qc_llr_bank:llr_bank_inst|mem[46][21]               ; Stuck at VCC due to stuck port data_in                                                       ;
; qc_ldpc_decoder_top:decoder|qc_llr_bank:llr_bank_inst|mem[46][23]               ; Stuck at GND due to stuck port data_in                                                       ;
; qc_ldpc_decoder_top:decoder|qc_llr_bank:llr_bank_inst|mem[46][24]               ; Stuck at GND due to stuck port data_in                                                       ;
; qc_ldpc_decoder_top:decoder|qc_llr_bank:llr_bank_inst|mem[46][29]               ; Stuck at VCC due to stuck port data_in                                                       ;
; qc_ldpc_decoder_top:decoder|qc_llr_bank:llr_bank_inst|mem[46][31]               ; Stuck at GND due to stuck port data_in                                                       ;
; qc_ldpc_decoder_top:decoder|qc_llr_bank:llr_bank_inst|mem[46][32]               ; Stuck at GND due to stuck port data_in                                                       ;
; qc_ldpc_decoder_top:decoder|qc_llr_bank:llr_bank_inst|mem[46][37]               ; Stuck at VCC due to stuck port data_in                                                       ;
; qc_ldpc_decoder_top:decoder|qc_llr_bank:llr_bank_inst|mem[46][39]               ; Stuck at GND due to stuck port data_in                                                       ;
; qc_ldpc_decoder_top:decoder|qc_llr_bank:llr_bank_inst|mem[46][40]               ; Stuck at GND due to stuck port data_in                                                       ;
; qc_ldpc_decoder_top:decoder|qc_llr_bank:llr_bank_inst|mem[46][45]               ; Stuck at VCC due to stuck port data_in                                                       ;
; qc_ldpc_decoder_top:decoder|qc_llr_bank:llr_bank_inst|mem[46][47]               ; Stuck at GND due to stuck port data_in                                                       ;
; qc_ldpc_decoder_top:decoder|qc_llr_bank:llr_bank_inst|mem[46][48]               ; Stuck at GND due to stuck port data_in                                                       ;
; qc_ldpc_decoder_top:decoder|qc_llr_bank:llr_bank_inst|mem[46][53]               ; Stuck at VCC due to stuck port data_in                                                       ;
; qc_ldpc_decoder_top:decoder|qc_llr_bank:llr_bank_inst|mem[46][55]               ; Stuck at GND due to stuck port data_in                                                       ;
; qc_ldpc_decoder_top:decoder|qc_llr_bank:llr_bank_inst|mem[46][56]               ; Stuck at GND due to stuck port data_in                                                       ;
; qc_ldpc_decoder_top:decoder|qc_llr_bank:llr_bank_inst|mem[46][61]               ; Stuck at VCC due to stuck port data_in                                                       ;
; qc_ldpc_decoder_top:decoder|qc_llr_bank:llr_bank_inst|mem[46][63]               ; Stuck at GND due to stuck port data_in                                                       ;
; qc_ldpc_decoder_top:decoder|qc_llr_bank:llr_bank_inst|mem[45][1]                ; Stuck at GND due to stuck port data_in                                                       ;
; qc_ldpc_decoder_top:decoder|qc_llr_bank:llr_bank_inst|mem[45][5]                ; Stuck at VCC due to stuck port data_in                                                       ;
; qc_ldpc_decoder_top:decoder|qc_llr_bank:llr_bank_inst|mem[45][10]               ; Stuck at GND due to stuck port data_in                                                       ;
; qc_ldpc_decoder_top:decoder|qc_llr_bank:llr_bank_inst|mem[45][13]               ; Stuck at VCC due to stuck port data_in                                                       ;
; qc_ldpc_decoder_top:decoder|qc_llr_bank:llr_bank_inst|mem[45][15]               ; Stuck at GND due to stuck port data_in                                                       ;
; qc_ldpc_decoder_top:decoder|qc_llr_bank:llr_bank_inst|mem[45][16]               ; Stuck at GND due to stuck port data_in                                                       ;
; qc_ldpc_decoder_top:decoder|qc_llr_bank:llr_bank_inst|mem[45][21]               ; Stuck at VCC due to stuck port data_in                                                       ;
; qc_ldpc_decoder_top:decoder|qc_llr_bank:llr_bank_inst|mem[45][23]               ; Stuck at GND due to stuck port data_in                                                       ;
; qc_ldpc_decoder_top:decoder|qc_llr_bank:llr_bank_inst|mem[45][24]               ; Stuck at GND due to stuck port data_in                                                       ;
; qc_ldpc_decoder_top:decoder|qc_llr_bank:llr_bank_inst|mem[45][29]               ; Stuck at VCC due to stuck port data_in                                                       ;
; qc_ldpc_decoder_top:decoder|qc_llr_bank:llr_bank_inst|mem[45][31]               ; Stuck at GND due to stuck port data_in                                                       ;
; qc_ldpc_decoder_top:decoder|qc_llr_bank:llr_bank_inst|mem[45][32]               ; Stuck at GND due to stuck port data_in                                                       ;
; qc_ldpc_decoder_top:decoder|qc_llr_bank:llr_bank_inst|mem[45][37]               ; Stuck at VCC due to stuck port data_in                                                       ;
; qc_ldpc_decoder_top:decoder|qc_llr_bank:llr_bank_inst|mem[45][39]               ; Stuck at GND due to stuck port data_in                                                       ;
; qc_ldpc_decoder_top:decoder|qc_llr_bank:llr_bank_inst|mem[45][40]               ; Stuck at GND due to stuck port data_in                                                       ;
; qc_ldpc_decoder_top:decoder|qc_llr_bank:llr_bank_inst|mem[45][45]               ; Stuck at VCC due to stuck port data_in                                                       ;
; qc_ldpc_decoder_top:decoder|qc_llr_bank:llr_bank_inst|mem[45][47]               ; Stuck at GND due to stuck port data_in                                                       ;
; qc_ldpc_decoder_top:decoder|qc_llr_bank:llr_bank_inst|mem[45][48]               ; Stuck at GND due to stuck port data_in                                                       ;
; qc_ldpc_decoder_top:decoder|qc_llr_bank:llr_bank_inst|mem[45][53]               ; Stuck at VCC due to stuck port data_in                                                       ;
; qc_ldpc_decoder_top:decoder|qc_llr_bank:llr_bank_inst|mem[45][55]               ; Stuck at GND due to stuck port data_in                                                       ;
; qc_ldpc_decoder_top:decoder|qc_llr_bank:llr_bank_inst|mem[45][56]               ; Stuck at GND due to stuck port data_in                                                       ;
; qc_ldpc_decoder_top:decoder|qc_llr_bank:llr_bank_inst|mem[45][61]               ; Stuck at VCC due to stuck port data_in                                                       ;
; qc_ldpc_decoder_top:decoder|qc_llr_bank:llr_bank_inst|mem[45][63]               ; Stuck at GND due to stuck port data_in                                                       ;
; qc_ldpc_decoder_top:decoder|qc_llr_bank:llr_bank_inst|mem[44][1]                ; Stuck at GND due to stuck port data_in                                                       ;
; qc_ldpc_decoder_top:decoder|qc_llr_bank:llr_bank_inst|mem[44][5]                ; Stuck at VCC due to stuck port data_in                                                       ;
; qc_ldpc_decoder_top:decoder|qc_llr_bank:llr_bank_inst|mem[44][10]               ; Stuck at GND due to stuck port data_in                                                       ;
; qc_ldpc_decoder_top:decoder|qc_llr_bank:llr_bank_inst|mem[44][13]               ; Stuck at VCC due to stuck port data_in                                                       ;
; qc_ldpc_decoder_top:decoder|qc_llr_bank:llr_bank_inst|mem[44][15]               ; Stuck at GND due to stuck port data_in                                                       ;
; qc_ldpc_decoder_top:decoder|qc_llr_bank:llr_bank_inst|mem[44][16]               ; Stuck at GND due to stuck port data_in                                                       ;
; qc_ldpc_decoder_top:decoder|qc_llr_bank:llr_bank_inst|mem[44][21]               ; Stuck at VCC due to stuck port data_in                                                       ;
; qc_ldpc_decoder_top:decoder|qc_llr_bank:llr_bank_inst|mem[44][23]               ; Stuck at GND due to stuck port data_in                                                       ;
; qc_ldpc_decoder_top:decoder|qc_llr_bank:llr_bank_inst|mem[44][24]               ; Stuck at GND due to stuck port data_in                                                       ;
; qc_ldpc_decoder_top:decoder|qc_llr_bank:llr_bank_inst|mem[44][29]               ; Stuck at VCC due to stuck port data_in                                                       ;
; qc_ldpc_decoder_top:decoder|qc_llr_bank:llr_bank_inst|mem[44][31]               ; Stuck at GND due to stuck port data_in                                                       ;
; qc_ldpc_decoder_top:decoder|qc_llr_bank:llr_bank_inst|mem[44][32]               ; Stuck at GND due to stuck port data_in                                                       ;
; qc_ldpc_decoder_top:decoder|qc_llr_bank:llr_bank_inst|mem[44][37]               ; Stuck at VCC due to stuck port data_in                                                       ;
; qc_ldpc_decoder_top:decoder|qc_llr_bank:llr_bank_inst|mem[44][39]               ; Stuck at GND due to stuck port data_in                                                       ;
; qc_ldpc_decoder_top:decoder|qc_llr_bank:llr_bank_inst|mem[44][40]               ; Stuck at GND due to stuck port data_in                                                       ;
; qc_ldpc_decoder_top:decoder|qc_llr_bank:llr_bank_inst|mem[44][45]               ; Stuck at VCC due to stuck port data_in                                                       ;
; qc_ldpc_decoder_top:decoder|qc_llr_bank:llr_bank_inst|mem[44][47]               ; Stuck at GND due to stuck port data_in                                                       ;
; qc_ldpc_decoder_top:decoder|qc_llr_bank:llr_bank_inst|mem[44][48]               ; Stuck at GND due to stuck port data_in                                                       ;
; qc_ldpc_decoder_top:decoder|qc_llr_bank:llr_bank_inst|mem[44][53]               ; Stuck at VCC due to stuck port data_in                                                       ;
; qc_ldpc_decoder_top:decoder|qc_llr_bank:llr_bank_inst|mem[44][55]               ; Stuck at GND due to stuck port data_in                                                       ;
; qc_ldpc_decoder_top:decoder|qc_llr_bank:llr_bank_inst|mem[44][56]               ; Stuck at GND due to stuck port data_in                                                       ;
; qc_ldpc_decoder_top:decoder|qc_llr_bank:llr_bank_inst|mem[44][61]               ; Stuck at VCC due to stuck port data_in                                                       ;
; qc_ldpc_decoder_top:decoder|qc_llr_bank:llr_bank_inst|mem[44][63]               ; Stuck at GND due to stuck port data_in                                                       ;
; qc_ldpc_decoder_top:decoder|qc_llr_bank:llr_bank_inst|mem[43][1]                ; Stuck at GND due to stuck port data_in                                                       ;
; qc_ldpc_decoder_top:decoder|qc_llr_bank:llr_bank_inst|mem[43][5]                ; Stuck at VCC due to stuck port data_in                                                       ;
; qc_ldpc_decoder_top:decoder|qc_llr_bank:llr_bank_inst|mem[43][10]               ; Stuck at GND due to stuck port data_in                                                       ;
; qc_ldpc_decoder_top:decoder|qc_llr_bank:llr_bank_inst|mem[43][13]               ; Stuck at VCC due to stuck port data_in                                                       ;
; qc_ldpc_decoder_top:decoder|qc_llr_bank:llr_bank_inst|mem[43][15]               ; Stuck at GND due to stuck port data_in                                                       ;
; qc_ldpc_decoder_top:decoder|qc_llr_bank:llr_bank_inst|mem[43][16]               ; Stuck at GND due to stuck port data_in                                                       ;
; qc_ldpc_decoder_top:decoder|qc_llr_bank:llr_bank_inst|mem[43][21]               ; Stuck at VCC due to stuck port data_in                                                       ;
; qc_ldpc_decoder_top:decoder|qc_llr_bank:llr_bank_inst|mem[43][23]               ; Stuck at GND due to stuck port data_in                                                       ;
; qc_ldpc_decoder_top:decoder|qc_llr_bank:llr_bank_inst|mem[43][24]               ; Stuck at GND due to stuck port data_in                                                       ;
; qc_ldpc_decoder_top:decoder|qc_llr_bank:llr_bank_inst|mem[43][29]               ; Stuck at VCC due to stuck port data_in                                                       ;
; qc_ldpc_decoder_top:decoder|qc_llr_bank:llr_bank_inst|mem[43][31]               ; Stuck at GND due to stuck port data_in                                                       ;
; qc_ldpc_decoder_top:decoder|qc_llr_bank:llr_bank_inst|mem[43][32]               ; Stuck at GND due to stuck port data_in                                                       ;
; qc_ldpc_decoder_top:decoder|qc_llr_bank:llr_bank_inst|mem[43][37]               ; Stuck at VCC due to stuck port data_in                                                       ;
; qc_ldpc_decoder_top:decoder|qc_llr_bank:llr_bank_inst|mem[43][39]               ; Stuck at GND due to stuck port data_in                                                       ;
; qc_ldpc_decoder_top:decoder|qc_llr_bank:llr_bank_inst|mem[43][40]               ; Stuck at GND due to stuck port data_in                                                       ;
; qc_ldpc_decoder_top:decoder|qc_llr_bank:llr_bank_inst|mem[43][45]               ; Stuck at VCC due to stuck port data_in                                                       ;
; qc_ldpc_decoder_top:decoder|qc_llr_bank:llr_bank_inst|mem[43][47]               ; Stuck at GND due to stuck port data_in                                                       ;
; qc_ldpc_decoder_top:decoder|qc_llr_bank:llr_bank_inst|mem[43][48]               ; Stuck at GND due to stuck port data_in                                                       ;
; qc_ldpc_decoder_top:decoder|qc_llr_bank:llr_bank_inst|mem[43][53]               ; Stuck at VCC due to stuck port data_in                                                       ;
; qc_ldpc_decoder_top:decoder|qc_llr_bank:llr_bank_inst|mem[43][55]               ; Stuck at GND due to stuck port data_in                                                       ;
; qc_ldpc_decoder_top:decoder|qc_llr_bank:llr_bank_inst|mem[43][56]               ; Stuck at GND due to stuck port data_in                                                       ;
; qc_ldpc_decoder_top:decoder|qc_llr_bank:llr_bank_inst|mem[43][61]               ; Stuck at VCC due to stuck port data_in                                                       ;
; qc_ldpc_decoder_top:decoder|qc_llr_bank:llr_bank_inst|mem[43][63]               ; Stuck at GND due to stuck port data_in                                                       ;
; qc_ldpc_decoder_top:decoder|qc_llr_bank:llr_bank_inst|mem[42][1]                ; Stuck at GND due to stuck port data_in                                                       ;
; qc_ldpc_decoder_top:decoder|qc_llr_bank:llr_bank_inst|mem[42][5]                ; Stuck at VCC due to stuck port data_in                                                       ;
; qc_ldpc_decoder_top:decoder|qc_llr_bank:llr_bank_inst|mem[42][10]               ; Stuck at GND due to stuck port data_in                                                       ;
; qc_ldpc_decoder_top:decoder|qc_llr_bank:llr_bank_inst|mem[42][13]               ; Stuck at VCC due to stuck port data_in                                                       ;
; qc_ldpc_decoder_top:decoder|qc_llr_bank:llr_bank_inst|mem[42][15]               ; Stuck at GND due to stuck port data_in                                                       ;
; qc_ldpc_decoder_top:decoder|qc_llr_bank:llr_bank_inst|mem[42][16]               ; Stuck at GND due to stuck port data_in                                                       ;
; qc_ldpc_decoder_top:decoder|qc_llr_bank:llr_bank_inst|mem[42][21]               ; Stuck at VCC due to stuck port data_in                                                       ;
; qc_ldpc_decoder_top:decoder|qc_llr_bank:llr_bank_inst|mem[42][23]               ; Stuck at GND due to stuck port data_in                                                       ;
; qc_ldpc_decoder_top:decoder|qc_llr_bank:llr_bank_inst|mem[42][24]               ; Stuck at GND due to stuck port data_in                                                       ;
; qc_ldpc_decoder_top:decoder|qc_llr_bank:llr_bank_inst|mem[42][29]               ; Stuck at VCC due to stuck port data_in                                                       ;
; qc_ldpc_decoder_top:decoder|qc_llr_bank:llr_bank_inst|mem[42][31]               ; Stuck at GND due to stuck port data_in                                                       ;
; qc_ldpc_decoder_top:decoder|qc_llr_bank:llr_bank_inst|mem[42][32]               ; Stuck at GND due to stuck port data_in                                                       ;
; qc_ldpc_decoder_top:decoder|qc_llr_bank:llr_bank_inst|mem[42][37]               ; Stuck at VCC due to stuck port data_in                                                       ;
; qc_ldpc_decoder_top:decoder|qc_llr_bank:llr_bank_inst|mem[42][39]               ; Stuck at GND due to stuck port data_in                                                       ;
; qc_ldpc_decoder_top:decoder|qc_llr_bank:llr_bank_inst|mem[42][40]               ; Stuck at GND due to stuck port data_in                                                       ;
; qc_ldpc_decoder_top:decoder|qc_llr_bank:llr_bank_inst|mem[42][45]               ; Stuck at VCC due to stuck port data_in                                                       ;
; qc_ldpc_decoder_top:decoder|qc_llr_bank:llr_bank_inst|mem[42][47]               ; Stuck at GND due to stuck port data_in                                                       ;
; qc_ldpc_decoder_top:decoder|qc_llr_bank:llr_bank_inst|mem[42][48]               ; Stuck at GND due to stuck port data_in                                                       ;
; qc_ldpc_decoder_top:decoder|qc_llr_bank:llr_bank_inst|mem[42][53]               ; Stuck at VCC due to stuck port data_in                                                       ;
; qc_ldpc_decoder_top:decoder|qc_llr_bank:llr_bank_inst|mem[42][55]               ; Stuck at GND due to stuck port data_in                                                       ;
; qc_ldpc_decoder_top:decoder|qc_llr_bank:llr_bank_inst|mem[42][56]               ; Stuck at GND due to stuck port data_in                                                       ;
; qc_ldpc_decoder_top:decoder|qc_llr_bank:llr_bank_inst|mem[42][61]               ; Stuck at VCC due to stuck port data_in                                                       ;
; qc_ldpc_decoder_top:decoder|qc_llr_bank:llr_bank_inst|mem[42][63]               ; Stuck at GND due to stuck port data_in                                                       ;
; qc_ldpc_decoder_top:decoder|qc_llr_bank:llr_bank_inst|mem[41][1]                ; Stuck at GND due to stuck port data_in                                                       ;
; qc_ldpc_decoder_top:decoder|qc_llr_bank:llr_bank_inst|mem[41][5]                ; Stuck at VCC due to stuck port data_in                                                       ;
; qc_ldpc_decoder_top:decoder|qc_llr_bank:llr_bank_inst|mem[41][10]               ; Stuck at GND due to stuck port data_in                                                       ;
; qc_ldpc_decoder_top:decoder|qc_llr_bank:llr_bank_inst|mem[41][13]               ; Stuck at VCC due to stuck port data_in                                                       ;
; qc_ldpc_decoder_top:decoder|qc_llr_bank:llr_bank_inst|mem[41][15]               ; Stuck at GND due to stuck port data_in                                                       ;
; qc_ldpc_decoder_top:decoder|qc_llr_bank:llr_bank_inst|mem[41][16]               ; Stuck at GND due to stuck port data_in                                                       ;
; qc_ldpc_decoder_top:decoder|qc_llr_bank:llr_bank_inst|mem[41][21]               ; Stuck at VCC due to stuck port data_in                                                       ;
; qc_ldpc_decoder_top:decoder|qc_llr_bank:llr_bank_inst|mem[41][23]               ; Stuck at GND due to stuck port data_in                                                       ;
; qc_ldpc_decoder_top:decoder|qc_llr_bank:llr_bank_inst|mem[41][24]               ; Stuck at GND due to stuck port data_in                                                       ;
; qc_ldpc_decoder_top:decoder|qc_llr_bank:llr_bank_inst|mem[41][29]               ; Stuck at VCC due to stuck port data_in                                                       ;
; qc_ldpc_decoder_top:decoder|qc_llr_bank:llr_bank_inst|mem[41][31]               ; Stuck at GND due to stuck port data_in                                                       ;
; qc_ldpc_decoder_top:decoder|qc_llr_bank:llr_bank_inst|mem[41][32]               ; Stuck at GND due to stuck port data_in                                                       ;
; qc_ldpc_decoder_top:decoder|qc_llr_bank:llr_bank_inst|mem[41][37]               ; Stuck at VCC due to stuck port data_in                                                       ;
; qc_ldpc_decoder_top:decoder|qc_llr_bank:llr_bank_inst|mem[41][39]               ; Stuck at GND due to stuck port data_in                                                       ;
; qc_ldpc_decoder_top:decoder|qc_llr_bank:llr_bank_inst|mem[41][40]               ; Stuck at GND due to stuck port data_in                                                       ;
; qc_ldpc_decoder_top:decoder|qc_llr_bank:llr_bank_inst|mem[41][45]               ; Stuck at VCC due to stuck port data_in                                                       ;
; qc_ldpc_decoder_top:decoder|qc_llr_bank:llr_bank_inst|mem[41][47]               ; Stuck at GND due to stuck port data_in                                                       ;
; qc_ldpc_decoder_top:decoder|qc_llr_bank:llr_bank_inst|mem[41][48]               ; Stuck at GND due to stuck port data_in                                                       ;
; qc_ldpc_decoder_top:decoder|qc_llr_bank:llr_bank_inst|mem[41][53]               ; Stuck at VCC due to stuck port data_in                                                       ;
; qc_ldpc_decoder_top:decoder|qc_llr_bank:llr_bank_inst|mem[41][55]               ; Stuck at GND due to stuck port data_in                                                       ;
; qc_ldpc_decoder_top:decoder|qc_llr_bank:llr_bank_inst|mem[41][56]               ; Stuck at GND due to stuck port data_in                                                       ;
; qc_ldpc_decoder_top:decoder|qc_llr_bank:llr_bank_inst|mem[41][61]               ; Stuck at VCC due to stuck port data_in                                                       ;
; qc_ldpc_decoder_top:decoder|qc_llr_bank:llr_bank_inst|mem[41][63]               ; Stuck at GND due to stuck port data_in                                                       ;
; qc_ldpc_decoder_top:decoder|qc_llr_bank:llr_bank_inst|mem[40][1]                ; Stuck at GND due to stuck port data_in                                                       ;
; qc_ldpc_decoder_top:decoder|qc_llr_bank:llr_bank_inst|mem[40][5]                ; Stuck at VCC due to stuck port data_in                                                       ;
; qc_ldpc_decoder_top:decoder|qc_llr_bank:llr_bank_inst|mem[40][10]               ; Stuck at GND due to stuck port data_in                                                       ;
; qc_ldpc_decoder_top:decoder|qc_llr_bank:llr_bank_inst|mem[40][13]               ; Stuck at VCC due to stuck port data_in                                                       ;
; qc_ldpc_decoder_top:decoder|qc_llr_bank:llr_bank_inst|mem[40][15]               ; Stuck at GND due to stuck port data_in                                                       ;
; qc_ldpc_decoder_top:decoder|qc_llr_bank:llr_bank_inst|mem[40][16]               ; Stuck at GND due to stuck port data_in                                                       ;
; qc_ldpc_decoder_top:decoder|qc_llr_bank:llr_bank_inst|mem[40][21]               ; Stuck at VCC due to stuck port data_in                                                       ;
; qc_ldpc_decoder_top:decoder|qc_llr_bank:llr_bank_inst|mem[40][23]               ; Stuck at GND due to stuck port data_in                                                       ;
; qc_ldpc_decoder_top:decoder|qc_llr_bank:llr_bank_inst|mem[40][24]               ; Stuck at GND due to stuck port data_in                                                       ;
; qc_ldpc_decoder_top:decoder|qc_llr_bank:llr_bank_inst|mem[40][29]               ; Stuck at VCC due to stuck port data_in                                                       ;
; qc_ldpc_decoder_top:decoder|qc_llr_bank:llr_bank_inst|mem[40][31]               ; Stuck at GND due to stuck port data_in                                                       ;
; qc_ldpc_decoder_top:decoder|qc_llr_bank:llr_bank_inst|mem[40][32]               ; Stuck at GND due to stuck port data_in                                                       ;
; qc_ldpc_decoder_top:decoder|qc_llr_bank:llr_bank_inst|mem[40][37]               ; Stuck at VCC due to stuck port data_in                                                       ;
; qc_ldpc_decoder_top:decoder|qc_llr_bank:llr_bank_inst|mem[40][39]               ; Stuck at GND due to stuck port data_in                                                       ;
; qc_ldpc_decoder_top:decoder|qc_llr_bank:llr_bank_inst|mem[40][40]               ; Stuck at GND due to stuck port data_in                                                       ;
; qc_ldpc_decoder_top:decoder|qc_llr_bank:llr_bank_inst|mem[40][45]               ; Stuck at VCC due to stuck port data_in                                                       ;
; qc_ldpc_decoder_top:decoder|qc_llr_bank:llr_bank_inst|mem[40][47]               ; Stuck at GND due to stuck port data_in                                                       ;
; qc_ldpc_decoder_top:decoder|qc_llr_bank:llr_bank_inst|mem[40][48]               ; Stuck at GND due to stuck port data_in                                                       ;
; qc_ldpc_decoder_top:decoder|qc_llr_bank:llr_bank_inst|mem[40][53]               ; Stuck at VCC due to stuck port data_in                                                       ;
; qc_ldpc_decoder_top:decoder|qc_llr_bank:llr_bank_inst|mem[40][55]               ; Stuck at GND due to stuck port data_in                                                       ;
; qc_ldpc_decoder_top:decoder|qc_llr_bank:llr_bank_inst|mem[40][56]               ; Stuck at GND due to stuck port data_in                                                       ;
; qc_ldpc_decoder_top:decoder|qc_llr_bank:llr_bank_inst|mem[40][61]               ; Stuck at VCC due to stuck port data_in                                                       ;
; qc_ldpc_decoder_top:decoder|qc_llr_bank:llr_bank_inst|mem[40][63]               ; Stuck at GND due to stuck port data_in                                                       ;
; qc_ldpc_decoder_top:decoder|qc_llr_bank:llr_bank_inst|mem[39][1]                ; Stuck at GND due to stuck port data_in                                                       ;
; qc_ldpc_decoder_top:decoder|qc_llr_bank:llr_bank_inst|mem[39][5]                ; Stuck at VCC due to stuck port data_in                                                       ;
; qc_ldpc_decoder_top:decoder|qc_llr_bank:llr_bank_inst|mem[39][10]               ; Stuck at GND due to stuck port data_in                                                       ;
; qc_ldpc_decoder_top:decoder|qc_llr_bank:llr_bank_inst|mem[39][13]               ; Stuck at VCC due to stuck port data_in                                                       ;
; qc_ldpc_decoder_top:decoder|qc_llr_bank:llr_bank_inst|mem[39][15]               ; Stuck at GND due to stuck port data_in                                                       ;
; qc_ldpc_decoder_top:decoder|qc_llr_bank:llr_bank_inst|mem[39][16]               ; Stuck at GND due to stuck port data_in                                                       ;
; qc_ldpc_decoder_top:decoder|qc_llr_bank:llr_bank_inst|mem[39][21]               ; Stuck at VCC due to stuck port data_in                                                       ;
; qc_ldpc_decoder_top:decoder|qc_llr_bank:llr_bank_inst|mem[39][23]               ; Stuck at GND due to stuck port data_in                                                       ;
; qc_ldpc_decoder_top:decoder|qc_llr_bank:llr_bank_inst|mem[39][24]               ; Stuck at GND due to stuck port data_in                                                       ;
; qc_ldpc_decoder_top:decoder|qc_llr_bank:llr_bank_inst|mem[39][29]               ; Stuck at VCC due to stuck port data_in                                                       ;
; qc_ldpc_decoder_top:decoder|qc_llr_bank:llr_bank_inst|mem[39][31]               ; Stuck at GND due to stuck port data_in                                                       ;
; qc_ldpc_decoder_top:decoder|qc_llr_bank:llr_bank_inst|mem[39][32]               ; Stuck at GND due to stuck port data_in                                                       ;
; qc_ldpc_decoder_top:decoder|qc_llr_bank:llr_bank_inst|mem[39][37]               ; Stuck at VCC due to stuck port data_in                                                       ;
; qc_ldpc_decoder_top:decoder|qc_llr_bank:llr_bank_inst|mem[39][39]               ; Stuck at GND due to stuck port data_in                                                       ;
; qc_ldpc_decoder_top:decoder|qc_llr_bank:llr_bank_inst|mem[39][40]               ; Stuck at GND due to stuck port data_in                                                       ;
; qc_ldpc_decoder_top:decoder|qc_llr_bank:llr_bank_inst|mem[39][45]               ; Stuck at VCC due to stuck port data_in                                                       ;
; qc_ldpc_decoder_top:decoder|qc_llr_bank:llr_bank_inst|mem[39][47]               ; Stuck at GND due to stuck port data_in                                                       ;
; qc_ldpc_decoder_top:decoder|qc_llr_bank:llr_bank_inst|mem[39][48]               ; Stuck at GND due to stuck port data_in                                                       ;
; qc_ldpc_decoder_top:decoder|qc_llr_bank:llr_bank_inst|mem[39][53]               ; Stuck at VCC due to stuck port data_in                                                       ;
; qc_ldpc_decoder_top:decoder|qc_llr_bank:llr_bank_inst|mem[39][55]               ; Stuck at GND due to stuck port data_in                                                       ;
; qc_ldpc_decoder_top:decoder|qc_llr_bank:llr_bank_inst|mem[39][56]               ; Stuck at GND due to stuck port data_in                                                       ;
; qc_ldpc_decoder_top:decoder|qc_llr_bank:llr_bank_inst|mem[39][61]               ; Stuck at VCC due to stuck port data_in                                                       ;
; qc_ldpc_decoder_top:decoder|qc_llr_bank:llr_bank_inst|mem[39][63]               ; Stuck at GND due to stuck port data_in                                                       ;
; qc_ldpc_decoder_top:decoder|qc_llr_bank:llr_bank_inst|mem[38][1]                ; Stuck at GND due to stuck port data_in                                                       ;
; qc_ldpc_decoder_top:decoder|qc_llr_bank:llr_bank_inst|mem[38][5]                ; Stuck at VCC due to stuck port data_in                                                       ;
; qc_ldpc_decoder_top:decoder|qc_llr_bank:llr_bank_inst|mem[38][10]               ; Stuck at GND due to stuck port data_in                                                       ;
; qc_ldpc_decoder_top:decoder|qc_llr_bank:llr_bank_inst|mem[38][13]               ; Stuck at VCC due to stuck port data_in                                                       ;
; qc_ldpc_decoder_top:decoder|qc_llr_bank:llr_bank_inst|mem[38][15]               ; Stuck at GND due to stuck port data_in                                                       ;
; qc_ldpc_decoder_top:decoder|qc_llr_bank:llr_bank_inst|mem[38][16]               ; Stuck at GND due to stuck port data_in                                                       ;
; qc_ldpc_decoder_top:decoder|qc_llr_bank:llr_bank_inst|mem[38][21]               ; Stuck at VCC due to stuck port data_in                                                       ;
; qc_ldpc_decoder_top:decoder|qc_llr_bank:llr_bank_inst|mem[38][23]               ; Stuck at GND due to stuck port data_in                                                       ;
; qc_ldpc_decoder_top:decoder|qc_llr_bank:llr_bank_inst|mem[38][24]               ; Stuck at GND due to stuck port data_in                                                       ;
; qc_ldpc_decoder_top:decoder|qc_llr_bank:llr_bank_inst|mem[38][29]               ; Stuck at VCC due to stuck port data_in                                                       ;
; qc_ldpc_decoder_top:decoder|qc_llr_bank:llr_bank_inst|mem[38][31]               ; Stuck at GND due to stuck port data_in                                                       ;
; qc_ldpc_decoder_top:decoder|qc_llr_bank:llr_bank_inst|mem[38][32]               ; Stuck at GND due to stuck port data_in                                                       ;
; qc_ldpc_decoder_top:decoder|qc_llr_bank:llr_bank_inst|mem[38][37]               ; Stuck at VCC due to stuck port data_in                                                       ;
; qc_ldpc_decoder_top:decoder|qc_llr_bank:llr_bank_inst|mem[38][39]               ; Stuck at GND due to stuck port data_in                                                       ;
; qc_ldpc_decoder_top:decoder|qc_llr_bank:llr_bank_inst|mem[38][40]               ; Stuck at GND due to stuck port data_in                                                       ;
; qc_ldpc_decoder_top:decoder|qc_llr_bank:llr_bank_inst|mem[38][45]               ; Stuck at VCC due to stuck port data_in                                                       ;
; qc_ldpc_decoder_top:decoder|qc_llr_bank:llr_bank_inst|mem[38][47]               ; Stuck at GND due to stuck port data_in                                                       ;
; qc_ldpc_decoder_top:decoder|qc_llr_bank:llr_bank_inst|mem[38][48]               ; Stuck at GND due to stuck port data_in                                                       ;
; qc_ldpc_decoder_top:decoder|qc_llr_bank:llr_bank_inst|mem[38][53]               ; Stuck at VCC due to stuck port data_in                                                       ;
; qc_ldpc_decoder_top:decoder|qc_llr_bank:llr_bank_inst|mem[38][55]               ; Stuck at GND due to stuck port data_in                                                       ;
; qc_ldpc_decoder_top:decoder|qc_llr_bank:llr_bank_inst|mem[38][56]               ; Stuck at GND due to stuck port data_in                                                       ;
; qc_ldpc_decoder_top:decoder|qc_llr_bank:llr_bank_inst|mem[38][61]               ; Stuck at VCC due to stuck port data_in                                                       ;
; qc_ldpc_decoder_top:decoder|qc_llr_bank:llr_bank_inst|mem[38][63]               ; Stuck at GND due to stuck port data_in                                                       ;
; qc_ldpc_decoder_top:decoder|qc_llr_bank:llr_bank_inst|mem[37][1]                ; Stuck at GND due to stuck port data_in                                                       ;
; qc_ldpc_decoder_top:decoder|qc_llr_bank:llr_bank_inst|mem[37][5]                ; Stuck at VCC due to stuck port data_in                                                       ;
; qc_ldpc_decoder_top:decoder|qc_llr_bank:llr_bank_inst|mem[37][10]               ; Stuck at GND due to stuck port data_in                                                       ;
; qc_ldpc_decoder_top:decoder|qc_llr_bank:llr_bank_inst|mem[37][13]               ; Stuck at VCC due to stuck port data_in                                                       ;
; qc_ldpc_decoder_top:decoder|qc_llr_bank:llr_bank_inst|mem[37][15]               ; Stuck at GND due to stuck port data_in                                                       ;
; qc_ldpc_decoder_top:decoder|qc_llr_bank:llr_bank_inst|mem[37][16]               ; Stuck at GND due to stuck port data_in                                                       ;
; qc_ldpc_decoder_top:decoder|qc_llr_bank:llr_bank_inst|mem[37][21]               ; Stuck at VCC due to stuck port data_in                                                       ;
; qc_ldpc_decoder_top:decoder|qc_llr_bank:llr_bank_inst|mem[37][23]               ; Stuck at GND due to stuck port data_in                                                       ;
; qc_ldpc_decoder_top:decoder|qc_llr_bank:llr_bank_inst|mem[37][24]               ; Stuck at GND due to stuck port data_in                                                       ;
; qc_ldpc_decoder_top:decoder|qc_llr_bank:llr_bank_inst|mem[37][29]               ; Stuck at VCC due to stuck port data_in                                                       ;
; qc_ldpc_decoder_top:decoder|qc_llr_bank:llr_bank_inst|mem[37][31]               ; Stuck at GND due to stuck port data_in                                                       ;
; qc_ldpc_decoder_top:decoder|qc_llr_bank:llr_bank_inst|mem[37][32]               ; Stuck at GND due to stuck port data_in                                                       ;
; qc_ldpc_decoder_top:decoder|qc_llr_bank:llr_bank_inst|mem[37][37]               ; Stuck at VCC due to stuck port data_in                                                       ;
; qc_ldpc_decoder_top:decoder|qc_llr_bank:llr_bank_inst|mem[37][39]               ; Stuck at GND due to stuck port data_in                                                       ;
; qc_ldpc_decoder_top:decoder|qc_llr_bank:llr_bank_inst|mem[37][40]               ; Stuck at GND due to stuck port data_in                                                       ;
; qc_ldpc_decoder_top:decoder|qc_llr_bank:llr_bank_inst|mem[37][45]               ; Stuck at VCC due to stuck port data_in                                                       ;
; qc_ldpc_decoder_top:decoder|qc_llr_bank:llr_bank_inst|mem[37][47]               ; Stuck at GND due to stuck port data_in                                                       ;
; qc_ldpc_decoder_top:decoder|qc_llr_bank:llr_bank_inst|mem[37][48]               ; Stuck at GND due to stuck port data_in                                                       ;
; qc_ldpc_decoder_top:decoder|qc_llr_bank:llr_bank_inst|mem[37][53]               ; Stuck at VCC due to stuck port data_in                                                       ;
; qc_ldpc_decoder_top:decoder|qc_llr_bank:llr_bank_inst|mem[37][55]               ; Stuck at GND due to stuck port data_in                                                       ;
; qc_ldpc_decoder_top:decoder|qc_llr_bank:llr_bank_inst|mem[37][56]               ; Stuck at GND due to stuck port data_in                                                       ;
; qc_ldpc_decoder_top:decoder|qc_llr_bank:llr_bank_inst|mem[37][61]               ; Stuck at VCC due to stuck port data_in                                                       ;
; qc_ldpc_decoder_top:decoder|qc_llr_bank:llr_bank_inst|mem[37][63]               ; Stuck at GND due to stuck port data_in                                                       ;
; qc_ldpc_decoder_top:decoder|qc_llr_bank:llr_bank_inst|mem[36][1]                ; Stuck at GND due to stuck port data_in                                                       ;
; qc_ldpc_decoder_top:decoder|qc_llr_bank:llr_bank_inst|mem[36][5]                ; Stuck at VCC due to stuck port data_in                                                       ;
; qc_ldpc_decoder_top:decoder|qc_llr_bank:llr_bank_inst|mem[36][10]               ; Stuck at GND due to stuck port data_in                                                       ;
; qc_ldpc_decoder_top:decoder|qc_llr_bank:llr_bank_inst|mem[36][13]               ; Stuck at VCC due to stuck port data_in                                                       ;
; qc_ldpc_decoder_top:decoder|qc_llr_bank:llr_bank_inst|mem[36][15]               ; Stuck at GND due to stuck port data_in                                                       ;
; qc_ldpc_decoder_top:decoder|qc_llr_bank:llr_bank_inst|mem[36][16]               ; Stuck at GND due to stuck port data_in                                                       ;
; qc_ldpc_decoder_top:decoder|qc_llr_bank:llr_bank_inst|mem[36][21]               ; Stuck at VCC due to stuck port data_in                                                       ;
; qc_ldpc_decoder_top:decoder|qc_llr_bank:llr_bank_inst|mem[36][23]               ; Stuck at GND due to stuck port data_in                                                       ;
; qc_ldpc_decoder_top:decoder|qc_llr_bank:llr_bank_inst|mem[36][24]               ; Stuck at GND due to stuck port data_in                                                       ;
; qc_ldpc_decoder_top:decoder|qc_llr_bank:llr_bank_inst|mem[36][29]               ; Stuck at VCC due to stuck port data_in                                                       ;
; qc_ldpc_decoder_top:decoder|qc_llr_bank:llr_bank_inst|mem[36][31]               ; Stuck at GND due to stuck port data_in                                                       ;
; qc_ldpc_decoder_top:decoder|qc_llr_bank:llr_bank_inst|mem[36][32]               ; Stuck at GND due to stuck port data_in                                                       ;
; qc_ldpc_decoder_top:decoder|qc_llr_bank:llr_bank_inst|mem[36][37]               ; Stuck at VCC due to stuck port data_in                                                       ;
; qc_ldpc_decoder_top:decoder|qc_llr_bank:llr_bank_inst|mem[36][39]               ; Stuck at GND due to stuck port data_in                                                       ;
; qc_ldpc_decoder_top:decoder|qc_llr_bank:llr_bank_inst|mem[36][40]               ; Stuck at GND due to stuck port data_in                                                       ;
; qc_ldpc_decoder_top:decoder|qc_llr_bank:llr_bank_inst|mem[36][45]               ; Stuck at VCC due to stuck port data_in                                                       ;
; qc_ldpc_decoder_top:decoder|qc_llr_bank:llr_bank_inst|mem[36][47]               ; Stuck at GND due to stuck port data_in                                                       ;
; qc_ldpc_decoder_top:decoder|qc_llr_bank:llr_bank_inst|mem[36][48]               ; Stuck at GND due to stuck port data_in                                                       ;
; qc_ldpc_decoder_top:decoder|qc_llr_bank:llr_bank_inst|mem[36][53]               ; Stuck at VCC due to stuck port data_in                                                       ;
; qc_ldpc_decoder_top:decoder|qc_llr_bank:llr_bank_inst|mem[36][55]               ; Stuck at GND due to stuck port data_in                                                       ;
; qc_ldpc_decoder_top:decoder|qc_llr_bank:llr_bank_inst|mem[36][56]               ; Stuck at GND due to stuck port data_in                                                       ;
; qc_ldpc_decoder_top:decoder|qc_llr_bank:llr_bank_inst|mem[36][61]               ; Stuck at VCC due to stuck port data_in                                                       ;
; qc_ldpc_decoder_top:decoder|qc_llr_bank:llr_bank_inst|mem[36][63]               ; Stuck at GND due to stuck port data_in                                                       ;
; qc_ldpc_decoder_top:decoder|qc_llr_bank:llr_bank_inst|mem[35][1]                ; Stuck at GND due to stuck port data_in                                                       ;
; qc_ldpc_decoder_top:decoder|qc_llr_bank:llr_bank_inst|mem[35][5]                ; Stuck at VCC due to stuck port data_in                                                       ;
; qc_ldpc_decoder_top:decoder|qc_llr_bank:llr_bank_inst|mem[35][10]               ; Stuck at GND due to stuck port data_in                                                       ;
; qc_ldpc_decoder_top:decoder|qc_llr_bank:llr_bank_inst|mem[35][13]               ; Stuck at VCC due to stuck port data_in                                                       ;
; qc_ldpc_decoder_top:decoder|qc_llr_bank:llr_bank_inst|mem[35][15]               ; Stuck at GND due to stuck port data_in                                                       ;
; qc_ldpc_decoder_top:decoder|qc_llr_bank:llr_bank_inst|mem[35][16]               ; Stuck at GND due to stuck port data_in                                                       ;
; qc_ldpc_decoder_top:decoder|qc_llr_bank:llr_bank_inst|mem[35][21]               ; Stuck at VCC due to stuck port data_in                                                       ;
; qc_ldpc_decoder_top:decoder|qc_llr_bank:llr_bank_inst|mem[35][23]               ; Stuck at GND due to stuck port data_in                                                       ;
; qc_ldpc_decoder_top:decoder|qc_llr_bank:llr_bank_inst|mem[35][24]               ; Stuck at GND due to stuck port data_in                                                       ;
; qc_ldpc_decoder_top:decoder|qc_llr_bank:llr_bank_inst|mem[35][29]               ; Stuck at VCC due to stuck port data_in                                                       ;
; qc_ldpc_decoder_top:decoder|qc_llr_bank:llr_bank_inst|mem[35][31]               ; Stuck at GND due to stuck port data_in                                                       ;
; qc_ldpc_decoder_top:decoder|qc_llr_bank:llr_bank_inst|mem[35][32]               ; Stuck at GND due to stuck port data_in                                                       ;
; qc_ldpc_decoder_top:decoder|qc_llr_bank:llr_bank_inst|mem[35][37]               ; Stuck at VCC due to stuck port data_in                                                       ;
; qc_ldpc_decoder_top:decoder|qc_llr_bank:llr_bank_inst|mem[35][39]               ; Stuck at GND due to stuck port data_in                                                       ;
; qc_ldpc_decoder_top:decoder|qc_llr_bank:llr_bank_inst|mem[35][40]               ; Stuck at GND due to stuck port data_in                                                       ;
; qc_ldpc_decoder_top:decoder|qc_llr_bank:llr_bank_inst|mem[35][45]               ; Stuck at VCC due to stuck port data_in                                                       ;
; qc_ldpc_decoder_top:decoder|qc_llr_bank:llr_bank_inst|mem[35][47]               ; Stuck at GND due to stuck port data_in                                                       ;
; qc_ldpc_decoder_top:decoder|qc_llr_bank:llr_bank_inst|mem[35][48]               ; Stuck at GND due to stuck port data_in                                                       ;
; qc_ldpc_decoder_top:decoder|qc_llr_bank:llr_bank_inst|mem[35][53]               ; Stuck at VCC due to stuck port data_in                                                       ;
; qc_ldpc_decoder_top:decoder|qc_llr_bank:llr_bank_inst|mem[35][55]               ; Stuck at GND due to stuck port data_in                                                       ;
; qc_ldpc_decoder_top:decoder|qc_llr_bank:llr_bank_inst|mem[35][56]               ; Stuck at GND due to stuck port data_in                                                       ;
; qc_ldpc_decoder_top:decoder|qc_llr_bank:llr_bank_inst|mem[35][61]               ; Stuck at VCC due to stuck port data_in                                                       ;
; qc_ldpc_decoder_top:decoder|qc_llr_bank:llr_bank_inst|mem[35][63]               ; Stuck at GND due to stuck port data_in                                                       ;
; qc_ldpc_decoder_top:decoder|qc_llr_bank:llr_bank_inst|mem[34][1]                ; Stuck at GND due to stuck port data_in                                                       ;
; qc_ldpc_decoder_top:decoder|qc_llr_bank:llr_bank_inst|mem[34][5]                ; Stuck at VCC due to stuck port data_in                                                       ;
; qc_ldpc_decoder_top:decoder|qc_llr_bank:llr_bank_inst|mem[34][10]               ; Stuck at GND due to stuck port data_in                                                       ;
; qc_ldpc_decoder_top:decoder|qc_llr_bank:llr_bank_inst|mem[34][13]               ; Stuck at VCC due to stuck port data_in                                                       ;
; qc_ldpc_decoder_top:decoder|qc_llr_bank:llr_bank_inst|mem[34][15]               ; Stuck at GND due to stuck port data_in                                                       ;
; qc_ldpc_decoder_top:decoder|qc_llr_bank:llr_bank_inst|mem[34][16]               ; Stuck at GND due to stuck port data_in                                                       ;
; qc_ldpc_decoder_top:decoder|qc_llr_bank:llr_bank_inst|mem[34][21]               ; Stuck at VCC due to stuck port data_in                                                       ;
; qc_ldpc_decoder_top:decoder|qc_llr_bank:llr_bank_inst|mem[34][23]               ; Stuck at GND due to stuck port data_in                                                       ;
; qc_ldpc_decoder_top:decoder|qc_llr_bank:llr_bank_inst|mem[34][24]               ; Stuck at GND due to stuck port data_in                                                       ;
; qc_ldpc_decoder_top:decoder|qc_llr_bank:llr_bank_inst|mem[34][29]               ; Stuck at VCC due to stuck port data_in                                                       ;
; qc_ldpc_decoder_top:decoder|qc_llr_bank:llr_bank_inst|mem[34][31]               ; Stuck at GND due to stuck port data_in                                                       ;
; qc_ldpc_decoder_top:decoder|qc_llr_bank:llr_bank_inst|mem[34][32]               ; Stuck at GND due to stuck port data_in                                                       ;
; qc_ldpc_decoder_top:decoder|qc_llr_bank:llr_bank_inst|mem[34][37]               ; Stuck at VCC due to stuck port data_in                                                       ;
; qc_ldpc_decoder_top:decoder|qc_llr_bank:llr_bank_inst|mem[34][39]               ; Stuck at GND due to stuck port data_in                                                       ;
; qc_ldpc_decoder_top:decoder|qc_llr_bank:llr_bank_inst|mem[34][40]               ; Stuck at GND due to stuck port data_in                                                       ;
; qc_ldpc_decoder_top:decoder|qc_llr_bank:llr_bank_inst|mem[34][45]               ; Stuck at VCC due to stuck port data_in                                                       ;
; qc_ldpc_decoder_top:decoder|qc_llr_bank:llr_bank_inst|mem[34][47]               ; Stuck at GND due to stuck port data_in                                                       ;
; qc_ldpc_decoder_top:decoder|qc_llr_bank:llr_bank_inst|mem[34][48]               ; Stuck at GND due to stuck port data_in                                                       ;
; qc_ldpc_decoder_top:decoder|qc_llr_bank:llr_bank_inst|mem[34][53]               ; Stuck at VCC due to stuck port data_in                                                       ;
; qc_ldpc_decoder_top:decoder|qc_llr_bank:llr_bank_inst|mem[34][55]               ; Stuck at GND due to stuck port data_in                                                       ;
; qc_ldpc_decoder_top:decoder|qc_llr_bank:llr_bank_inst|mem[34][56]               ; Stuck at GND due to stuck port data_in                                                       ;
; qc_ldpc_decoder_top:decoder|qc_llr_bank:llr_bank_inst|mem[34][61]               ; Stuck at VCC due to stuck port data_in                                                       ;
; qc_ldpc_decoder_top:decoder|qc_llr_bank:llr_bank_inst|mem[34][63]               ; Stuck at GND due to stuck port data_in                                                       ;
; qc_ldpc_decoder_top:decoder|qc_llr_bank:llr_bank_inst|mem[33][1]                ; Stuck at GND due to stuck port data_in                                                       ;
; qc_ldpc_decoder_top:decoder|qc_llr_bank:llr_bank_inst|mem[33][5]                ; Stuck at VCC due to stuck port data_in                                                       ;
; qc_ldpc_decoder_top:decoder|qc_llr_bank:llr_bank_inst|mem[33][10]               ; Stuck at GND due to stuck port data_in                                                       ;
; qc_ldpc_decoder_top:decoder|qc_llr_bank:llr_bank_inst|mem[33][13]               ; Stuck at VCC due to stuck port data_in                                                       ;
; qc_ldpc_decoder_top:decoder|qc_llr_bank:llr_bank_inst|mem[33][15]               ; Stuck at GND due to stuck port data_in                                                       ;
; qc_ldpc_decoder_top:decoder|qc_llr_bank:llr_bank_inst|mem[33][16]               ; Stuck at GND due to stuck port data_in                                                       ;
; qc_ldpc_decoder_top:decoder|qc_llr_bank:llr_bank_inst|mem[33][21]               ; Stuck at VCC due to stuck port data_in                                                       ;
; qc_ldpc_decoder_top:decoder|qc_llr_bank:llr_bank_inst|mem[33][23]               ; Stuck at GND due to stuck port data_in                                                       ;
; qc_ldpc_decoder_top:decoder|qc_llr_bank:llr_bank_inst|mem[33][24]               ; Stuck at GND due to stuck port data_in                                                       ;
; qc_ldpc_decoder_top:decoder|qc_llr_bank:llr_bank_inst|mem[33][29]               ; Stuck at VCC due to stuck port data_in                                                       ;
; qc_ldpc_decoder_top:decoder|qc_llr_bank:llr_bank_inst|mem[33][31]               ; Stuck at GND due to stuck port data_in                                                       ;
; qc_ldpc_decoder_top:decoder|qc_llr_bank:llr_bank_inst|mem[33][32]               ; Stuck at GND due to stuck port data_in                                                       ;
; qc_ldpc_decoder_top:decoder|qc_llr_bank:llr_bank_inst|mem[33][37]               ; Stuck at VCC due to stuck port data_in                                                       ;
; qc_ldpc_decoder_top:decoder|qc_llr_bank:llr_bank_inst|mem[33][39]               ; Stuck at GND due to stuck port data_in                                                       ;
; qc_ldpc_decoder_top:decoder|qc_llr_bank:llr_bank_inst|mem[33][40]               ; Stuck at GND due to stuck port data_in                                                       ;
; qc_ldpc_decoder_top:decoder|qc_llr_bank:llr_bank_inst|mem[33][45]               ; Stuck at VCC due to stuck port data_in                                                       ;
; qc_ldpc_decoder_top:decoder|qc_llr_bank:llr_bank_inst|mem[33][47]               ; Stuck at GND due to stuck port data_in                                                       ;
; qc_ldpc_decoder_top:decoder|qc_llr_bank:llr_bank_inst|mem[33][48]               ; Stuck at GND due to stuck port data_in                                                       ;
; qc_ldpc_decoder_top:decoder|qc_llr_bank:llr_bank_inst|mem[33][53]               ; Stuck at VCC due to stuck port data_in                                                       ;
; qc_ldpc_decoder_top:decoder|qc_llr_bank:llr_bank_inst|mem[33][55]               ; Stuck at GND due to stuck port data_in                                                       ;
; qc_ldpc_decoder_top:decoder|qc_llr_bank:llr_bank_inst|mem[33][56]               ; Stuck at GND due to stuck port data_in                                                       ;
; qc_ldpc_decoder_top:decoder|qc_llr_bank:llr_bank_inst|mem[33][61]               ; Stuck at VCC due to stuck port data_in                                                       ;
; qc_ldpc_decoder_top:decoder|qc_llr_bank:llr_bank_inst|mem[33][63]               ; Stuck at GND due to stuck port data_in                                                       ;
; qc_ldpc_decoder_top:decoder|qc_llr_bank:llr_bank_inst|mem[32][1]                ; Stuck at GND due to stuck port data_in                                                       ;
; qc_ldpc_decoder_top:decoder|qc_llr_bank:llr_bank_inst|mem[32][5]                ; Stuck at VCC due to stuck port data_in                                                       ;
; qc_ldpc_decoder_top:decoder|qc_llr_bank:llr_bank_inst|mem[32][10]               ; Stuck at GND due to stuck port data_in                                                       ;
; qc_ldpc_decoder_top:decoder|qc_llr_bank:llr_bank_inst|mem[32][13]               ; Stuck at VCC due to stuck port data_in                                                       ;
; qc_ldpc_decoder_top:decoder|qc_llr_bank:llr_bank_inst|mem[32][15]               ; Stuck at GND due to stuck port data_in                                                       ;
; qc_ldpc_decoder_top:decoder|qc_llr_bank:llr_bank_inst|mem[32][16]               ; Stuck at GND due to stuck port data_in                                                       ;
; qc_ldpc_decoder_top:decoder|qc_llr_bank:llr_bank_inst|mem[32][21]               ; Stuck at VCC due to stuck port data_in                                                       ;
; qc_ldpc_decoder_top:decoder|qc_llr_bank:llr_bank_inst|mem[32][23]               ; Stuck at GND due to stuck port data_in                                                       ;
; qc_ldpc_decoder_top:decoder|qc_llr_bank:llr_bank_inst|mem[32][24]               ; Stuck at GND due to stuck port data_in                                                       ;
; qc_ldpc_decoder_top:decoder|qc_llr_bank:llr_bank_inst|mem[32][29]               ; Stuck at VCC due to stuck port data_in                                                       ;
; qc_ldpc_decoder_top:decoder|qc_llr_bank:llr_bank_inst|mem[32][31]               ; Stuck at GND due to stuck port data_in                                                       ;
; qc_ldpc_decoder_top:decoder|qc_llr_bank:llr_bank_inst|mem[32][32]               ; Stuck at GND due to stuck port data_in                                                       ;
; qc_ldpc_decoder_top:decoder|qc_llr_bank:llr_bank_inst|mem[32][37]               ; Stuck at VCC due to stuck port data_in                                                       ;
; qc_ldpc_decoder_top:decoder|qc_llr_bank:llr_bank_inst|mem[32][39]               ; Stuck at GND due to stuck port data_in                                                       ;
; qc_ldpc_decoder_top:decoder|qc_llr_bank:llr_bank_inst|mem[32][40]               ; Stuck at GND due to stuck port data_in                                                       ;
; qc_ldpc_decoder_top:decoder|qc_llr_bank:llr_bank_inst|mem[32][45]               ; Stuck at VCC due to stuck port data_in                                                       ;
; qc_ldpc_decoder_top:decoder|qc_llr_bank:llr_bank_inst|mem[32][47]               ; Stuck at GND due to stuck port data_in                                                       ;
; qc_ldpc_decoder_top:decoder|qc_llr_bank:llr_bank_inst|mem[32][48]               ; Stuck at GND due to stuck port data_in                                                       ;
; qc_ldpc_decoder_top:decoder|qc_llr_bank:llr_bank_inst|mem[32][53]               ; Stuck at VCC due to stuck port data_in                                                       ;
; qc_ldpc_decoder_top:decoder|qc_llr_bank:llr_bank_inst|mem[32][55]               ; Stuck at GND due to stuck port data_in                                                       ;
; qc_ldpc_decoder_top:decoder|qc_llr_bank:llr_bank_inst|mem[32][56]               ; Stuck at GND due to stuck port data_in                                                       ;
; qc_ldpc_decoder_top:decoder|qc_llr_bank:llr_bank_inst|mem[32][61]               ; Stuck at VCC due to stuck port data_in                                                       ;
; qc_ldpc_decoder_top:decoder|qc_llr_bank:llr_bank_inst|mem[32][63]               ; Stuck at GND due to stuck port data_in                                                       ;
; qc_ldpc_decoder_top:decoder|qc_llr_bank:llr_bank_inst|mem[31][1]                ; Stuck at GND due to stuck port data_in                                                       ;
; qc_ldpc_decoder_top:decoder|qc_llr_bank:llr_bank_inst|mem[31][5]                ; Stuck at VCC due to stuck port data_in                                                       ;
; qc_ldpc_decoder_top:decoder|qc_llr_bank:llr_bank_inst|mem[31][10]               ; Stuck at GND due to stuck port data_in                                                       ;
; qc_ldpc_decoder_top:decoder|qc_llr_bank:llr_bank_inst|mem[31][13]               ; Stuck at VCC due to stuck port data_in                                                       ;
; qc_ldpc_decoder_top:decoder|qc_llr_bank:llr_bank_inst|mem[31][15]               ; Stuck at GND due to stuck port data_in                                                       ;
; qc_ldpc_decoder_top:decoder|qc_llr_bank:llr_bank_inst|mem[31][16]               ; Stuck at GND due to stuck port data_in                                                       ;
; qc_ldpc_decoder_top:decoder|qc_llr_bank:llr_bank_inst|mem[31][21]               ; Stuck at VCC due to stuck port data_in                                                       ;
; qc_ldpc_decoder_top:decoder|qc_llr_bank:llr_bank_inst|mem[31][23]               ; Stuck at GND due to stuck port data_in                                                       ;
; qc_ldpc_decoder_top:decoder|qc_llr_bank:llr_bank_inst|mem[31][24]               ; Stuck at GND due to stuck port data_in                                                       ;
; qc_ldpc_decoder_top:decoder|qc_llr_bank:llr_bank_inst|mem[31][29]               ; Stuck at VCC due to stuck port data_in                                                       ;
; qc_ldpc_decoder_top:decoder|qc_llr_bank:llr_bank_inst|mem[31][31]               ; Stuck at GND due to stuck port data_in                                                       ;
; qc_ldpc_decoder_top:decoder|qc_llr_bank:llr_bank_inst|mem[31][32]               ; Stuck at GND due to stuck port data_in                                                       ;
; qc_ldpc_decoder_top:decoder|qc_llr_bank:llr_bank_inst|mem[31][37]               ; Stuck at VCC due to stuck port data_in                                                       ;
; qc_ldpc_decoder_top:decoder|qc_llr_bank:llr_bank_inst|mem[31][39]               ; Stuck at GND due to stuck port data_in                                                       ;
; qc_ldpc_decoder_top:decoder|qc_llr_bank:llr_bank_inst|mem[31][40]               ; Stuck at GND due to stuck port data_in                                                       ;
; qc_ldpc_decoder_top:decoder|qc_llr_bank:llr_bank_inst|mem[31][45]               ; Stuck at VCC due to stuck port data_in                                                       ;
; qc_ldpc_decoder_top:decoder|qc_llr_bank:llr_bank_inst|mem[31][47]               ; Stuck at GND due to stuck port data_in                                                       ;
; qc_ldpc_decoder_top:decoder|qc_llr_bank:llr_bank_inst|mem[31][48]               ; Stuck at GND due to stuck port data_in                                                       ;
; qc_ldpc_decoder_top:decoder|qc_llr_bank:llr_bank_inst|mem[31][53]               ; Stuck at VCC due to stuck port data_in                                                       ;
; qc_ldpc_decoder_top:decoder|qc_llr_bank:llr_bank_inst|mem[31][55]               ; Stuck at GND due to stuck port data_in                                                       ;
; qc_ldpc_decoder_top:decoder|qc_llr_bank:llr_bank_inst|mem[31][56]               ; Stuck at GND due to stuck port data_in                                                       ;
; qc_ldpc_decoder_top:decoder|qc_llr_bank:llr_bank_inst|mem[31][61]               ; Stuck at VCC due to stuck port data_in                                                       ;
; qc_ldpc_decoder_top:decoder|qc_llr_bank:llr_bank_inst|mem[31][63]               ; Stuck at GND due to stuck port data_in                                                       ;
; qc_ldpc_decoder_top:decoder|qc_llr_bank:llr_bank_inst|mem[30][1]                ; Stuck at GND due to stuck port data_in                                                       ;
; qc_ldpc_decoder_top:decoder|qc_llr_bank:llr_bank_inst|mem[30][5]                ; Stuck at VCC due to stuck port data_in                                                       ;
; qc_ldpc_decoder_top:decoder|qc_llr_bank:llr_bank_inst|mem[30][10]               ; Stuck at GND due to stuck port data_in                                                       ;
; qc_ldpc_decoder_top:decoder|qc_llr_bank:llr_bank_inst|mem[30][13]               ; Stuck at VCC due to stuck port data_in                                                       ;
; qc_ldpc_decoder_top:decoder|qc_llr_bank:llr_bank_inst|mem[30][15]               ; Stuck at GND due to stuck port data_in                                                       ;
; qc_ldpc_decoder_top:decoder|qc_llr_bank:llr_bank_inst|mem[30][16]               ; Stuck at GND due to stuck port data_in                                                       ;
; qc_ldpc_decoder_top:decoder|qc_llr_bank:llr_bank_inst|mem[30][21]               ; Stuck at VCC due to stuck port data_in                                                       ;
; qc_ldpc_decoder_top:decoder|qc_llr_bank:llr_bank_inst|mem[30][23]               ; Stuck at GND due to stuck port data_in                                                       ;
; qc_ldpc_decoder_top:decoder|qc_llr_bank:llr_bank_inst|mem[30][24]               ; Stuck at GND due to stuck port data_in                                                       ;
; qc_ldpc_decoder_top:decoder|qc_llr_bank:llr_bank_inst|mem[30][29]               ; Stuck at VCC due to stuck port data_in                                                       ;
; qc_ldpc_decoder_top:decoder|qc_llr_bank:llr_bank_inst|mem[30][31]               ; Stuck at GND due to stuck port data_in                                                       ;
; qc_ldpc_decoder_top:decoder|qc_llr_bank:llr_bank_inst|mem[30][32]               ; Stuck at GND due to stuck port data_in                                                       ;
; qc_ldpc_decoder_top:decoder|qc_llr_bank:llr_bank_inst|mem[30][37]               ; Stuck at VCC due to stuck port data_in                                                       ;
; qc_ldpc_decoder_top:decoder|qc_llr_bank:llr_bank_inst|mem[30][39]               ; Stuck at GND due to stuck port data_in                                                       ;
; qc_ldpc_decoder_top:decoder|qc_llr_bank:llr_bank_inst|mem[30][40]               ; Stuck at GND due to stuck port data_in                                                       ;
; qc_ldpc_decoder_top:decoder|qc_llr_bank:llr_bank_inst|mem[30][45]               ; Stuck at VCC due to stuck port data_in                                                       ;
; qc_ldpc_decoder_top:decoder|qc_llr_bank:llr_bank_inst|mem[30][47]               ; Stuck at GND due to stuck port data_in                                                       ;
; qc_ldpc_decoder_top:decoder|qc_llr_bank:llr_bank_inst|mem[30][48]               ; Stuck at GND due to stuck port data_in                                                       ;
; qc_ldpc_decoder_top:decoder|qc_llr_bank:llr_bank_inst|mem[30][53]               ; Stuck at VCC due to stuck port data_in                                                       ;
; qc_ldpc_decoder_top:decoder|qc_llr_bank:llr_bank_inst|mem[30][55]               ; Stuck at GND due to stuck port data_in                                                       ;
; qc_ldpc_decoder_top:decoder|qc_llr_bank:llr_bank_inst|mem[30][56]               ; Stuck at GND due to stuck port data_in                                                       ;
; qc_ldpc_decoder_top:decoder|qc_llr_bank:llr_bank_inst|mem[30][61]               ; Stuck at VCC due to stuck port data_in                                                       ;
; qc_ldpc_decoder_top:decoder|qc_llr_bank:llr_bank_inst|mem[30][63]               ; Stuck at GND due to stuck port data_in                                                       ;
; qc_ldpc_decoder_top:decoder|qc_llr_bank:llr_bank_inst|mem[29][1]                ; Stuck at GND due to stuck port data_in                                                       ;
; qc_ldpc_decoder_top:decoder|qc_llr_bank:llr_bank_inst|mem[29][5]                ; Stuck at VCC due to stuck port data_in                                                       ;
; qc_ldpc_decoder_top:decoder|qc_llr_bank:llr_bank_inst|mem[29][10]               ; Stuck at GND due to stuck port data_in                                                       ;
; qc_ldpc_decoder_top:decoder|qc_llr_bank:llr_bank_inst|mem[29][13]               ; Stuck at VCC due to stuck port data_in                                                       ;
; qc_ldpc_decoder_top:decoder|qc_llr_bank:llr_bank_inst|mem[29][15]               ; Stuck at GND due to stuck port data_in                                                       ;
; qc_ldpc_decoder_top:decoder|qc_llr_bank:llr_bank_inst|mem[29][16]               ; Stuck at GND due to stuck port data_in                                                       ;
; qc_ldpc_decoder_top:decoder|qc_llr_bank:llr_bank_inst|mem[29][21]               ; Stuck at VCC due to stuck port data_in                                                       ;
; qc_ldpc_decoder_top:decoder|qc_llr_bank:llr_bank_inst|mem[29][23]               ; Stuck at GND due to stuck port data_in                                                       ;
; qc_ldpc_decoder_top:decoder|qc_llr_bank:llr_bank_inst|mem[29][24]               ; Stuck at GND due to stuck port data_in                                                       ;
; qc_ldpc_decoder_top:decoder|qc_llr_bank:llr_bank_inst|mem[29][29]               ; Stuck at VCC due to stuck port data_in                                                       ;
; qc_ldpc_decoder_top:decoder|qc_llr_bank:llr_bank_inst|mem[29][31]               ; Stuck at GND due to stuck port data_in                                                       ;
; qc_ldpc_decoder_top:decoder|qc_llr_bank:llr_bank_inst|mem[29][32]               ; Stuck at GND due to stuck port data_in                                                       ;
; qc_ldpc_decoder_top:decoder|qc_llr_bank:llr_bank_inst|mem[29][37]               ; Stuck at VCC due to stuck port data_in                                                       ;
; qc_ldpc_decoder_top:decoder|qc_llr_bank:llr_bank_inst|mem[29][39]               ; Stuck at GND due to stuck port data_in                                                       ;
; qc_ldpc_decoder_top:decoder|qc_llr_bank:llr_bank_inst|mem[29][40]               ; Stuck at GND due to stuck port data_in                                                       ;
; qc_ldpc_decoder_top:decoder|qc_llr_bank:llr_bank_inst|mem[29][45]               ; Stuck at VCC due to stuck port data_in                                                       ;
; qc_ldpc_decoder_top:decoder|qc_llr_bank:llr_bank_inst|mem[29][47]               ; Stuck at GND due to stuck port data_in                                                       ;
; qc_ldpc_decoder_top:decoder|qc_llr_bank:llr_bank_inst|mem[29][48]               ; Stuck at GND due to stuck port data_in                                                       ;
; qc_ldpc_decoder_top:decoder|qc_llr_bank:llr_bank_inst|mem[29][53]               ; Stuck at VCC due to stuck port data_in                                                       ;
; qc_ldpc_decoder_top:decoder|qc_llr_bank:llr_bank_inst|mem[29][55]               ; Stuck at GND due to stuck port data_in                                                       ;
; qc_ldpc_decoder_top:decoder|qc_llr_bank:llr_bank_inst|mem[29][56]               ; Stuck at GND due to stuck port data_in                                                       ;
; qc_ldpc_decoder_top:decoder|qc_llr_bank:llr_bank_inst|mem[29][61]               ; Stuck at VCC due to stuck port data_in                                                       ;
; qc_ldpc_decoder_top:decoder|qc_llr_bank:llr_bank_inst|mem[29][63]               ; Stuck at GND due to stuck port data_in                                                       ;
; qc_ldpc_decoder_top:decoder|qc_llr_bank:llr_bank_inst|mem[28][1]                ; Stuck at GND due to stuck port data_in                                                       ;
; qc_ldpc_decoder_top:decoder|qc_llr_bank:llr_bank_inst|mem[28][5]                ; Stuck at VCC due to stuck port data_in                                                       ;
; qc_ldpc_decoder_top:decoder|qc_llr_bank:llr_bank_inst|mem[28][10]               ; Stuck at GND due to stuck port data_in                                                       ;
; qc_ldpc_decoder_top:decoder|qc_llr_bank:llr_bank_inst|mem[28][13]               ; Stuck at VCC due to stuck port data_in                                                       ;
; qc_ldpc_decoder_top:decoder|qc_llr_bank:llr_bank_inst|mem[28][15]               ; Stuck at GND due to stuck port data_in                                                       ;
; qc_ldpc_decoder_top:decoder|qc_llr_bank:llr_bank_inst|mem[28][16]               ; Stuck at GND due to stuck port data_in                                                       ;
; qc_ldpc_decoder_top:decoder|qc_llr_bank:llr_bank_inst|mem[28][21]               ; Stuck at VCC due to stuck port data_in                                                       ;
; qc_ldpc_decoder_top:decoder|qc_llr_bank:llr_bank_inst|mem[28][23]               ; Stuck at GND due to stuck port data_in                                                       ;
; qc_ldpc_decoder_top:decoder|qc_llr_bank:llr_bank_inst|mem[28][24]               ; Stuck at GND due to stuck port data_in                                                       ;
; qc_ldpc_decoder_top:decoder|qc_llr_bank:llr_bank_inst|mem[28][29]               ; Stuck at VCC due to stuck port data_in                                                       ;
; qc_ldpc_decoder_top:decoder|qc_llr_bank:llr_bank_inst|mem[28][31]               ; Stuck at GND due to stuck port data_in                                                       ;
; qc_ldpc_decoder_top:decoder|qc_llr_bank:llr_bank_inst|mem[28][32]               ; Stuck at GND due to stuck port data_in                                                       ;
; qc_ldpc_decoder_top:decoder|qc_llr_bank:llr_bank_inst|mem[28][37]               ; Stuck at VCC due to stuck port data_in                                                       ;
; qc_ldpc_decoder_top:decoder|qc_llr_bank:llr_bank_inst|mem[28][39]               ; Stuck at GND due to stuck port data_in                                                       ;
; qc_ldpc_decoder_top:decoder|qc_llr_bank:llr_bank_inst|mem[28][40]               ; Stuck at GND due to stuck port data_in                                                       ;
; qc_ldpc_decoder_top:decoder|qc_llr_bank:llr_bank_inst|mem[28][45]               ; Stuck at VCC due to stuck port data_in                                                       ;
; qc_ldpc_decoder_top:decoder|qc_llr_bank:llr_bank_inst|mem[28][47]               ; Stuck at GND due to stuck port data_in                                                       ;
; qc_ldpc_decoder_top:decoder|qc_llr_bank:llr_bank_inst|mem[28][48]               ; Stuck at GND due to stuck port data_in                                                       ;
; qc_ldpc_decoder_top:decoder|qc_llr_bank:llr_bank_inst|mem[28][53]               ; Stuck at VCC due to stuck port data_in                                                       ;
; qc_ldpc_decoder_top:decoder|qc_llr_bank:llr_bank_inst|mem[28][55]               ; Stuck at GND due to stuck port data_in                                                       ;
; qc_ldpc_decoder_top:decoder|qc_llr_bank:llr_bank_inst|mem[28][56]               ; Stuck at GND due to stuck port data_in                                                       ;
; qc_ldpc_decoder_top:decoder|qc_llr_bank:llr_bank_inst|mem[28][61]               ; Stuck at VCC due to stuck port data_in                                                       ;
; qc_ldpc_decoder_top:decoder|qc_llr_bank:llr_bank_inst|mem[28][63]               ; Stuck at GND due to stuck port data_in                                                       ;
; qc_ldpc_decoder_top:decoder|qc_llr_bank:llr_bank_inst|mem[27][1]                ; Stuck at GND due to stuck port data_in                                                       ;
; qc_ldpc_decoder_top:decoder|qc_llr_bank:llr_bank_inst|mem[27][5]                ; Stuck at VCC due to stuck port data_in                                                       ;
; qc_ldpc_decoder_top:decoder|qc_llr_bank:llr_bank_inst|mem[27][10]               ; Stuck at GND due to stuck port data_in                                                       ;
; qc_ldpc_decoder_top:decoder|qc_llr_bank:llr_bank_inst|mem[27][13]               ; Stuck at VCC due to stuck port data_in                                                       ;
; qc_ldpc_decoder_top:decoder|qc_llr_bank:llr_bank_inst|mem[27][15]               ; Stuck at GND due to stuck port data_in                                                       ;
; qc_ldpc_decoder_top:decoder|qc_llr_bank:llr_bank_inst|mem[27][16]               ; Stuck at GND due to stuck port data_in                                                       ;
; qc_ldpc_decoder_top:decoder|qc_llr_bank:llr_bank_inst|mem[27][21]               ; Stuck at VCC due to stuck port data_in                                                       ;
; qc_ldpc_decoder_top:decoder|qc_llr_bank:llr_bank_inst|mem[27][23]               ; Stuck at GND due to stuck port data_in                                                       ;
; qc_ldpc_decoder_top:decoder|qc_llr_bank:llr_bank_inst|mem[27][24]               ; Stuck at GND due to stuck port data_in                                                       ;
; qc_ldpc_decoder_top:decoder|qc_llr_bank:llr_bank_inst|mem[27][29]               ; Stuck at VCC due to stuck port data_in                                                       ;
; qc_ldpc_decoder_top:decoder|qc_llr_bank:llr_bank_inst|mem[27][31]               ; Stuck at GND due to stuck port data_in                                                       ;
; qc_ldpc_decoder_top:decoder|qc_llr_bank:llr_bank_inst|mem[27][32]               ; Stuck at GND due to stuck port data_in                                                       ;
; qc_ldpc_decoder_top:decoder|qc_llr_bank:llr_bank_inst|mem[27][37]               ; Stuck at VCC due to stuck port data_in                                                       ;
; qc_ldpc_decoder_top:decoder|qc_llr_bank:llr_bank_inst|mem[27][39]               ; Stuck at GND due to stuck port data_in                                                       ;
; qc_ldpc_decoder_top:decoder|qc_llr_bank:llr_bank_inst|mem[27][40]               ; Stuck at GND due to stuck port data_in                                                       ;
; qc_ldpc_decoder_top:decoder|qc_llr_bank:llr_bank_inst|mem[27][45]               ; Stuck at VCC due to stuck port data_in                                                       ;
; qc_ldpc_decoder_top:decoder|qc_llr_bank:llr_bank_inst|mem[27][47]               ; Stuck at GND due to stuck port data_in                                                       ;
; qc_ldpc_decoder_top:decoder|qc_llr_bank:llr_bank_inst|mem[27][48]               ; Stuck at GND due to stuck port data_in                                                       ;
; qc_ldpc_decoder_top:decoder|qc_llr_bank:llr_bank_inst|mem[27][53]               ; Stuck at VCC due to stuck port data_in                                                       ;
; qc_ldpc_decoder_top:decoder|qc_llr_bank:llr_bank_inst|mem[27][55]               ; Stuck at GND due to stuck port data_in                                                       ;
; qc_ldpc_decoder_top:decoder|qc_llr_bank:llr_bank_inst|mem[27][56]               ; Stuck at GND due to stuck port data_in                                                       ;
; qc_ldpc_decoder_top:decoder|qc_llr_bank:llr_bank_inst|mem[27][61]               ; Stuck at VCC due to stuck port data_in                                                       ;
; qc_ldpc_decoder_top:decoder|qc_llr_bank:llr_bank_inst|mem[27][63]               ; Stuck at GND due to stuck port data_in                                                       ;
; qc_ldpc_decoder_top:decoder|qc_llr_bank:llr_bank_inst|mem[26][1]                ; Stuck at GND due to stuck port data_in                                                       ;
; qc_ldpc_decoder_top:decoder|qc_llr_bank:llr_bank_inst|mem[26][5]                ; Stuck at VCC due to stuck port data_in                                                       ;
; qc_ldpc_decoder_top:decoder|qc_llr_bank:llr_bank_inst|mem[26][10]               ; Stuck at GND due to stuck port data_in                                                       ;
; qc_ldpc_decoder_top:decoder|qc_llr_bank:llr_bank_inst|mem[26][13]               ; Stuck at VCC due to stuck port data_in                                                       ;
; qc_ldpc_decoder_top:decoder|qc_llr_bank:llr_bank_inst|mem[26][15]               ; Stuck at GND due to stuck port data_in                                                       ;
; qc_ldpc_decoder_top:decoder|qc_llr_bank:llr_bank_inst|mem[26][16]               ; Stuck at GND due to stuck port data_in                                                       ;
; qc_ldpc_decoder_top:decoder|qc_llr_bank:llr_bank_inst|mem[26][21]               ; Stuck at VCC due to stuck port data_in                                                       ;
; qc_ldpc_decoder_top:decoder|qc_llr_bank:llr_bank_inst|mem[26][23]               ; Stuck at GND due to stuck port data_in                                                       ;
; qc_ldpc_decoder_top:decoder|qc_llr_bank:llr_bank_inst|mem[26][24]               ; Stuck at GND due to stuck port data_in                                                       ;
; qc_ldpc_decoder_top:decoder|qc_llr_bank:llr_bank_inst|mem[26][29]               ; Stuck at VCC due to stuck port data_in                                                       ;
; qc_ldpc_decoder_top:decoder|qc_llr_bank:llr_bank_inst|mem[26][31]               ; Stuck at GND due to stuck port data_in                                                       ;
; qc_ldpc_decoder_top:decoder|qc_llr_bank:llr_bank_inst|mem[26][32]               ; Stuck at GND due to stuck port data_in                                                       ;
; qc_ldpc_decoder_top:decoder|qc_llr_bank:llr_bank_inst|mem[26][37]               ; Stuck at VCC due to stuck port data_in                                                       ;
; qc_ldpc_decoder_top:decoder|qc_llr_bank:llr_bank_inst|mem[26][39]               ; Stuck at GND due to stuck port data_in                                                       ;
; qc_ldpc_decoder_top:decoder|qc_llr_bank:llr_bank_inst|mem[26][40]               ; Stuck at GND due to stuck port data_in                                                       ;
; qc_ldpc_decoder_top:decoder|qc_llr_bank:llr_bank_inst|mem[26][45]               ; Stuck at VCC due to stuck port data_in                                                       ;
; qc_ldpc_decoder_top:decoder|qc_llr_bank:llr_bank_inst|mem[26][47]               ; Stuck at GND due to stuck port data_in                                                       ;
; qc_ldpc_decoder_top:decoder|qc_llr_bank:llr_bank_inst|mem[26][48]               ; Stuck at GND due to stuck port data_in                                                       ;
; qc_ldpc_decoder_top:decoder|qc_llr_bank:llr_bank_inst|mem[26][53]               ; Stuck at VCC due to stuck port data_in                                                       ;
; qc_ldpc_decoder_top:decoder|qc_llr_bank:llr_bank_inst|mem[26][55]               ; Stuck at GND due to stuck port data_in                                                       ;
; qc_ldpc_decoder_top:decoder|qc_llr_bank:llr_bank_inst|mem[26][56]               ; Stuck at GND due to stuck port data_in                                                       ;
; qc_ldpc_decoder_top:decoder|qc_llr_bank:llr_bank_inst|mem[26][61]               ; Stuck at VCC due to stuck port data_in                                                       ;
; qc_ldpc_decoder_top:decoder|qc_llr_bank:llr_bank_inst|mem[26][63]               ; Stuck at GND due to stuck port data_in                                                       ;
; qc_ldpc_decoder_top:decoder|qc_llr_bank:llr_bank_inst|mem[25][1]                ; Stuck at GND due to stuck port data_in                                                       ;
; qc_ldpc_decoder_top:decoder|qc_llr_bank:llr_bank_inst|mem[25][5]                ; Stuck at VCC due to stuck port data_in                                                       ;
; qc_ldpc_decoder_top:decoder|qc_llr_bank:llr_bank_inst|mem[25][10]               ; Stuck at GND due to stuck port data_in                                                       ;
; qc_ldpc_decoder_top:decoder|qc_llr_bank:llr_bank_inst|mem[25][13]               ; Stuck at VCC due to stuck port data_in                                                       ;
; qc_ldpc_decoder_top:decoder|qc_llr_bank:llr_bank_inst|mem[25][15]               ; Stuck at GND due to stuck port data_in                                                       ;
; qc_ldpc_decoder_top:decoder|qc_llr_bank:llr_bank_inst|mem[25][16]               ; Stuck at GND due to stuck port data_in                                                       ;
; qc_ldpc_decoder_top:decoder|qc_llr_bank:llr_bank_inst|mem[25][21]               ; Stuck at VCC due to stuck port data_in                                                       ;
; qc_ldpc_decoder_top:decoder|qc_llr_bank:llr_bank_inst|mem[25][23]               ; Stuck at GND due to stuck port data_in                                                       ;
; qc_ldpc_decoder_top:decoder|qc_llr_bank:llr_bank_inst|mem[25][24]               ; Stuck at GND due to stuck port data_in                                                       ;
; qc_ldpc_decoder_top:decoder|qc_llr_bank:llr_bank_inst|mem[25][29]               ; Stuck at VCC due to stuck port data_in                                                       ;
; qc_ldpc_decoder_top:decoder|qc_llr_bank:llr_bank_inst|mem[25][31]               ; Stuck at GND due to stuck port data_in                                                       ;
; qc_ldpc_decoder_top:decoder|qc_llr_bank:llr_bank_inst|mem[25][32]               ; Stuck at GND due to stuck port data_in                                                       ;
; qc_ldpc_decoder_top:decoder|qc_llr_bank:llr_bank_inst|mem[25][37]               ; Stuck at VCC due to stuck port data_in                                                       ;
; qc_ldpc_decoder_top:decoder|qc_llr_bank:llr_bank_inst|mem[25][39]               ; Stuck at GND due to stuck port data_in                                                       ;
; qc_ldpc_decoder_top:decoder|qc_llr_bank:llr_bank_inst|mem[25][40]               ; Stuck at GND due to stuck port data_in                                                       ;
; qc_ldpc_decoder_top:decoder|qc_llr_bank:llr_bank_inst|mem[25][45]               ; Stuck at VCC due to stuck port data_in                                                       ;
; qc_ldpc_decoder_top:decoder|qc_llr_bank:llr_bank_inst|mem[25][47]               ; Stuck at GND due to stuck port data_in                                                       ;
; qc_ldpc_decoder_top:decoder|qc_llr_bank:llr_bank_inst|mem[25][48]               ; Stuck at GND due to stuck port data_in                                                       ;
; qc_ldpc_decoder_top:decoder|qc_llr_bank:llr_bank_inst|mem[25][53]               ; Stuck at VCC due to stuck port data_in                                                       ;
; qc_ldpc_decoder_top:decoder|qc_llr_bank:llr_bank_inst|mem[25][55]               ; Stuck at GND due to stuck port data_in                                                       ;
; qc_ldpc_decoder_top:decoder|qc_llr_bank:llr_bank_inst|mem[25][56]               ; Stuck at GND due to stuck port data_in                                                       ;
; qc_ldpc_decoder_top:decoder|qc_llr_bank:llr_bank_inst|mem[25][61]               ; Stuck at VCC due to stuck port data_in                                                       ;
; qc_ldpc_decoder_top:decoder|qc_llr_bank:llr_bank_inst|mem[25][63]               ; Stuck at GND due to stuck port data_in                                                       ;
; qc_ldpc_decoder_top:decoder|qc_llr_bank:llr_bank_inst|mem[24][1]                ; Stuck at GND due to stuck port data_in                                                       ;
; qc_ldpc_decoder_top:decoder|qc_llr_bank:llr_bank_inst|mem[24][5]                ; Stuck at VCC due to stuck port data_in                                                       ;
; qc_ldpc_decoder_top:decoder|qc_llr_bank:llr_bank_inst|mem[24][10]               ; Stuck at GND due to stuck port data_in                                                       ;
; qc_ldpc_decoder_top:decoder|qc_llr_bank:llr_bank_inst|mem[24][13]               ; Stuck at VCC due to stuck port data_in                                                       ;
; qc_ldpc_decoder_top:decoder|qc_llr_bank:llr_bank_inst|mem[24][15]               ; Stuck at GND due to stuck port data_in                                                       ;
; qc_ldpc_decoder_top:decoder|qc_llr_bank:llr_bank_inst|mem[24][16]               ; Stuck at GND due to stuck port data_in                                                       ;
; qc_ldpc_decoder_top:decoder|qc_llr_bank:llr_bank_inst|mem[24][21]               ; Stuck at VCC due to stuck port data_in                                                       ;
; qc_ldpc_decoder_top:decoder|qc_llr_bank:llr_bank_inst|mem[24][23]               ; Stuck at GND due to stuck port data_in                                                       ;
; qc_ldpc_decoder_top:decoder|qc_llr_bank:llr_bank_inst|mem[24][24]               ; Stuck at GND due to stuck port data_in                                                       ;
; qc_ldpc_decoder_top:decoder|qc_llr_bank:llr_bank_inst|mem[24][29]               ; Stuck at VCC due to stuck port data_in                                                       ;
; qc_ldpc_decoder_top:decoder|qc_llr_bank:llr_bank_inst|mem[24][31]               ; Stuck at GND due to stuck port data_in                                                       ;
; qc_ldpc_decoder_top:decoder|qc_llr_bank:llr_bank_inst|mem[24][32]               ; Stuck at GND due to stuck port data_in                                                       ;
; qc_ldpc_decoder_top:decoder|qc_llr_bank:llr_bank_inst|mem[24][37]               ; Stuck at VCC due to stuck port data_in                                                       ;
; qc_ldpc_decoder_top:decoder|qc_llr_bank:llr_bank_inst|mem[24][39]               ; Stuck at GND due to stuck port data_in                                                       ;
; qc_ldpc_decoder_top:decoder|qc_llr_bank:llr_bank_inst|mem[24][40]               ; Stuck at GND due to stuck port data_in                                                       ;
; qc_ldpc_decoder_top:decoder|qc_llr_bank:llr_bank_inst|mem[24][45]               ; Stuck at VCC due to stuck port data_in                                                       ;
; qc_ldpc_decoder_top:decoder|qc_llr_bank:llr_bank_inst|mem[24][47]               ; Stuck at GND due to stuck port data_in                                                       ;
; qc_ldpc_decoder_top:decoder|qc_llr_bank:llr_bank_inst|mem[24][48]               ; Stuck at GND due to stuck port data_in                                                       ;
; qc_ldpc_decoder_top:decoder|qc_llr_bank:llr_bank_inst|mem[24][53]               ; Stuck at VCC due to stuck port data_in                                                       ;
; qc_ldpc_decoder_top:decoder|qc_llr_bank:llr_bank_inst|mem[24][55]               ; Stuck at GND due to stuck port data_in                                                       ;
; qc_ldpc_decoder_top:decoder|qc_llr_bank:llr_bank_inst|mem[24][56]               ; Stuck at GND due to stuck port data_in                                                       ;
; qc_ldpc_decoder_top:decoder|qc_llr_bank:llr_bank_inst|mem[24][61]               ; Stuck at VCC due to stuck port data_in                                                       ;
; qc_ldpc_decoder_top:decoder|qc_llr_bank:llr_bank_inst|mem[24][63]               ; Stuck at GND due to stuck port data_in                                                       ;
; qc_ldpc_decoder_top:decoder|qc_llr_bank:llr_bank_inst|mem[23][1]                ; Stuck at GND due to stuck port data_in                                                       ;
; qc_ldpc_decoder_top:decoder|qc_llr_bank:llr_bank_inst|mem[23][5]                ; Stuck at VCC due to stuck port data_in                                                       ;
; qc_ldpc_decoder_top:decoder|qc_llr_bank:llr_bank_inst|mem[23][10]               ; Stuck at GND due to stuck port data_in                                                       ;
; qc_ldpc_decoder_top:decoder|qc_llr_bank:llr_bank_inst|mem[23][13]               ; Stuck at VCC due to stuck port data_in                                                       ;
; qc_ldpc_decoder_top:decoder|qc_llr_bank:llr_bank_inst|mem[23][15]               ; Stuck at GND due to stuck port data_in                                                       ;
; qc_ldpc_decoder_top:decoder|qc_llr_bank:llr_bank_inst|mem[23][16]               ; Stuck at GND due to stuck port data_in                                                       ;
; qc_ldpc_decoder_top:decoder|qc_llr_bank:llr_bank_inst|mem[23][21]               ; Stuck at VCC due to stuck port data_in                                                       ;
; qc_ldpc_decoder_top:decoder|qc_llr_bank:llr_bank_inst|mem[23][23]               ; Stuck at GND due to stuck port data_in                                                       ;
; qc_ldpc_decoder_top:decoder|qc_llr_bank:llr_bank_inst|mem[23][24]               ; Stuck at GND due to stuck port data_in                                                       ;
; qc_ldpc_decoder_top:decoder|qc_llr_bank:llr_bank_inst|mem[23][29]               ; Stuck at VCC due to stuck port data_in                                                       ;
; qc_ldpc_decoder_top:decoder|qc_llr_bank:llr_bank_inst|mem[23][31]               ; Stuck at GND due to stuck port data_in                                                       ;
; qc_ldpc_decoder_top:decoder|qc_llr_bank:llr_bank_inst|mem[23][32]               ; Stuck at GND due to stuck port data_in                                                       ;
; qc_ldpc_decoder_top:decoder|qc_llr_bank:llr_bank_inst|mem[23][37]               ; Stuck at VCC due to stuck port data_in                                                       ;
; qc_ldpc_decoder_top:decoder|qc_llr_bank:llr_bank_inst|mem[23][39]               ; Stuck at GND due to stuck port data_in                                                       ;
; qc_ldpc_decoder_top:decoder|qc_llr_bank:llr_bank_inst|mem[23][40]               ; Stuck at GND due to stuck port data_in                                                       ;
; qc_ldpc_decoder_top:decoder|qc_llr_bank:llr_bank_inst|mem[23][45]               ; Stuck at VCC due to stuck port data_in                                                       ;
; qc_ldpc_decoder_top:decoder|qc_llr_bank:llr_bank_inst|mem[23][47]               ; Stuck at GND due to stuck port data_in                                                       ;
; qc_ldpc_decoder_top:decoder|qc_llr_bank:llr_bank_inst|mem[23][48]               ; Stuck at GND due to stuck port data_in                                                       ;
; qc_ldpc_decoder_top:decoder|qc_llr_bank:llr_bank_inst|mem[23][53]               ; Stuck at VCC due to stuck port data_in                                                       ;
; qc_ldpc_decoder_top:decoder|qc_llr_bank:llr_bank_inst|mem[23][55]               ; Stuck at GND due to stuck port data_in                                                       ;
; qc_ldpc_decoder_top:decoder|qc_llr_bank:llr_bank_inst|mem[23][56]               ; Stuck at GND due to stuck port data_in                                                       ;
; qc_ldpc_decoder_top:decoder|qc_llr_bank:llr_bank_inst|mem[23][61]               ; Stuck at VCC due to stuck port data_in                                                       ;
; qc_ldpc_decoder_top:decoder|qc_llr_bank:llr_bank_inst|mem[23][63]               ; Stuck at GND due to stuck port data_in                                                       ;
; qc_ldpc_decoder_top:decoder|qc_llr_bank:llr_bank_inst|mem[22][1]                ; Stuck at GND due to stuck port data_in                                                       ;
; qc_ldpc_decoder_top:decoder|qc_llr_bank:llr_bank_inst|mem[22][5]                ; Stuck at VCC due to stuck port data_in                                                       ;
; qc_ldpc_decoder_top:decoder|qc_llr_bank:llr_bank_inst|mem[22][10]               ; Stuck at GND due to stuck port data_in                                                       ;
; qc_ldpc_decoder_top:decoder|qc_llr_bank:llr_bank_inst|mem[22][13]               ; Stuck at VCC due to stuck port data_in                                                       ;
; qc_ldpc_decoder_top:decoder|qc_llr_bank:llr_bank_inst|mem[22][15]               ; Stuck at GND due to stuck port data_in                                                       ;
; qc_ldpc_decoder_top:decoder|qc_llr_bank:llr_bank_inst|mem[22][16]               ; Stuck at GND due to stuck port data_in                                                       ;
; qc_ldpc_decoder_top:decoder|qc_llr_bank:llr_bank_inst|mem[22][21]               ; Stuck at VCC due to stuck port data_in                                                       ;
; qc_ldpc_decoder_top:decoder|qc_llr_bank:llr_bank_inst|mem[22][23]               ; Stuck at GND due to stuck port data_in                                                       ;
; qc_ldpc_decoder_top:decoder|qc_llr_bank:llr_bank_inst|mem[22][24]               ; Stuck at GND due to stuck port data_in                                                       ;
; qc_ldpc_decoder_top:decoder|qc_llr_bank:llr_bank_inst|mem[22][29]               ; Stuck at VCC due to stuck port data_in                                                       ;
; qc_ldpc_decoder_top:decoder|qc_llr_bank:llr_bank_inst|mem[22][31]               ; Stuck at GND due to stuck port data_in                                                       ;
; qc_ldpc_decoder_top:decoder|qc_llr_bank:llr_bank_inst|mem[22][32]               ; Stuck at GND due to stuck port data_in                                                       ;
; qc_ldpc_decoder_top:decoder|qc_llr_bank:llr_bank_inst|mem[22][37]               ; Stuck at VCC due to stuck port data_in                                                       ;
; qc_ldpc_decoder_top:decoder|qc_llr_bank:llr_bank_inst|mem[22][39]               ; Stuck at GND due to stuck port data_in                                                       ;
; qc_ldpc_decoder_top:decoder|qc_llr_bank:llr_bank_inst|mem[22][40]               ; Stuck at GND due to stuck port data_in                                                       ;
; qc_ldpc_decoder_top:decoder|qc_llr_bank:llr_bank_inst|mem[22][45]               ; Stuck at VCC due to stuck port data_in                                                       ;
; qc_ldpc_decoder_top:decoder|qc_llr_bank:llr_bank_inst|mem[22][47]               ; Stuck at GND due to stuck port data_in                                                       ;
; qc_ldpc_decoder_top:decoder|qc_llr_bank:llr_bank_inst|mem[22][48]               ; Stuck at GND due to stuck port data_in                                                       ;
; qc_ldpc_decoder_top:decoder|qc_llr_bank:llr_bank_inst|mem[22][53]               ; Stuck at VCC due to stuck port data_in                                                       ;
; qc_ldpc_decoder_top:decoder|qc_llr_bank:llr_bank_inst|mem[22][55]               ; Stuck at GND due to stuck port data_in                                                       ;
; qc_ldpc_decoder_top:decoder|qc_llr_bank:llr_bank_inst|mem[22][56]               ; Stuck at GND due to stuck port data_in                                                       ;
; qc_ldpc_decoder_top:decoder|qc_llr_bank:llr_bank_inst|mem[22][61]               ; Stuck at VCC due to stuck port data_in                                                       ;
; qc_ldpc_decoder_top:decoder|qc_llr_bank:llr_bank_inst|mem[22][63]               ; Stuck at GND due to stuck port data_in                                                       ;
; qc_ldpc_decoder_top:decoder|qc_llr_bank:llr_bank_inst|mem[21][1]                ; Stuck at GND due to stuck port data_in                                                       ;
; qc_ldpc_decoder_top:decoder|qc_llr_bank:llr_bank_inst|mem[21][5]                ; Stuck at VCC due to stuck port data_in                                                       ;
; qc_ldpc_decoder_top:decoder|qc_llr_bank:llr_bank_inst|mem[21][10]               ; Stuck at GND due to stuck port data_in                                                       ;
; qc_ldpc_decoder_top:decoder|qc_llr_bank:llr_bank_inst|mem[21][13]               ; Stuck at VCC due to stuck port data_in                                                       ;
; qc_ldpc_decoder_top:decoder|qc_llr_bank:llr_bank_inst|mem[21][15]               ; Stuck at GND due to stuck port data_in                                                       ;
; qc_ldpc_decoder_top:decoder|qc_llr_bank:llr_bank_inst|mem[21][16]               ; Stuck at GND due to stuck port data_in                                                       ;
; qc_ldpc_decoder_top:decoder|qc_llr_bank:llr_bank_inst|mem[21][21]               ; Stuck at VCC due to stuck port data_in                                                       ;
; qc_ldpc_decoder_top:decoder|qc_llr_bank:llr_bank_inst|mem[21][23]               ; Stuck at GND due to stuck port data_in                                                       ;
; qc_ldpc_decoder_top:decoder|qc_llr_bank:llr_bank_inst|mem[21][24]               ; Stuck at GND due to stuck port data_in                                                       ;
; qc_ldpc_decoder_top:decoder|qc_llr_bank:llr_bank_inst|mem[21][29]               ; Stuck at VCC due to stuck port data_in                                                       ;
; qc_ldpc_decoder_top:decoder|qc_llr_bank:llr_bank_inst|mem[21][31]               ; Stuck at GND due to stuck port data_in                                                       ;
; qc_ldpc_decoder_top:decoder|qc_llr_bank:llr_bank_inst|mem[21][32]               ; Stuck at GND due to stuck port data_in                                                       ;
; qc_ldpc_decoder_top:decoder|qc_llr_bank:llr_bank_inst|mem[21][37]               ; Stuck at VCC due to stuck port data_in                                                       ;
; qc_ldpc_decoder_top:decoder|qc_llr_bank:llr_bank_inst|mem[21][39]               ; Stuck at GND due to stuck port data_in                                                       ;
; qc_ldpc_decoder_top:decoder|qc_llr_bank:llr_bank_inst|mem[21][40]               ; Stuck at GND due to stuck port data_in                                                       ;
; qc_ldpc_decoder_top:decoder|qc_llr_bank:llr_bank_inst|mem[21][45]               ; Stuck at VCC due to stuck port data_in                                                       ;
; qc_ldpc_decoder_top:decoder|qc_llr_bank:llr_bank_inst|mem[21][47]               ; Stuck at GND due to stuck port data_in                                                       ;
; qc_ldpc_decoder_top:decoder|qc_llr_bank:llr_bank_inst|mem[21][48]               ; Stuck at GND due to stuck port data_in                                                       ;
; qc_ldpc_decoder_top:decoder|qc_llr_bank:llr_bank_inst|mem[21][53]               ; Stuck at VCC due to stuck port data_in                                                       ;
; qc_ldpc_decoder_top:decoder|qc_llr_bank:llr_bank_inst|mem[21][55]               ; Stuck at GND due to stuck port data_in                                                       ;
; qc_ldpc_decoder_top:decoder|qc_llr_bank:llr_bank_inst|mem[21][56]               ; Stuck at GND due to stuck port data_in                                                       ;
; qc_ldpc_decoder_top:decoder|qc_llr_bank:llr_bank_inst|mem[21][61]               ; Stuck at VCC due to stuck port data_in                                                       ;
; qc_ldpc_decoder_top:decoder|qc_llr_bank:llr_bank_inst|mem[21][63]               ; Stuck at GND due to stuck port data_in                                                       ;
; qc_ldpc_decoder_top:decoder|qc_llr_bank:llr_bank_inst|mem[20][1]                ; Stuck at GND due to stuck port data_in                                                       ;
; qc_ldpc_decoder_top:decoder|qc_llr_bank:llr_bank_inst|mem[20][5]                ; Stuck at VCC due to stuck port data_in                                                       ;
; qc_ldpc_decoder_top:decoder|qc_llr_bank:llr_bank_inst|mem[20][10]               ; Stuck at GND due to stuck port data_in                                                       ;
; qc_ldpc_decoder_top:decoder|qc_llr_bank:llr_bank_inst|mem[20][13]               ; Stuck at VCC due to stuck port data_in                                                       ;
; qc_ldpc_decoder_top:decoder|qc_llr_bank:llr_bank_inst|mem[20][15]               ; Stuck at GND due to stuck port data_in                                                       ;
; qc_ldpc_decoder_top:decoder|qc_llr_bank:llr_bank_inst|mem[20][16]               ; Stuck at GND due to stuck port data_in                                                       ;
; qc_ldpc_decoder_top:decoder|qc_llr_bank:llr_bank_inst|mem[20][21]               ; Stuck at VCC due to stuck port data_in                                                       ;
; qc_ldpc_decoder_top:decoder|qc_llr_bank:llr_bank_inst|mem[20][23]               ; Stuck at GND due to stuck port data_in                                                       ;
; qc_ldpc_decoder_top:decoder|qc_llr_bank:llr_bank_inst|mem[20][24]               ; Stuck at GND due to stuck port data_in                                                       ;
; qc_ldpc_decoder_top:decoder|qc_llr_bank:llr_bank_inst|mem[20][29]               ; Stuck at VCC due to stuck port data_in                                                       ;
; qc_ldpc_decoder_top:decoder|qc_llr_bank:llr_bank_inst|mem[20][31]               ; Stuck at GND due to stuck port data_in                                                       ;
; qc_ldpc_decoder_top:decoder|qc_llr_bank:llr_bank_inst|mem[20][32]               ; Stuck at GND due to stuck port data_in                                                       ;
; qc_ldpc_decoder_top:decoder|qc_llr_bank:llr_bank_inst|mem[20][37]               ; Stuck at VCC due to stuck port data_in                                                       ;
; qc_ldpc_decoder_top:decoder|qc_llr_bank:llr_bank_inst|mem[20][39]               ; Stuck at GND due to stuck port data_in                                                       ;
; qc_ldpc_decoder_top:decoder|qc_llr_bank:llr_bank_inst|mem[20][40]               ; Stuck at GND due to stuck port data_in                                                       ;
; qc_ldpc_decoder_top:decoder|qc_llr_bank:llr_bank_inst|mem[20][45]               ; Stuck at VCC due to stuck port data_in                                                       ;
; qc_ldpc_decoder_top:decoder|qc_llr_bank:llr_bank_inst|mem[20][47]               ; Stuck at GND due to stuck port data_in                                                       ;
; qc_ldpc_decoder_top:decoder|qc_llr_bank:llr_bank_inst|mem[20][48]               ; Stuck at GND due to stuck port data_in                                                       ;
; qc_ldpc_decoder_top:decoder|qc_llr_bank:llr_bank_inst|mem[20][53]               ; Stuck at VCC due to stuck port data_in                                                       ;
; qc_ldpc_decoder_top:decoder|qc_llr_bank:llr_bank_inst|mem[20][55]               ; Stuck at GND due to stuck port data_in                                                       ;
; qc_ldpc_decoder_top:decoder|qc_llr_bank:llr_bank_inst|mem[20][56]               ; Stuck at GND due to stuck port data_in                                                       ;
; qc_ldpc_decoder_top:decoder|qc_llr_bank:llr_bank_inst|mem[20][61]               ; Stuck at VCC due to stuck port data_in                                                       ;
; qc_ldpc_decoder_top:decoder|qc_llr_bank:llr_bank_inst|mem[20][63]               ; Stuck at GND due to stuck port data_in                                                       ;
; qc_ldpc_decoder_top:decoder|qc_llr_bank:llr_bank_inst|mem[19][1]                ; Stuck at GND due to stuck port data_in                                                       ;
; qc_ldpc_decoder_top:decoder|qc_llr_bank:llr_bank_inst|mem[19][5]                ; Stuck at VCC due to stuck port data_in                                                       ;
; qc_ldpc_decoder_top:decoder|qc_llr_bank:llr_bank_inst|mem[19][10]               ; Stuck at GND due to stuck port data_in                                                       ;
; qc_ldpc_decoder_top:decoder|qc_llr_bank:llr_bank_inst|mem[19][13]               ; Stuck at VCC due to stuck port data_in                                                       ;
; qc_ldpc_decoder_top:decoder|qc_llr_bank:llr_bank_inst|mem[19][15]               ; Stuck at GND due to stuck port data_in                                                       ;
; qc_ldpc_decoder_top:decoder|qc_llr_bank:llr_bank_inst|mem[19][16]               ; Stuck at GND due to stuck port data_in                                                       ;
; qc_ldpc_decoder_top:decoder|qc_llr_bank:llr_bank_inst|mem[19][21]               ; Stuck at VCC due to stuck port data_in                                                       ;
; qc_ldpc_decoder_top:decoder|qc_llr_bank:llr_bank_inst|mem[19][23]               ; Stuck at GND due to stuck port data_in                                                       ;
; qc_ldpc_decoder_top:decoder|qc_llr_bank:llr_bank_inst|mem[19][24]               ; Stuck at GND due to stuck port data_in                                                       ;
; qc_ldpc_decoder_top:decoder|qc_llr_bank:llr_bank_inst|mem[19][29]               ; Stuck at VCC due to stuck port data_in                                                       ;
; qc_ldpc_decoder_top:decoder|qc_llr_bank:llr_bank_inst|mem[19][31]               ; Stuck at GND due to stuck port data_in                                                       ;
; qc_ldpc_decoder_top:decoder|qc_llr_bank:llr_bank_inst|mem[19][32]               ; Stuck at GND due to stuck port data_in                                                       ;
; qc_ldpc_decoder_top:decoder|qc_llr_bank:llr_bank_inst|mem[19][37]               ; Stuck at VCC due to stuck port data_in                                                       ;
; qc_ldpc_decoder_top:decoder|qc_llr_bank:llr_bank_inst|mem[19][39]               ; Stuck at GND due to stuck port data_in                                                       ;
; qc_ldpc_decoder_top:decoder|qc_llr_bank:llr_bank_inst|mem[19][40]               ; Stuck at GND due to stuck port data_in                                                       ;
; qc_ldpc_decoder_top:decoder|qc_llr_bank:llr_bank_inst|mem[19][45]               ; Stuck at VCC due to stuck port data_in                                                       ;
; qc_ldpc_decoder_top:decoder|qc_llr_bank:llr_bank_inst|mem[19][47]               ; Stuck at GND due to stuck port data_in                                                       ;
; qc_ldpc_decoder_top:decoder|qc_llr_bank:llr_bank_inst|mem[19][48]               ; Stuck at GND due to stuck port data_in                                                       ;
; qc_ldpc_decoder_top:decoder|qc_llr_bank:llr_bank_inst|mem[19][53]               ; Stuck at VCC due to stuck port data_in                                                       ;
; qc_ldpc_decoder_top:decoder|qc_llr_bank:llr_bank_inst|mem[19][55]               ; Stuck at GND due to stuck port data_in                                                       ;
; qc_ldpc_decoder_top:decoder|qc_llr_bank:llr_bank_inst|mem[19][56]               ; Stuck at GND due to stuck port data_in                                                       ;
; qc_ldpc_decoder_top:decoder|qc_llr_bank:llr_bank_inst|mem[19][61]               ; Stuck at VCC due to stuck port data_in                                                       ;
; qc_ldpc_decoder_top:decoder|qc_llr_bank:llr_bank_inst|mem[19][63]               ; Stuck at GND due to stuck port data_in                                                       ;
; qc_ldpc_decoder_top:decoder|qc_llr_bank:llr_bank_inst|mem[18][1]                ; Stuck at GND due to stuck port data_in                                                       ;
; qc_ldpc_decoder_top:decoder|qc_llr_bank:llr_bank_inst|mem[18][5]                ; Stuck at VCC due to stuck port data_in                                                       ;
; qc_ldpc_decoder_top:decoder|qc_llr_bank:llr_bank_inst|mem[18][10]               ; Stuck at GND due to stuck port data_in                                                       ;
; qc_ldpc_decoder_top:decoder|qc_llr_bank:llr_bank_inst|mem[18][13]               ; Stuck at VCC due to stuck port data_in                                                       ;
; qc_ldpc_decoder_top:decoder|qc_llr_bank:llr_bank_inst|mem[18][15]               ; Stuck at GND due to stuck port data_in                                                       ;
; qc_ldpc_decoder_top:decoder|qc_llr_bank:llr_bank_inst|mem[18][16]               ; Stuck at GND due to stuck port data_in                                                       ;
; qc_ldpc_decoder_top:decoder|qc_llr_bank:llr_bank_inst|mem[18][21]               ; Stuck at VCC due to stuck port data_in                                                       ;
; qc_ldpc_decoder_top:decoder|qc_llr_bank:llr_bank_inst|mem[18][23]               ; Stuck at GND due to stuck port data_in                                                       ;
; qc_ldpc_decoder_top:decoder|qc_llr_bank:llr_bank_inst|mem[18][24]               ; Stuck at GND due to stuck port data_in                                                       ;
; qc_ldpc_decoder_top:decoder|qc_llr_bank:llr_bank_inst|mem[18][29]               ; Stuck at VCC due to stuck port data_in                                                       ;
; qc_ldpc_decoder_top:decoder|qc_llr_bank:llr_bank_inst|mem[18][31]               ; Stuck at GND due to stuck port data_in                                                       ;
; qc_ldpc_decoder_top:decoder|qc_llr_bank:llr_bank_inst|mem[18][32]               ; Stuck at GND due to stuck port data_in                                                       ;
; qc_ldpc_decoder_top:decoder|qc_llr_bank:llr_bank_inst|mem[18][37]               ; Stuck at VCC due to stuck port data_in                                                       ;
; qc_ldpc_decoder_top:decoder|qc_llr_bank:llr_bank_inst|mem[18][39]               ; Stuck at GND due to stuck port data_in                                                       ;
; qc_ldpc_decoder_top:decoder|qc_llr_bank:llr_bank_inst|mem[18][40]               ; Stuck at GND due to stuck port data_in                                                       ;
; qc_ldpc_decoder_top:decoder|qc_llr_bank:llr_bank_inst|mem[18][45]               ; Stuck at VCC due to stuck port data_in                                                       ;
; qc_ldpc_decoder_top:decoder|qc_llr_bank:llr_bank_inst|mem[18][47]               ; Stuck at GND due to stuck port data_in                                                       ;
; qc_ldpc_decoder_top:decoder|qc_llr_bank:llr_bank_inst|mem[18][48]               ; Stuck at GND due to stuck port data_in                                                       ;
; qc_ldpc_decoder_top:decoder|qc_llr_bank:llr_bank_inst|mem[18][53]               ; Stuck at VCC due to stuck port data_in                                                       ;
; qc_ldpc_decoder_top:decoder|qc_llr_bank:llr_bank_inst|mem[18][55]               ; Stuck at GND due to stuck port data_in                                                       ;
; qc_ldpc_decoder_top:decoder|qc_llr_bank:llr_bank_inst|mem[18][56]               ; Stuck at GND due to stuck port data_in                                                       ;
; qc_ldpc_decoder_top:decoder|qc_llr_bank:llr_bank_inst|mem[18][61]               ; Stuck at VCC due to stuck port data_in                                                       ;
; qc_ldpc_decoder_top:decoder|qc_llr_bank:llr_bank_inst|mem[18][63]               ; Stuck at GND due to stuck port data_in                                                       ;
; qc_ldpc_decoder_top:decoder|qc_llr_bank:llr_bank_inst|mem[17][1]                ; Stuck at GND due to stuck port data_in                                                       ;
; qc_ldpc_decoder_top:decoder|qc_llr_bank:llr_bank_inst|mem[17][5]                ; Stuck at VCC due to stuck port data_in                                                       ;
; qc_ldpc_decoder_top:decoder|qc_llr_bank:llr_bank_inst|mem[17][10]               ; Stuck at GND due to stuck port data_in                                                       ;
; qc_ldpc_decoder_top:decoder|qc_llr_bank:llr_bank_inst|mem[17][13]               ; Stuck at VCC due to stuck port data_in                                                       ;
; qc_ldpc_decoder_top:decoder|qc_llr_bank:llr_bank_inst|mem[17][15]               ; Stuck at GND due to stuck port data_in                                                       ;
; qc_ldpc_decoder_top:decoder|qc_llr_bank:llr_bank_inst|mem[17][16]               ; Stuck at GND due to stuck port data_in                                                       ;
; qc_ldpc_decoder_top:decoder|qc_llr_bank:llr_bank_inst|mem[17][21]               ; Stuck at VCC due to stuck port data_in                                                       ;
; qc_ldpc_decoder_top:decoder|qc_llr_bank:llr_bank_inst|mem[17][23]               ; Stuck at GND due to stuck port data_in                                                       ;
; qc_ldpc_decoder_top:decoder|qc_llr_bank:llr_bank_inst|mem[17][24]               ; Stuck at GND due to stuck port data_in                                                       ;
; qc_ldpc_decoder_top:decoder|qc_llr_bank:llr_bank_inst|mem[17][29]               ; Stuck at VCC due to stuck port data_in                                                       ;
; qc_ldpc_decoder_top:decoder|qc_llr_bank:llr_bank_inst|mem[17][31]               ; Stuck at GND due to stuck port data_in                                                       ;
; qc_ldpc_decoder_top:decoder|qc_llr_bank:llr_bank_inst|mem[17][32]               ; Stuck at GND due to stuck port data_in                                                       ;
; qc_ldpc_decoder_top:decoder|qc_llr_bank:llr_bank_inst|mem[17][37]               ; Stuck at VCC due to stuck port data_in                                                       ;
; qc_ldpc_decoder_top:decoder|qc_llr_bank:llr_bank_inst|mem[17][39]               ; Stuck at GND due to stuck port data_in                                                       ;
; qc_ldpc_decoder_top:decoder|qc_llr_bank:llr_bank_inst|mem[17][40]               ; Stuck at GND due to stuck port data_in                                                       ;
; qc_ldpc_decoder_top:decoder|qc_llr_bank:llr_bank_inst|mem[17][45]               ; Stuck at VCC due to stuck port data_in                                                       ;
; qc_ldpc_decoder_top:decoder|qc_llr_bank:llr_bank_inst|mem[17][47]               ; Stuck at GND due to stuck port data_in                                                       ;
; qc_ldpc_decoder_top:decoder|qc_llr_bank:llr_bank_inst|mem[17][48]               ; Stuck at GND due to stuck port data_in                                                       ;
; qc_ldpc_decoder_top:decoder|qc_llr_bank:llr_bank_inst|mem[17][53]               ; Stuck at VCC due to stuck port data_in                                                       ;
; qc_ldpc_decoder_top:decoder|qc_llr_bank:llr_bank_inst|mem[17][55]               ; Stuck at GND due to stuck port data_in                                                       ;
; qc_ldpc_decoder_top:decoder|qc_llr_bank:llr_bank_inst|mem[17][56]               ; Stuck at GND due to stuck port data_in                                                       ;
; qc_ldpc_decoder_top:decoder|qc_llr_bank:llr_bank_inst|mem[17][61]               ; Stuck at VCC due to stuck port data_in                                                       ;
; qc_ldpc_decoder_top:decoder|qc_llr_bank:llr_bank_inst|mem[17][63]               ; Stuck at GND due to stuck port data_in                                                       ;
; qc_ldpc_decoder_top:decoder|qc_llr_bank:llr_bank_inst|mem[16][1]                ; Stuck at GND due to stuck port data_in                                                       ;
; qc_ldpc_decoder_top:decoder|qc_llr_bank:llr_bank_inst|mem[16][5]                ; Stuck at VCC due to stuck port data_in                                                       ;
; qc_ldpc_decoder_top:decoder|qc_llr_bank:llr_bank_inst|mem[16][10]               ; Stuck at GND due to stuck port data_in                                                       ;
; qc_ldpc_decoder_top:decoder|qc_llr_bank:llr_bank_inst|mem[16][13]               ; Stuck at VCC due to stuck port data_in                                                       ;
; qc_ldpc_decoder_top:decoder|qc_llr_bank:llr_bank_inst|mem[16][15]               ; Stuck at GND due to stuck port data_in                                                       ;
; qc_ldpc_decoder_top:decoder|qc_llr_bank:llr_bank_inst|mem[16][16]               ; Stuck at GND due to stuck port data_in                                                       ;
; qc_ldpc_decoder_top:decoder|qc_llr_bank:llr_bank_inst|mem[16][21]               ; Stuck at VCC due to stuck port data_in                                                       ;
; qc_ldpc_decoder_top:decoder|qc_llr_bank:llr_bank_inst|mem[16][23]               ; Stuck at GND due to stuck port data_in                                                       ;
; qc_ldpc_decoder_top:decoder|qc_llr_bank:llr_bank_inst|mem[16][24]               ; Stuck at GND due to stuck port data_in                                                       ;
; qc_ldpc_decoder_top:decoder|qc_llr_bank:llr_bank_inst|mem[16][29]               ; Stuck at VCC due to stuck port data_in                                                       ;
; qc_ldpc_decoder_top:decoder|qc_llr_bank:llr_bank_inst|mem[16][31]               ; Stuck at GND due to stuck port data_in                                                       ;
; qc_ldpc_decoder_top:decoder|qc_llr_bank:llr_bank_inst|mem[16][32]               ; Stuck at GND due to stuck port data_in                                                       ;
; qc_ldpc_decoder_top:decoder|qc_llr_bank:llr_bank_inst|mem[16][37]               ; Stuck at VCC due to stuck port data_in                                                       ;
; qc_ldpc_decoder_top:decoder|qc_llr_bank:llr_bank_inst|mem[16][39]               ; Stuck at GND due to stuck port data_in                                                       ;
; qc_ldpc_decoder_top:decoder|qc_llr_bank:llr_bank_inst|mem[16][40]               ; Stuck at GND due to stuck port data_in                                                       ;
; qc_ldpc_decoder_top:decoder|qc_llr_bank:llr_bank_inst|mem[16][45]               ; Stuck at VCC due to stuck port data_in                                                       ;
; qc_ldpc_decoder_top:decoder|qc_llr_bank:llr_bank_inst|mem[16][47]               ; Stuck at GND due to stuck port data_in                                                       ;
; qc_ldpc_decoder_top:decoder|qc_llr_bank:llr_bank_inst|mem[16][48]               ; Stuck at GND due to stuck port data_in                                                       ;
; qc_ldpc_decoder_top:decoder|qc_llr_bank:llr_bank_inst|mem[16][53]               ; Stuck at VCC due to stuck port data_in                                                       ;
; qc_ldpc_decoder_top:decoder|qc_llr_bank:llr_bank_inst|mem[16][55]               ; Stuck at GND due to stuck port data_in                                                       ;
; qc_ldpc_decoder_top:decoder|qc_llr_bank:llr_bank_inst|mem[16][56]               ; Stuck at GND due to stuck port data_in                                                       ;
; qc_ldpc_decoder_top:decoder|qc_llr_bank:llr_bank_inst|mem[16][61]               ; Stuck at VCC due to stuck port data_in                                                       ;
; qc_ldpc_decoder_top:decoder|qc_llr_bank:llr_bank_inst|mem[16][63]               ; Stuck at GND due to stuck port data_in                                                       ;
; qc_ldpc_decoder_top:decoder|qc_llr_bank:llr_bank_inst|mem[15][1]                ; Stuck at GND due to stuck port data_in                                                       ;
; qc_ldpc_decoder_top:decoder|qc_llr_bank:llr_bank_inst|mem[15][5]                ; Stuck at VCC due to stuck port data_in                                                       ;
; qc_ldpc_decoder_top:decoder|qc_llr_bank:llr_bank_inst|mem[15][10]               ; Stuck at GND due to stuck port data_in                                                       ;
; qc_ldpc_decoder_top:decoder|qc_llr_bank:llr_bank_inst|mem[15][13]               ; Stuck at VCC due to stuck port data_in                                                       ;
; qc_ldpc_decoder_top:decoder|qc_llr_bank:llr_bank_inst|mem[15][15]               ; Stuck at GND due to stuck port data_in                                                       ;
; qc_ldpc_decoder_top:decoder|qc_llr_bank:llr_bank_inst|mem[15][16]               ; Stuck at GND due to stuck port data_in                                                       ;
; qc_ldpc_decoder_top:decoder|qc_llr_bank:llr_bank_inst|mem[15][21]               ; Stuck at VCC due to stuck port data_in                                                       ;
; qc_ldpc_decoder_top:decoder|qc_llr_bank:llr_bank_inst|mem[15][23]               ; Stuck at GND due to stuck port data_in                                                       ;
; qc_ldpc_decoder_top:decoder|qc_llr_bank:llr_bank_inst|mem[15][24]               ; Stuck at GND due to stuck port data_in                                                       ;
; qc_ldpc_decoder_top:decoder|qc_llr_bank:llr_bank_inst|mem[15][29]               ; Stuck at VCC due to stuck port data_in                                                       ;
; qc_ldpc_decoder_top:decoder|qc_llr_bank:llr_bank_inst|mem[15][31]               ; Stuck at GND due to stuck port data_in                                                       ;
; qc_ldpc_decoder_top:decoder|qc_llr_bank:llr_bank_inst|mem[15][32]               ; Stuck at GND due to stuck port data_in                                                       ;
; qc_ldpc_decoder_top:decoder|qc_llr_bank:llr_bank_inst|mem[15][37]               ; Stuck at VCC due to stuck port data_in                                                       ;
; qc_ldpc_decoder_top:decoder|qc_llr_bank:llr_bank_inst|mem[15][39]               ; Stuck at GND due to stuck port data_in                                                       ;
; qc_ldpc_decoder_top:decoder|qc_llr_bank:llr_bank_inst|mem[15][40]               ; Stuck at GND due to stuck port data_in                                                       ;
; qc_ldpc_decoder_top:decoder|qc_llr_bank:llr_bank_inst|mem[15][45]               ; Stuck at VCC due to stuck port data_in                                                       ;
; qc_ldpc_decoder_top:decoder|qc_llr_bank:llr_bank_inst|mem[15][47]               ; Stuck at GND due to stuck port data_in                                                       ;
; qc_ldpc_decoder_top:decoder|qc_llr_bank:llr_bank_inst|mem[15][48]               ; Stuck at GND due to stuck port data_in                                                       ;
; qc_ldpc_decoder_top:decoder|qc_llr_bank:llr_bank_inst|mem[15][53]               ; Stuck at VCC due to stuck port data_in                                                       ;
; qc_ldpc_decoder_top:decoder|qc_llr_bank:llr_bank_inst|mem[15][55]               ; Stuck at GND due to stuck port data_in                                                       ;
; qc_ldpc_decoder_top:decoder|qc_llr_bank:llr_bank_inst|mem[15][56]               ; Stuck at GND due to stuck port data_in                                                       ;
; qc_ldpc_decoder_top:decoder|qc_llr_bank:llr_bank_inst|mem[15][61]               ; Stuck at VCC due to stuck port data_in                                                       ;
; qc_ldpc_decoder_top:decoder|qc_llr_bank:llr_bank_inst|mem[15][63]               ; Stuck at GND due to stuck port data_in                                                       ;
; qc_ldpc_decoder_top:decoder|qc_llr_bank:llr_bank_inst|mem[14][1]                ; Stuck at GND due to stuck port data_in                                                       ;
; qc_ldpc_decoder_top:decoder|qc_llr_bank:llr_bank_inst|mem[14][5]                ; Stuck at VCC due to stuck port data_in                                                       ;
; qc_ldpc_decoder_top:decoder|qc_llr_bank:llr_bank_inst|mem[14][10]               ; Stuck at GND due to stuck port data_in                                                       ;
; qc_ldpc_decoder_top:decoder|qc_llr_bank:llr_bank_inst|mem[14][13]               ; Stuck at VCC due to stuck port data_in                                                       ;
; qc_ldpc_decoder_top:decoder|qc_llr_bank:llr_bank_inst|mem[14][15]               ; Stuck at GND due to stuck port data_in                                                       ;
; qc_ldpc_decoder_top:decoder|qc_llr_bank:llr_bank_inst|mem[14][16]               ; Stuck at GND due to stuck port data_in                                                       ;
; qc_ldpc_decoder_top:decoder|qc_llr_bank:llr_bank_inst|mem[14][21]               ; Stuck at VCC due to stuck port data_in                                                       ;
; qc_ldpc_decoder_top:decoder|qc_llr_bank:llr_bank_inst|mem[14][23]               ; Stuck at GND due to stuck port data_in                                                       ;
; qc_ldpc_decoder_top:decoder|qc_llr_bank:llr_bank_inst|mem[14][24]               ; Stuck at GND due to stuck port data_in                                                       ;
; qc_ldpc_decoder_top:decoder|qc_llr_bank:llr_bank_inst|mem[14][29]               ; Stuck at VCC due to stuck port data_in                                                       ;
; qc_ldpc_decoder_top:decoder|qc_llr_bank:llr_bank_inst|mem[14][31]               ; Stuck at GND due to stuck port data_in                                                       ;
; qc_ldpc_decoder_top:decoder|qc_llr_bank:llr_bank_inst|mem[14][32]               ; Stuck at GND due to stuck port data_in                                                       ;
; qc_ldpc_decoder_top:decoder|qc_llr_bank:llr_bank_inst|mem[14][37]               ; Stuck at VCC due to stuck port data_in                                                       ;
; qc_ldpc_decoder_top:decoder|qc_llr_bank:llr_bank_inst|mem[14][39]               ; Stuck at GND due to stuck port data_in                                                       ;
; qc_ldpc_decoder_top:decoder|qc_llr_bank:llr_bank_inst|mem[14][40]               ; Stuck at GND due to stuck port data_in                                                       ;
; qc_ldpc_decoder_top:decoder|qc_llr_bank:llr_bank_inst|mem[14][45]               ; Stuck at VCC due to stuck port data_in                                                       ;
; qc_ldpc_decoder_top:decoder|qc_llr_bank:llr_bank_inst|mem[14][47]               ; Stuck at GND due to stuck port data_in                                                       ;
; qc_ldpc_decoder_top:decoder|qc_llr_bank:llr_bank_inst|mem[14][48]               ; Stuck at GND due to stuck port data_in                                                       ;
; qc_ldpc_decoder_top:decoder|qc_llr_bank:llr_bank_inst|mem[14][53]               ; Stuck at VCC due to stuck port data_in                                                       ;
; qc_ldpc_decoder_top:decoder|qc_llr_bank:llr_bank_inst|mem[14][55]               ; Stuck at GND due to stuck port data_in                                                       ;
; qc_ldpc_decoder_top:decoder|qc_llr_bank:llr_bank_inst|mem[14][56]               ; Stuck at GND due to stuck port data_in                                                       ;
; qc_ldpc_decoder_top:decoder|qc_llr_bank:llr_bank_inst|mem[14][61]               ; Stuck at VCC due to stuck port data_in                                                       ;
; qc_ldpc_decoder_top:decoder|qc_llr_bank:llr_bank_inst|mem[14][63]               ; Stuck at GND due to stuck port data_in                                                       ;
; qc_ldpc_decoder_top:decoder|qc_llr_bank:llr_bank_inst|mem[13][1]                ; Stuck at GND due to stuck port data_in                                                       ;
; qc_ldpc_decoder_top:decoder|qc_llr_bank:llr_bank_inst|mem[13][5]                ; Stuck at VCC due to stuck port data_in                                                       ;
; qc_ldpc_decoder_top:decoder|qc_llr_bank:llr_bank_inst|mem[13][10]               ; Stuck at GND due to stuck port data_in                                                       ;
; qc_ldpc_decoder_top:decoder|qc_llr_bank:llr_bank_inst|mem[13][13]               ; Stuck at VCC due to stuck port data_in                                                       ;
; qc_ldpc_decoder_top:decoder|qc_llr_bank:llr_bank_inst|mem[13][15]               ; Stuck at GND due to stuck port data_in                                                       ;
; qc_ldpc_decoder_top:decoder|qc_llr_bank:llr_bank_inst|mem[13][16]               ; Stuck at GND due to stuck port data_in                                                       ;
; qc_ldpc_decoder_top:decoder|qc_llr_bank:llr_bank_inst|mem[13][21]               ; Stuck at VCC due to stuck port data_in                                                       ;
; qc_ldpc_decoder_top:decoder|qc_llr_bank:llr_bank_inst|mem[13][23]               ; Stuck at GND due to stuck port data_in                                                       ;
; qc_ldpc_decoder_top:decoder|qc_llr_bank:llr_bank_inst|mem[13][24]               ; Stuck at GND due to stuck port data_in                                                       ;
; qc_ldpc_decoder_top:decoder|qc_llr_bank:llr_bank_inst|mem[13][29]               ; Stuck at VCC due to stuck port data_in                                                       ;
; qc_ldpc_decoder_top:decoder|qc_llr_bank:llr_bank_inst|mem[13][31]               ; Stuck at GND due to stuck port data_in                                                       ;
; qc_ldpc_decoder_top:decoder|qc_llr_bank:llr_bank_inst|mem[13][32]               ; Stuck at GND due to stuck port data_in                                                       ;
; qc_ldpc_decoder_top:decoder|qc_llr_bank:llr_bank_inst|mem[13][37]               ; Stuck at VCC due to stuck port data_in                                                       ;
; qc_ldpc_decoder_top:decoder|qc_llr_bank:llr_bank_inst|mem[13][39]               ; Stuck at GND due to stuck port data_in                                                       ;
; qc_ldpc_decoder_top:decoder|qc_llr_bank:llr_bank_inst|mem[13][40]               ; Stuck at GND due to stuck port data_in                                                       ;
; qc_ldpc_decoder_top:decoder|qc_llr_bank:llr_bank_inst|mem[13][45]               ; Stuck at VCC due to stuck port data_in                                                       ;
; qc_ldpc_decoder_top:decoder|qc_llr_bank:llr_bank_inst|mem[13][47]               ; Stuck at GND due to stuck port data_in                                                       ;
; qc_ldpc_decoder_top:decoder|qc_llr_bank:llr_bank_inst|mem[13][48]               ; Stuck at GND due to stuck port data_in                                                       ;
; qc_ldpc_decoder_top:decoder|qc_llr_bank:llr_bank_inst|mem[13][53]               ; Stuck at VCC due to stuck port data_in                                                       ;
; qc_ldpc_decoder_top:decoder|qc_llr_bank:llr_bank_inst|mem[13][55]               ; Stuck at GND due to stuck port data_in                                                       ;
; qc_ldpc_decoder_top:decoder|qc_llr_bank:llr_bank_inst|mem[13][56]               ; Stuck at GND due to stuck port data_in                                                       ;
; qc_ldpc_decoder_top:decoder|qc_llr_bank:llr_bank_inst|mem[13][61]               ; Stuck at VCC due to stuck port data_in                                                       ;
; qc_ldpc_decoder_top:decoder|qc_llr_bank:llr_bank_inst|mem[13][63]               ; Stuck at GND due to stuck port data_in                                                       ;
; qc_ldpc_decoder_top:decoder|qc_llr_bank:llr_bank_inst|mem[12][1]                ; Stuck at GND due to stuck port data_in                                                       ;
; qc_ldpc_decoder_top:decoder|qc_llr_bank:llr_bank_inst|mem[12][5]                ; Stuck at VCC due to stuck port data_in                                                       ;
; qc_ldpc_decoder_top:decoder|qc_llr_bank:llr_bank_inst|mem[12][10]               ; Stuck at GND due to stuck port data_in                                                       ;
; qc_ldpc_decoder_top:decoder|qc_llr_bank:llr_bank_inst|mem[12][13]               ; Stuck at VCC due to stuck port data_in                                                       ;
; qc_ldpc_decoder_top:decoder|qc_llr_bank:llr_bank_inst|mem[12][15]               ; Stuck at GND due to stuck port data_in                                                       ;
; qc_ldpc_decoder_top:decoder|qc_llr_bank:llr_bank_inst|mem[12][16]               ; Stuck at GND due to stuck port data_in                                                       ;
; qc_ldpc_decoder_top:decoder|qc_llr_bank:llr_bank_inst|mem[12][21]               ; Stuck at VCC due to stuck port data_in                                                       ;
; qc_ldpc_decoder_top:decoder|qc_llr_bank:llr_bank_inst|mem[12][23]               ; Stuck at GND due to stuck port data_in                                                       ;
; qc_ldpc_decoder_top:decoder|qc_llr_bank:llr_bank_inst|mem[12][24]               ; Stuck at GND due to stuck port data_in                                                       ;
; qc_ldpc_decoder_top:decoder|qc_llr_bank:llr_bank_inst|mem[12][29]               ; Stuck at VCC due to stuck port data_in                                                       ;
; qc_ldpc_decoder_top:decoder|qc_llr_bank:llr_bank_inst|mem[12][31]               ; Stuck at GND due to stuck port data_in                                                       ;
; qc_ldpc_decoder_top:decoder|qc_llr_bank:llr_bank_inst|mem[12][32]               ; Stuck at GND due to stuck port data_in                                                       ;
; qc_ldpc_decoder_top:decoder|qc_llr_bank:llr_bank_inst|mem[12][37]               ; Stuck at VCC due to stuck port data_in                                                       ;
; qc_ldpc_decoder_top:decoder|qc_llr_bank:llr_bank_inst|mem[12][39]               ; Stuck at GND due to stuck port data_in                                                       ;
; qc_ldpc_decoder_top:decoder|qc_llr_bank:llr_bank_inst|mem[12][40]               ; Stuck at GND due to stuck port data_in                                                       ;
; qc_ldpc_decoder_top:decoder|qc_llr_bank:llr_bank_inst|mem[12][45]               ; Stuck at VCC due to stuck port data_in                                                       ;
; qc_ldpc_decoder_top:decoder|qc_llr_bank:llr_bank_inst|mem[12][47]               ; Stuck at GND due to stuck port data_in                                                       ;
; qc_ldpc_decoder_top:decoder|qc_llr_bank:llr_bank_inst|mem[12][48]               ; Stuck at GND due to stuck port data_in                                                       ;
; qc_ldpc_decoder_top:decoder|qc_llr_bank:llr_bank_inst|mem[12][53]               ; Stuck at VCC due to stuck port data_in                                                       ;
; qc_ldpc_decoder_top:decoder|qc_llr_bank:llr_bank_inst|mem[12][55]               ; Stuck at GND due to stuck port data_in                                                       ;
; qc_ldpc_decoder_top:decoder|qc_llr_bank:llr_bank_inst|mem[12][56]               ; Stuck at GND due to stuck port data_in                                                       ;
; qc_ldpc_decoder_top:decoder|qc_llr_bank:llr_bank_inst|mem[12][61]               ; Stuck at VCC due to stuck port data_in                                                       ;
; qc_ldpc_decoder_top:decoder|qc_llr_bank:llr_bank_inst|mem[12][63]               ; Stuck at GND due to stuck port data_in                                                       ;
; qc_ldpc_decoder_top:decoder|qc_llr_bank:llr_bank_inst|mem[11][1]                ; Stuck at GND due to stuck port data_in                                                       ;
; qc_ldpc_decoder_top:decoder|qc_llr_bank:llr_bank_inst|mem[11][5]                ; Stuck at VCC due to stuck port data_in                                                       ;
; qc_ldpc_decoder_top:decoder|qc_llr_bank:llr_bank_inst|mem[11][10]               ; Stuck at GND due to stuck port data_in                                                       ;
; qc_ldpc_decoder_top:decoder|qc_llr_bank:llr_bank_inst|mem[11][13]               ; Stuck at VCC due to stuck port data_in                                                       ;
; qc_ldpc_decoder_top:decoder|qc_llr_bank:llr_bank_inst|mem[11][15]               ; Stuck at GND due to stuck port data_in                                                       ;
; qc_ldpc_decoder_top:decoder|qc_llr_bank:llr_bank_inst|mem[11][16]               ; Stuck at GND due to stuck port data_in                                                       ;
; qc_ldpc_decoder_top:decoder|qc_llr_bank:llr_bank_inst|mem[11][21]               ; Stuck at VCC due to stuck port data_in                                                       ;
; qc_ldpc_decoder_top:decoder|qc_llr_bank:llr_bank_inst|mem[11][23]               ; Stuck at GND due to stuck port data_in                                                       ;
; qc_ldpc_decoder_top:decoder|qc_llr_bank:llr_bank_inst|mem[11][24]               ; Stuck at GND due to stuck port data_in                                                       ;
; qc_ldpc_decoder_top:decoder|qc_llr_bank:llr_bank_inst|mem[11][29]               ; Stuck at VCC due to stuck port data_in                                                       ;
; qc_ldpc_decoder_top:decoder|qc_llr_bank:llr_bank_inst|mem[11][31]               ; Stuck at GND due to stuck port data_in                                                       ;
; qc_ldpc_decoder_top:decoder|qc_llr_bank:llr_bank_inst|mem[11][32]               ; Stuck at GND due to stuck port data_in                                                       ;
; qc_ldpc_decoder_top:decoder|qc_llr_bank:llr_bank_inst|mem[11][37]               ; Stuck at VCC due to stuck port data_in                                                       ;
; qc_ldpc_decoder_top:decoder|qc_llr_bank:llr_bank_inst|mem[11][39]               ; Stuck at GND due to stuck port data_in                                                       ;
; qc_ldpc_decoder_top:decoder|qc_llr_bank:llr_bank_inst|mem[11][40]               ; Stuck at GND due to stuck port data_in                                                       ;
; qc_ldpc_decoder_top:decoder|qc_llr_bank:llr_bank_inst|mem[11][45]               ; Stuck at VCC due to stuck port data_in                                                       ;
; qc_ldpc_decoder_top:decoder|qc_llr_bank:llr_bank_inst|mem[11][47]               ; Stuck at GND due to stuck port data_in                                                       ;
; qc_ldpc_decoder_top:decoder|qc_llr_bank:llr_bank_inst|mem[11][48]               ; Stuck at GND due to stuck port data_in                                                       ;
; qc_ldpc_decoder_top:decoder|qc_llr_bank:llr_bank_inst|mem[11][53]               ; Stuck at VCC due to stuck port data_in                                                       ;
; qc_ldpc_decoder_top:decoder|qc_llr_bank:llr_bank_inst|mem[11][55]               ; Stuck at GND due to stuck port data_in                                                       ;
; qc_ldpc_decoder_top:decoder|qc_llr_bank:llr_bank_inst|mem[11][56]               ; Stuck at GND due to stuck port data_in                                                       ;
; qc_ldpc_decoder_top:decoder|qc_llr_bank:llr_bank_inst|mem[11][61]               ; Stuck at VCC due to stuck port data_in                                                       ;
; qc_ldpc_decoder_top:decoder|qc_llr_bank:llr_bank_inst|mem[11][63]               ; Stuck at GND due to stuck port data_in                                                       ;
; qc_ldpc_decoder_top:decoder|qc_llr_bank:llr_bank_inst|mem[10][1]                ; Stuck at GND due to stuck port data_in                                                       ;
; qc_ldpc_decoder_top:decoder|qc_llr_bank:llr_bank_inst|mem[10][5]                ; Stuck at VCC due to stuck port data_in                                                       ;
; qc_ldpc_decoder_top:decoder|qc_llr_bank:llr_bank_inst|mem[10][10]               ; Stuck at GND due to stuck port data_in                                                       ;
; qc_ldpc_decoder_top:decoder|qc_llr_bank:llr_bank_inst|mem[10][13]               ; Stuck at VCC due to stuck port data_in                                                       ;
; qc_ldpc_decoder_top:decoder|qc_llr_bank:llr_bank_inst|mem[10][15]               ; Stuck at GND due to stuck port data_in                                                       ;
; qc_ldpc_decoder_top:decoder|qc_llr_bank:llr_bank_inst|mem[10][16]               ; Stuck at GND due to stuck port data_in                                                       ;
; qc_ldpc_decoder_top:decoder|qc_llr_bank:llr_bank_inst|mem[10][21]               ; Stuck at VCC due to stuck port data_in                                                       ;
; qc_ldpc_decoder_top:decoder|qc_llr_bank:llr_bank_inst|mem[10][23]               ; Stuck at GND due to stuck port data_in                                                       ;
; qc_ldpc_decoder_top:decoder|qc_llr_bank:llr_bank_inst|mem[10][24]               ; Stuck at GND due to stuck port data_in                                                       ;
; qc_ldpc_decoder_top:decoder|qc_llr_bank:llr_bank_inst|mem[10][29]               ; Stuck at VCC due to stuck port data_in                                                       ;
; qc_ldpc_decoder_top:decoder|qc_llr_bank:llr_bank_inst|mem[10][31]               ; Stuck at GND due to stuck port data_in                                                       ;
; qc_ldpc_decoder_top:decoder|qc_llr_bank:llr_bank_inst|mem[10][32]               ; Stuck at GND due to stuck port data_in                                                       ;
; qc_ldpc_decoder_top:decoder|qc_llr_bank:llr_bank_inst|mem[10][37]               ; Stuck at VCC due to stuck port data_in                                                       ;
; qc_ldpc_decoder_top:decoder|qc_llr_bank:llr_bank_inst|mem[10][39]               ; Stuck at GND due to stuck port data_in                                                       ;
; qc_ldpc_decoder_top:decoder|qc_llr_bank:llr_bank_inst|mem[10][40]               ; Stuck at GND due to stuck port data_in                                                       ;
; qc_ldpc_decoder_top:decoder|qc_llr_bank:llr_bank_inst|mem[10][45]               ; Stuck at VCC due to stuck port data_in                                                       ;
; qc_ldpc_decoder_top:decoder|qc_llr_bank:llr_bank_inst|mem[10][47]               ; Stuck at GND due to stuck port data_in                                                       ;
; qc_ldpc_decoder_top:decoder|qc_llr_bank:llr_bank_inst|mem[10][48]               ; Stuck at GND due to stuck port data_in                                                       ;
; qc_ldpc_decoder_top:decoder|qc_llr_bank:llr_bank_inst|mem[10][53]               ; Stuck at VCC due to stuck port data_in                                                       ;
; qc_ldpc_decoder_top:decoder|qc_llr_bank:llr_bank_inst|mem[10][55]               ; Stuck at GND due to stuck port data_in                                                       ;
; qc_ldpc_decoder_top:decoder|qc_llr_bank:llr_bank_inst|mem[10][56]               ; Stuck at GND due to stuck port data_in                                                       ;
; qc_ldpc_decoder_top:decoder|qc_llr_bank:llr_bank_inst|mem[10][61]               ; Stuck at VCC due to stuck port data_in                                                       ;
; qc_ldpc_decoder_top:decoder|qc_llr_bank:llr_bank_inst|mem[10][63]               ; Stuck at GND due to stuck port data_in                                                       ;
; qc_ldpc_decoder_top:decoder|qc_llr_bank:llr_bank_inst|mem[9][1]                 ; Stuck at GND due to stuck port data_in                                                       ;
; qc_ldpc_decoder_top:decoder|qc_llr_bank:llr_bank_inst|mem[9][5]                 ; Stuck at VCC due to stuck port data_in                                                       ;
; qc_ldpc_decoder_top:decoder|qc_llr_bank:llr_bank_inst|mem[9][10]                ; Stuck at GND due to stuck port data_in                                                       ;
; qc_ldpc_decoder_top:decoder|qc_llr_bank:llr_bank_inst|mem[9][13]                ; Stuck at VCC due to stuck port data_in                                                       ;
; qc_ldpc_decoder_top:decoder|qc_llr_bank:llr_bank_inst|mem[9][15]                ; Stuck at GND due to stuck port data_in                                                       ;
; qc_ldpc_decoder_top:decoder|qc_llr_bank:llr_bank_inst|mem[9][16]                ; Stuck at GND due to stuck port data_in                                                       ;
; qc_ldpc_decoder_top:decoder|qc_llr_bank:llr_bank_inst|mem[9][21]                ; Stuck at VCC due to stuck port data_in                                                       ;
; qc_ldpc_decoder_top:decoder|qc_llr_bank:llr_bank_inst|mem[9][23]                ; Stuck at GND due to stuck port data_in                                                       ;
; qc_ldpc_decoder_top:decoder|qc_llr_bank:llr_bank_inst|mem[9][24]                ; Stuck at GND due to stuck port data_in                                                       ;
; qc_ldpc_decoder_top:decoder|qc_llr_bank:llr_bank_inst|mem[9][29]                ; Stuck at VCC due to stuck port data_in                                                       ;
; qc_ldpc_decoder_top:decoder|qc_llr_bank:llr_bank_inst|mem[9][31]                ; Stuck at GND due to stuck port data_in                                                       ;
; qc_ldpc_decoder_top:decoder|qc_llr_bank:llr_bank_inst|mem[9][32]                ; Stuck at GND due to stuck port data_in                                                       ;
; qc_ldpc_decoder_top:decoder|qc_llr_bank:llr_bank_inst|mem[9][37]                ; Stuck at VCC due to stuck port data_in                                                       ;
; qc_ldpc_decoder_top:decoder|qc_llr_bank:llr_bank_inst|mem[9][39]                ; Stuck at GND due to stuck port data_in                                                       ;
; qc_ldpc_decoder_top:decoder|qc_llr_bank:llr_bank_inst|mem[9][40]                ; Stuck at GND due to stuck port data_in                                                       ;
; qc_ldpc_decoder_top:decoder|qc_llr_bank:llr_bank_inst|mem[9][45]                ; Stuck at VCC due to stuck port data_in                                                       ;
; qc_ldpc_decoder_top:decoder|qc_llr_bank:llr_bank_inst|mem[9][47]                ; Stuck at GND due to stuck port data_in                                                       ;
; qc_ldpc_decoder_top:decoder|qc_llr_bank:llr_bank_inst|mem[9][48]                ; Stuck at GND due to stuck port data_in                                                       ;
; qc_ldpc_decoder_top:decoder|qc_llr_bank:llr_bank_inst|mem[9][53]                ; Stuck at VCC due to stuck port data_in                                                       ;
; qc_ldpc_decoder_top:decoder|qc_llr_bank:llr_bank_inst|mem[9][55]                ; Stuck at GND due to stuck port data_in                                                       ;
; qc_ldpc_decoder_top:decoder|qc_llr_bank:llr_bank_inst|mem[9][56]                ; Stuck at GND due to stuck port data_in                                                       ;
; qc_ldpc_decoder_top:decoder|qc_llr_bank:llr_bank_inst|mem[9][61]                ; Stuck at VCC due to stuck port data_in                                                       ;
; qc_ldpc_decoder_top:decoder|qc_llr_bank:llr_bank_inst|mem[9][63]                ; Stuck at GND due to stuck port data_in                                                       ;
; qc_ldpc_decoder_top:decoder|qc_llr_bank:llr_bank_inst|mem[8][1]                 ; Stuck at GND due to stuck port data_in                                                       ;
; qc_ldpc_decoder_top:decoder|qc_llr_bank:llr_bank_inst|mem[8][5]                 ; Stuck at VCC due to stuck port data_in                                                       ;
; qc_ldpc_decoder_top:decoder|qc_llr_bank:llr_bank_inst|mem[8][10]                ; Stuck at GND due to stuck port data_in                                                       ;
; qc_ldpc_decoder_top:decoder|qc_llr_bank:llr_bank_inst|mem[8][13]                ; Stuck at VCC due to stuck port data_in                                                       ;
; qc_ldpc_decoder_top:decoder|qc_llr_bank:llr_bank_inst|mem[8][15]                ; Stuck at GND due to stuck port data_in                                                       ;
; qc_ldpc_decoder_top:decoder|qc_llr_bank:llr_bank_inst|mem[8][16]                ; Stuck at GND due to stuck port data_in                                                       ;
; qc_ldpc_decoder_top:decoder|qc_llr_bank:llr_bank_inst|mem[8][21]                ; Stuck at VCC due to stuck port data_in                                                       ;
; qc_ldpc_decoder_top:decoder|qc_llr_bank:llr_bank_inst|mem[8][23]                ; Stuck at GND due to stuck port data_in                                                       ;
; qc_ldpc_decoder_top:decoder|qc_llr_bank:llr_bank_inst|mem[8][24]                ; Stuck at GND due to stuck port data_in                                                       ;
; qc_ldpc_decoder_top:decoder|qc_llr_bank:llr_bank_inst|mem[8][29]                ; Stuck at VCC due to stuck port data_in                                                       ;
; qc_ldpc_decoder_top:decoder|qc_llr_bank:llr_bank_inst|mem[8][31]                ; Stuck at GND due to stuck port data_in                                                       ;
; qc_ldpc_decoder_top:decoder|qc_llr_bank:llr_bank_inst|mem[8][32]                ; Stuck at GND due to stuck port data_in                                                       ;
; qc_ldpc_decoder_top:decoder|qc_llr_bank:llr_bank_inst|mem[8][37]                ; Stuck at VCC due to stuck port data_in                                                       ;
; qc_ldpc_decoder_top:decoder|qc_llr_bank:llr_bank_inst|mem[8][39]                ; Stuck at GND due to stuck port data_in                                                       ;
; qc_ldpc_decoder_top:decoder|qc_llr_bank:llr_bank_inst|mem[8][40]                ; Stuck at GND due to stuck port data_in                                                       ;
; qc_ldpc_decoder_top:decoder|qc_llr_bank:llr_bank_inst|mem[8][45]                ; Stuck at VCC due to stuck port data_in                                                       ;
; qc_ldpc_decoder_top:decoder|qc_llr_bank:llr_bank_inst|mem[8][47]                ; Stuck at GND due to stuck port data_in                                                       ;
; qc_ldpc_decoder_top:decoder|qc_llr_bank:llr_bank_inst|mem[8][48]                ; Stuck at GND due to stuck port data_in                                                       ;
; qc_ldpc_decoder_top:decoder|qc_llr_bank:llr_bank_inst|mem[8][53]                ; Stuck at VCC due to stuck port data_in                                                       ;
; qc_ldpc_decoder_top:decoder|qc_llr_bank:llr_bank_inst|mem[8][55]                ; Stuck at GND due to stuck port data_in                                                       ;
; qc_ldpc_decoder_top:decoder|qc_llr_bank:llr_bank_inst|mem[8][56]                ; Stuck at GND due to stuck port data_in                                                       ;
; qc_ldpc_decoder_top:decoder|qc_llr_bank:llr_bank_inst|mem[8][61]                ; Stuck at VCC due to stuck port data_in                                                       ;
; qc_ldpc_decoder_top:decoder|qc_llr_bank:llr_bank_inst|mem[8][63]                ; Stuck at GND due to stuck port data_in                                                       ;
; qc_ldpc_decoder_top:decoder|qc_llr_bank:llr_bank_inst|mem[7][1]                 ; Stuck at GND due to stuck port data_in                                                       ;
; qc_ldpc_decoder_top:decoder|qc_llr_bank:llr_bank_inst|mem[7][5]                 ; Stuck at VCC due to stuck port data_in                                                       ;
; qc_ldpc_decoder_top:decoder|qc_llr_bank:llr_bank_inst|mem[7][10]                ; Stuck at GND due to stuck port data_in                                                       ;
; qc_ldpc_decoder_top:decoder|qc_llr_bank:llr_bank_inst|mem[7][13]                ; Stuck at VCC due to stuck port data_in                                                       ;
; qc_ldpc_decoder_top:decoder|qc_llr_bank:llr_bank_inst|mem[7][15]                ; Stuck at GND due to stuck port data_in                                                       ;
; qc_ldpc_decoder_top:decoder|qc_llr_bank:llr_bank_inst|mem[7][16]                ; Stuck at GND due to stuck port data_in                                                       ;
; qc_ldpc_decoder_top:decoder|qc_llr_bank:llr_bank_inst|mem[7][21]                ; Stuck at VCC due to stuck port data_in                                                       ;
; qc_ldpc_decoder_top:decoder|qc_llr_bank:llr_bank_inst|mem[7][23]                ; Stuck at GND due to stuck port data_in                                                       ;
; qc_ldpc_decoder_top:decoder|qc_llr_bank:llr_bank_inst|mem[7][24]                ; Stuck at GND due to stuck port data_in                                                       ;
; qc_ldpc_decoder_top:decoder|qc_llr_bank:llr_bank_inst|mem[7][29]                ; Stuck at VCC due to stuck port data_in                                                       ;
; qc_ldpc_decoder_top:decoder|qc_llr_bank:llr_bank_inst|mem[7][31]                ; Stuck at GND due to stuck port data_in                                                       ;
; qc_ldpc_decoder_top:decoder|qc_llr_bank:llr_bank_inst|mem[7][32]                ; Stuck at GND due to stuck port data_in                                                       ;
; qc_ldpc_decoder_top:decoder|qc_llr_bank:llr_bank_inst|mem[7][37]                ; Stuck at VCC due to stuck port data_in                                                       ;
; qc_ldpc_decoder_top:decoder|qc_llr_bank:llr_bank_inst|mem[7][39]                ; Stuck at GND due to stuck port data_in                                                       ;
; qc_ldpc_decoder_top:decoder|qc_llr_bank:llr_bank_inst|mem[7][40]                ; Stuck at GND due to stuck port data_in                                                       ;
; qc_ldpc_decoder_top:decoder|qc_llr_bank:llr_bank_inst|mem[7][45]                ; Stuck at VCC due to stuck port data_in                                                       ;
; qc_ldpc_decoder_top:decoder|qc_llr_bank:llr_bank_inst|mem[7][47]                ; Stuck at GND due to stuck port data_in                                                       ;
; qc_ldpc_decoder_top:decoder|qc_llr_bank:llr_bank_inst|mem[7][48]                ; Stuck at GND due to stuck port data_in                                                       ;
; qc_ldpc_decoder_top:decoder|qc_llr_bank:llr_bank_inst|mem[7][53]                ; Stuck at VCC due to stuck port data_in                                                       ;
; qc_ldpc_decoder_top:decoder|qc_llr_bank:llr_bank_inst|mem[7][55]                ; Stuck at GND due to stuck port data_in                                                       ;
; qc_ldpc_decoder_top:decoder|qc_llr_bank:llr_bank_inst|mem[7][56]                ; Stuck at GND due to stuck port data_in                                                       ;
; qc_ldpc_decoder_top:decoder|qc_llr_bank:llr_bank_inst|mem[7][61]                ; Stuck at VCC due to stuck port data_in                                                       ;
; qc_ldpc_decoder_top:decoder|qc_llr_bank:llr_bank_inst|mem[7][63]                ; Stuck at GND due to stuck port data_in                                                       ;
; qc_ldpc_decoder_top:decoder|qc_llr_bank:llr_bank_inst|mem[6][1]                 ; Stuck at GND due to stuck port data_in                                                       ;
; qc_ldpc_decoder_top:decoder|qc_llr_bank:llr_bank_inst|mem[6][5]                 ; Stuck at VCC due to stuck port data_in                                                       ;
; qc_ldpc_decoder_top:decoder|qc_llr_bank:llr_bank_inst|mem[6][10]                ; Stuck at GND due to stuck port data_in                                                       ;
; qc_ldpc_decoder_top:decoder|qc_llr_bank:llr_bank_inst|mem[6][13]                ; Stuck at VCC due to stuck port data_in                                                       ;
; qc_ldpc_decoder_top:decoder|qc_llr_bank:llr_bank_inst|mem[6][15]                ; Stuck at GND due to stuck port data_in                                                       ;
; qc_ldpc_decoder_top:decoder|qc_llr_bank:llr_bank_inst|mem[6][16]                ; Stuck at GND due to stuck port data_in                                                       ;
; qc_ldpc_decoder_top:decoder|qc_llr_bank:llr_bank_inst|mem[6][21]                ; Stuck at VCC due to stuck port data_in                                                       ;
; qc_ldpc_decoder_top:decoder|qc_llr_bank:llr_bank_inst|mem[6][23]                ; Stuck at GND due to stuck port data_in                                                       ;
; qc_ldpc_decoder_top:decoder|qc_llr_bank:llr_bank_inst|mem[6][24]                ; Stuck at GND due to stuck port data_in                                                       ;
; qc_ldpc_decoder_top:decoder|qc_llr_bank:llr_bank_inst|mem[6][29]                ; Stuck at VCC due to stuck port data_in                                                       ;
; qc_ldpc_decoder_top:decoder|qc_llr_bank:llr_bank_inst|mem[6][31]                ; Stuck at GND due to stuck port data_in                                                       ;
; qc_ldpc_decoder_top:decoder|qc_llr_bank:llr_bank_inst|mem[6][32]                ; Stuck at GND due to stuck port data_in                                                       ;
; qc_ldpc_decoder_top:decoder|qc_llr_bank:llr_bank_inst|mem[6][37]                ; Stuck at VCC due to stuck port data_in                                                       ;
; qc_ldpc_decoder_top:decoder|qc_llr_bank:llr_bank_inst|mem[6][39]                ; Stuck at GND due to stuck port data_in                                                       ;
; qc_ldpc_decoder_top:decoder|qc_llr_bank:llr_bank_inst|mem[6][40]                ; Stuck at GND due to stuck port data_in                                                       ;
; qc_ldpc_decoder_top:decoder|qc_llr_bank:llr_bank_inst|mem[6][45]                ; Stuck at VCC due to stuck port data_in                                                       ;
; qc_ldpc_decoder_top:decoder|qc_llr_bank:llr_bank_inst|mem[6][47]                ; Stuck at GND due to stuck port data_in                                                       ;
; qc_ldpc_decoder_top:decoder|qc_llr_bank:llr_bank_inst|mem[6][48]                ; Stuck at GND due to stuck port data_in                                                       ;
; qc_ldpc_decoder_top:decoder|qc_llr_bank:llr_bank_inst|mem[6][53]                ; Stuck at VCC due to stuck port data_in                                                       ;
; qc_ldpc_decoder_top:decoder|qc_llr_bank:llr_bank_inst|mem[6][55]                ; Stuck at GND due to stuck port data_in                                                       ;
; qc_ldpc_decoder_top:decoder|qc_llr_bank:llr_bank_inst|mem[6][56]                ; Stuck at GND due to stuck port data_in                                                       ;
; qc_ldpc_decoder_top:decoder|qc_llr_bank:llr_bank_inst|mem[6][61]                ; Stuck at VCC due to stuck port data_in                                                       ;
; qc_ldpc_decoder_top:decoder|qc_llr_bank:llr_bank_inst|mem[6][63]                ; Stuck at GND due to stuck port data_in                                                       ;
; qc_ldpc_decoder_top:decoder|qc_llr_bank:llr_bank_inst|mem[5][1]                 ; Stuck at GND due to stuck port data_in                                                       ;
; qc_ldpc_decoder_top:decoder|qc_llr_bank:llr_bank_inst|mem[5][5]                 ; Stuck at VCC due to stuck port data_in                                                       ;
; qc_ldpc_decoder_top:decoder|qc_llr_bank:llr_bank_inst|mem[5][10]                ; Stuck at GND due to stuck port data_in                                                       ;
; qc_ldpc_decoder_top:decoder|qc_llr_bank:llr_bank_inst|mem[5][13]                ; Stuck at VCC due to stuck port data_in                                                       ;
; qc_ldpc_decoder_top:decoder|qc_llr_bank:llr_bank_inst|mem[5][15]                ; Stuck at GND due to stuck port data_in                                                       ;
; qc_ldpc_decoder_top:decoder|qc_llr_bank:llr_bank_inst|mem[5][16]                ; Stuck at GND due to stuck port data_in                                                       ;
; qc_ldpc_decoder_top:decoder|qc_llr_bank:llr_bank_inst|mem[5][21]                ; Stuck at VCC due to stuck port data_in                                                       ;
; qc_ldpc_decoder_top:decoder|qc_llr_bank:llr_bank_inst|mem[5][23]                ; Stuck at GND due to stuck port data_in                                                       ;
; qc_ldpc_decoder_top:decoder|qc_llr_bank:llr_bank_inst|mem[5][24]                ; Stuck at GND due to stuck port data_in                                                       ;
; qc_ldpc_decoder_top:decoder|qc_llr_bank:llr_bank_inst|mem[5][29]                ; Stuck at VCC due to stuck port data_in                                                       ;
; qc_ldpc_decoder_top:decoder|qc_llr_bank:llr_bank_inst|mem[5][31]                ; Stuck at GND due to stuck port data_in                                                       ;
; qc_ldpc_decoder_top:decoder|qc_llr_bank:llr_bank_inst|mem[5][32]                ; Stuck at GND due to stuck port data_in                                                       ;
; qc_ldpc_decoder_top:decoder|qc_llr_bank:llr_bank_inst|mem[5][37]                ; Stuck at VCC due to stuck port data_in                                                       ;
; qc_ldpc_decoder_top:decoder|qc_llr_bank:llr_bank_inst|mem[5][39]                ; Stuck at GND due to stuck port data_in                                                       ;
; qc_ldpc_decoder_top:decoder|qc_llr_bank:llr_bank_inst|mem[5][40]                ; Stuck at GND due to stuck port data_in                                                       ;
; qc_ldpc_decoder_top:decoder|qc_llr_bank:llr_bank_inst|mem[5][45]                ; Stuck at VCC due to stuck port data_in                                                       ;
; qc_ldpc_decoder_top:decoder|qc_llr_bank:llr_bank_inst|mem[5][47]                ; Stuck at GND due to stuck port data_in                                                       ;
; qc_ldpc_decoder_top:decoder|qc_llr_bank:llr_bank_inst|mem[5][48]                ; Stuck at GND due to stuck port data_in                                                       ;
; qc_ldpc_decoder_top:decoder|qc_llr_bank:llr_bank_inst|mem[5][53]                ; Stuck at VCC due to stuck port data_in                                                       ;
; qc_ldpc_decoder_top:decoder|qc_llr_bank:llr_bank_inst|mem[5][55]                ; Stuck at GND due to stuck port data_in                                                       ;
; qc_ldpc_decoder_top:decoder|qc_llr_bank:llr_bank_inst|mem[5][56]                ; Stuck at GND due to stuck port data_in                                                       ;
; qc_ldpc_decoder_top:decoder|qc_llr_bank:llr_bank_inst|mem[5][61]                ; Stuck at VCC due to stuck port data_in                                                       ;
; qc_ldpc_decoder_top:decoder|qc_llr_bank:llr_bank_inst|mem[5][63]                ; Stuck at GND due to stuck port data_in                                                       ;
; qc_ldpc_decoder_top:decoder|qc_llr_bank:llr_bank_inst|mem[4][1]                 ; Stuck at GND due to stuck port data_in                                                       ;
; qc_ldpc_decoder_top:decoder|qc_llr_bank:llr_bank_inst|mem[4][5]                 ; Stuck at VCC due to stuck port data_in                                                       ;
; qc_ldpc_decoder_top:decoder|qc_llr_bank:llr_bank_inst|mem[4][10]                ; Stuck at GND due to stuck port data_in                                                       ;
; qc_ldpc_decoder_top:decoder|qc_llr_bank:llr_bank_inst|mem[4][13]                ; Stuck at VCC due to stuck port data_in                                                       ;
; qc_ldpc_decoder_top:decoder|qc_llr_bank:llr_bank_inst|mem[4][15]                ; Stuck at GND due to stuck port data_in                                                       ;
; qc_ldpc_decoder_top:decoder|qc_llr_bank:llr_bank_inst|mem[4][16]                ; Stuck at GND due to stuck port data_in                                                       ;
; qc_ldpc_decoder_top:decoder|qc_llr_bank:llr_bank_inst|mem[4][21]                ; Stuck at VCC due to stuck port data_in                                                       ;
; qc_ldpc_decoder_top:decoder|qc_llr_bank:llr_bank_inst|mem[4][23]                ; Stuck at GND due to stuck port data_in                                                       ;
; qc_ldpc_decoder_top:decoder|qc_llr_bank:llr_bank_inst|mem[4][24]                ; Stuck at GND due to stuck port data_in                                                       ;
; qc_ldpc_decoder_top:decoder|qc_llr_bank:llr_bank_inst|mem[4][29]                ; Stuck at VCC due to stuck port data_in                                                       ;
; qc_ldpc_decoder_top:decoder|qc_llr_bank:llr_bank_inst|mem[4][31]                ; Stuck at GND due to stuck port data_in                                                       ;
; qc_ldpc_decoder_top:decoder|qc_llr_bank:llr_bank_inst|mem[4][32]                ; Stuck at GND due to stuck port data_in                                                       ;
; qc_ldpc_decoder_top:decoder|qc_llr_bank:llr_bank_inst|mem[4][37]                ; Stuck at VCC due to stuck port data_in                                                       ;
; qc_ldpc_decoder_top:decoder|qc_llr_bank:llr_bank_inst|mem[4][39]                ; Stuck at GND due to stuck port data_in                                                       ;
; qc_ldpc_decoder_top:decoder|qc_llr_bank:llr_bank_inst|mem[4][40]                ; Stuck at GND due to stuck port data_in                                                       ;
; qc_ldpc_decoder_top:decoder|qc_llr_bank:llr_bank_inst|mem[4][45]                ; Stuck at VCC due to stuck port data_in                                                       ;
; qc_ldpc_decoder_top:decoder|qc_llr_bank:llr_bank_inst|mem[4][47]                ; Stuck at GND due to stuck port data_in                                                       ;
; qc_ldpc_decoder_top:decoder|qc_llr_bank:llr_bank_inst|mem[4][48]                ; Stuck at GND due to stuck port data_in                                                       ;
; qc_ldpc_decoder_top:decoder|qc_llr_bank:llr_bank_inst|mem[4][53]                ; Stuck at VCC due to stuck port data_in                                                       ;
; qc_ldpc_decoder_top:decoder|qc_llr_bank:llr_bank_inst|mem[4][55]                ; Stuck at GND due to stuck port data_in                                                       ;
; qc_ldpc_decoder_top:decoder|qc_llr_bank:llr_bank_inst|mem[4][56]                ; Stuck at GND due to stuck port data_in                                                       ;
; qc_ldpc_decoder_top:decoder|qc_llr_bank:llr_bank_inst|mem[4][61]                ; Stuck at VCC due to stuck port data_in                                                       ;
; qc_ldpc_decoder_top:decoder|qc_llr_bank:llr_bank_inst|mem[4][63]                ; Stuck at GND due to stuck port data_in                                                       ;
; qc_ldpc_decoder_top:decoder|qc_llr_bank:llr_bank_inst|mem[3][1]                 ; Stuck at GND due to stuck port data_in                                                       ;
; qc_ldpc_decoder_top:decoder|qc_llr_bank:llr_bank_inst|mem[3][5]                 ; Stuck at VCC due to stuck port data_in                                                       ;
; qc_ldpc_decoder_top:decoder|qc_llr_bank:llr_bank_inst|mem[3][10]                ; Stuck at GND due to stuck port data_in                                                       ;
; qc_ldpc_decoder_top:decoder|qc_llr_bank:llr_bank_inst|mem[3][13]                ; Stuck at VCC due to stuck port data_in                                                       ;
; qc_ldpc_decoder_top:decoder|qc_llr_bank:llr_bank_inst|mem[3][15]                ; Stuck at GND due to stuck port data_in                                                       ;
; qc_ldpc_decoder_top:decoder|qc_llr_bank:llr_bank_inst|mem[3][16]                ; Stuck at GND due to stuck port data_in                                                       ;
; qc_ldpc_decoder_top:decoder|qc_llr_bank:llr_bank_inst|mem[3][21]                ; Stuck at VCC due to stuck port data_in                                                       ;
; qc_ldpc_decoder_top:decoder|qc_llr_bank:llr_bank_inst|mem[3][23]                ; Stuck at GND due to stuck port data_in                                                       ;
; qc_ldpc_decoder_top:decoder|qc_llr_bank:llr_bank_inst|mem[3][24]                ; Stuck at GND due to stuck port data_in                                                       ;
; qc_ldpc_decoder_top:decoder|qc_llr_bank:llr_bank_inst|mem[3][29]                ; Stuck at VCC due to stuck port data_in                                                       ;
; qc_ldpc_decoder_top:decoder|qc_llr_bank:llr_bank_inst|mem[3][31]                ; Stuck at GND due to stuck port data_in                                                       ;
; qc_ldpc_decoder_top:decoder|qc_llr_bank:llr_bank_inst|mem[3][32]                ; Stuck at GND due to stuck port data_in                                                       ;
; qc_ldpc_decoder_top:decoder|qc_llr_bank:llr_bank_inst|mem[3][37]                ; Stuck at VCC due to stuck port data_in                                                       ;
; qc_ldpc_decoder_top:decoder|qc_llr_bank:llr_bank_inst|mem[3][39]                ; Stuck at GND due to stuck port data_in                                                       ;
; qc_ldpc_decoder_top:decoder|qc_llr_bank:llr_bank_inst|mem[3][40]                ; Stuck at GND due to stuck port data_in                                                       ;
; qc_ldpc_decoder_top:decoder|qc_llr_bank:llr_bank_inst|mem[3][45]                ; Stuck at VCC due to stuck port data_in                                                       ;
; qc_ldpc_decoder_top:decoder|qc_llr_bank:llr_bank_inst|mem[3][47]                ; Stuck at GND due to stuck port data_in                                                       ;
; qc_ldpc_decoder_top:decoder|qc_llr_bank:llr_bank_inst|mem[3][48]                ; Stuck at GND due to stuck port data_in                                                       ;
; qc_ldpc_decoder_top:decoder|qc_llr_bank:llr_bank_inst|mem[3][53]                ; Stuck at VCC due to stuck port data_in                                                       ;
; qc_ldpc_decoder_top:decoder|qc_llr_bank:llr_bank_inst|mem[3][55]                ; Stuck at GND due to stuck port data_in                                                       ;
; qc_ldpc_decoder_top:decoder|qc_llr_bank:llr_bank_inst|mem[3][56]                ; Stuck at GND due to stuck port data_in                                                       ;
; qc_ldpc_decoder_top:decoder|qc_llr_bank:llr_bank_inst|mem[3][61]                ; Stuck at VCC due to stuck port data_in                                                       ;
; qc_ldpc_decoder_top:decoder|qc_llr_bank:llr_bank_inst|mem[3][63]                ; Stuck at GND due to stuck port data_in                                                       ;
; qc_ldpc_decoder_top:decoder|qc_llr_bank:llr_bank_inst|mem[2][1]                 ; Stuck at GND due to stuck port data_in                                                       ;
; qc_ldpc_decoder_top:decoder|qc_llr_bank:llr_bank_inst|mem[2][5]                 ; Stuck at VCC due to stuck port data_in                                                       ;
; qc_ldpc_decoder_top:decoder|qc_llr_bank:llr_bank_inst|mem[2][10]                ; Stuck at GND due to stuck port data_in                                                       ;
; qc_ldpc_decoder_top:decoder|qc_llr_bank:llr_bank_inst|mem[2][13]                ; Stuck at VCC due to stuck port data_in                                                       ;
; qc_ldpc_decoder_top:decoder|qc_llr_bank:llr_bank_inst|mem[2][15]                ; Stuck at GND due to stuck port data_in                                                       ;
; qc_ldpc_decoder_top:decoder|qc_llr_bank:llr_bank_inst|mem[2][16]                ; Stuck at GND due to stuck port data_in                                                       ;
; qc_ldpc_decoder_top:decoder|qc_llr_bank:llr_bank_inst|mem[2][21]                ; Stuck at VCC due to stuck port data_in                                                       ;
; qc_ldpc_decoder_top:decoder|qc_llr_bank:llr_bank_inst|mem[2][23]                ; Stuck at GND due to stuck port data_in                                                       ;
; qc_ldpc_decoder_top:decoder|qc_llr_bank:llr_bank_inst|mem[2][24]                ; Stuck at GND due to stuck port data_in                                                       ;
; qc_ldpc_decoder_top:decoder|qc_llr_bank:llr_bank_inst|mem[2][29]                ; Stuck at VCC due to stuck port data_in                                                       ;
; qc_ldpc_decoder_top:decoder|qc_llr_bank:llr_bank_inst|mem[2][31]                ; Stuck at GND due to stuck port data_in                                                       ;
; qc_ldpc_decoder_top:decoder|qc_llr_bank:llr_bank_inst|mem[2][32]                ; Stuck at GND due to stuck port data_in                                                       ;
; qc_ldpc_decoder_top:decoder|qc_llr_bank:llr_bank_inst|mem[2][37]                ; Stuck at VCC due to stuck port data_in                                                       ;
; qc_ldpc_decoder_top:decoder|qc_llr_bank:llr_bank_inst|mem[2][39]                ; Stuck at GND due to stuck port data_in                                                       ;
; qc_ldpc_decoder_top:decoder|qc_llr_bank:llr_bank_inst|mem[2][40]                ; Stuck at GND due to stuck port data_in                                                       ;
; qc_ldpc_decoder_top:decoder|qc_llr_bank:llr_bank_inst|mem[2][45]                ; Stuck at VCC due to stuck port data_in                                                       ;
; qc_ldpc_decoder_top:decoder|qc_llr_bank:llr_bank_inst|mem[2][47]                ; Stuck at GND due to stuck port data_in                                                       ;
; qc_ldpc_decoder_top:decoder|qc_llr_bank:llr_bank_inst|mem[2][48]                ; Stuck at GND due to stuck port data_in                                                       ;
; qc_ldpc_decoder_top:decoder|qc_llr_bank:llr_bank_inst|mem[2][53]                ; Stuck at VCC due to stuck port data_in                                                       ;
; qc_ldpc_decoder_top:decoder|qc_llr_bank:llr_bank_inst|mem[2][55]                ; Stuck at GND due to stuck port data_in                                                       ;
; qc_ldpc_decoder_top:decoder|qc_llr_bank:llr_bank_inst|mem[2][56]                ; Stuck at GND due to stuck port data_in                                                       ;
; qc_ldpc_decoder_top:decoder|qc_llr_bank:llr_bank_inst|mem[2][61]                ; Stuck at VCC due to stuck port data_in                                                       ;
; qc_ldpc_decoder_top:decoder|qc_llr_bank:llr_bank_inst|mem[2][63]                ; Stuck at GND due to stuck port data_in                                                       ;
; qc_ldpc_decoder_top:decoder|qc_llr_bank:llr_bank_inst|mem[1][1]                 ; Stuck at GND due to stuck port data_in                                                       ;
; qc_ldpc_decoder_top:decoder|qc_llr_bank:llr_bank_inst|mem[1][5]                 ; Stuck at VCC due to stuck port data_in                                                       ;
; qc_ldpc_decoder_top:decoder|qc_llr_bank:llr_bank_inst|mem[1][10]                ; Stuck at GND due to stuck port data_in                                                       ;
; qc_ldpc_decoder_top:decoder|qc_llr_bank:llr_bank_inst|mem[1][13]                ; Stuck at VCC due to stuck port data_in                                                       ;
; qc_ldpc_decoder_top:decoder|qc_llr_bank:llr_bank_inst|mem[1][15]                ; Stuck at GND due to stuck port data_in                                                       ;
; qc_ldpc_decoder_top:decoder|qc_llr_bank:llr_bank_inst|mem[1][16]                ; Stuck at GND due to stuck port data_in                                                       ;
; qc_ldpc_decoder_top:decoder|qc_llr_bank:llr_bank_inst|mem[1][21]                ; Stuck at VCC due to stuck port data_in                                                       ;
; qc_ldpc_decoder_top:decoder|qc_llr_bank:llr_bank_inst|mem[1][23]                ; Stuck at GND due to stuck port data_in                                                       ;
; qc_ldpc_decoder_top:decoder|qc_llr_bank:llr_bank_inst|mem[1][24]                ; Stuck at GND due to stuck port data_in                                                       ;
; qc_ldpc_decoder_top:decoder|qc_llr_bank:llr_bank_inst|mem[1][29]                ; Stuck at VCC due to stuck port data_in                                                       ;
; qc_ldpc_decoder_top:decoder|qc_llr_bank:llr_bank_inst|mem[1][31]                ; Stuck at GND due to stuck port data_in                                                       ;
; qc_ldpc_decoder_top:decoder|qc_llr_bank:llr_bank_inst|mem[1][32]                ; Stuck at GND due to stuck port data_in                                                       ;
; qc_ldpc_decoder_top:decoder|qc_llr_bank:llr_bank_inst|mem[1][37]                ; Stuck at VCC due to stuck port data_in                                                       ;
; qc_ldpc_decoder_top:decoder|qc_llr_bank:llr_bank_inst|mem[1][39]                ; Stuck at GND due to stuck port data_in                                                       ;
; qc_ldpc_decoder_top:decoder|qc_llr_bank:llr_bank_inst|mem[1][40]                ; Stuck at GND due to stuck port data_in                                                       ;
; qc_ldpc_decoder_top:decoder|qc_llr_bank:llr_bank_inst|mem[1][45]                ; Stuck at VCC due to stuck port data_in                                                       ;
; qc_ldpc_decoder_top:decoder|qc_llr_bank:llr_bank_inst|mem[1][47]                ; Stuck at GND due to stuck port data_in                                                       ;
; qc_ldpc_decoder_top:decoder|qc_llr_bank:llr_bank_inst|mem[1][48]                ; Stuck at GND due to stuck port data_in                                                       ;
; qc_ldpc_decoder_top:decoder|qc_llr_bank:llr_bank_inst|mem[1][53]                ; Stuck at VCC due to stuck port data_in                                                       ;
; qc_ldpc_decoder_top:decoder|qc_llr_bank:llr_bank_inst|mem[1][55]                ; Stuck at GND due to stuck port data_in                                                       ;
; qc_ldpc_decoder_top:decoder|qc_llr_bank:llr_bank_inst|mem[1][56]                ; Stuck at GND due to stuck port data_in                                                       ;
; qc_ldpc_decoder_top:decoder|qc_llr_bank:llr_bank_inst|mem[1][61]                ; Stuck at VCC due to stuck port data_in                                                       ;
; qc_ldpc_decoder_top:decoder|qc_llr_bank:llr_bank_inst|mem[1][63]                ; Stuck at GND due to stuck port data_in                                                       ;
; qc_ldpc_decoder_top:decoder|qc_llr_bank:llr_bank_inst|mem[0][1]                 ; Stuck at GND due to stuck port data_in                                                       ;
; qc_ldpc_decoder_top:decoder|qc_llr_bank:llr_bank_inst|mem[0][5]                 ; Stuck at VCC due to stuck port data_in                                                       ;
; qc_ldpc_decoder_top:decoder|qc_llr_bank:llr_bank_inst|mem[0][10]                ; Stuck at GND due to stuck port data_in                                                       ;
; qc_ldpc_decoder_top:decoder|qc_llr_bank:llr_bank_inst|mem[0][13]                ; Stuck at VCC due to stuck port data_in                                                       ;
; qc_ldpc_decoder_top:decoder|qc_llr_bank:llr_bank_inst|mem[0][15]                ; Stuck at GND due to stuck port data_in                                                       ;
; qc_ldpc_decoder_top:decoder|qc_llr_bank:llr_bank_inst|mem[0][16]                ; Stuck at GND due to stuck port data_in                                                       ;
; qc_ldpc_decoder_top:decoder|qc_llr_bank:llr_bank_inst|mem[0][21]                ; Stuck at VCC due to stuck port data_in                                                       ;
; qc_ldpc_decoder_top:decoder|qc_llr_bank:llr_bank_inst|mem[0][23]                ; Stuck at GND due to stuck port data_in                                                       ;
; qc_ldpc_decoder_top:decoder|qc_llr_bank:llr_bank_inst|mem[0][24]                ; Stuck at GND due to stuck port data_in                                                       ;
; qc_ldpc_decoder_top:decoder|qc_llr_bank:llr_bank_inst|mem[0][29]                ; Stuck at VCC due to stuck port data_in                                                       ;
; qc_ldpc_decoder_top:decoder|qc_llr_bank:llr_bank_inst|mem[0][31]                ; Stuck at GND due to stuck port data_in                                                       ;
; qc_ldpc_decoder_top:decoder|qc_llr_bank:llr_bank_inst|mem[0][32]                ; Stuck at GND due to stuck port data_in                                                       ;
; qc_ldpc_decoder_top:decoder|qc_llr_bank:llr_bank_inst|mem[0][37]                ; Stuck at VCC due to stuck port data_in                                                       ;
; qc_ldpc_decoder_top:decoder|qc_llr_bank:llr_bank_inst|mem[0][39]                ; Stuck at GND due to stuck port data_in                                                       ;
; qc_ldpc_decoder_top:decoder|qc_llr_bank:llr_bank_inst|mem[0][40]                ; Stuck at GND due to stuck port data_in                                                       ;
; qc_ldpc_decoder_top:decoder|qc_llr_bank:llr_bank_inst|mem[0][45]                ; Stuck at VCC due to stuck port data_in                                                       ;
; qc_ldpc_decoder_top:decoder|qc_llr_bank:llr_bank_inst|mem[0][47]                ; Stuck at GND due to stuck port data_in                                                       ;
; qc_ldpc_decoder_top:decoder|qc_llr_bank:llr_bank_inst|mem[0][48]                ; Stuck at GND due to stuck port data_in                                                       ;
; qc_ldpc_decoder_top:decoder|qc_llr_bank:llr_bank_inst|mem[0][53]                ; Stuck at VCC due to stuck port data_in                                                       ;
; qc_ldpc_decoder_top:decoder|qc_llr_bank:llr_bank_inst|mem[0][55]                ; Stuck at GND due to stuck port data_in                                                       ;
; qc_ldpc_decoder_top:decoder|qc_llr_bank:llr_bank_inst|mem[0][56]                ; Stuck at GND due to stuck port data_in                                                       ;
; qc_ldpc_decoder_top:decoder|qc_llr_bank:llr_bank_inst|mem[0][61]                ; Stuck at VCC due to stuck port data_in                                                       ;
; qc_ldpc_decoder_top:decoder|qc_llr_bank:llr_bank_inst|mem[0][63]                ; Stuck at GND due to stuck port data_in                                                       ;
; qc_ldpc_decoder_top:decoder|qc_row_weight_rom:row_w_rom_inst|data[1]            ; Merged with qc_ldpc_decoder_top:decoder|qc_row_weight_rom:row_w_rom_inst|data[0]             ;
; qc_ldpc_decoder_top:decoder|qc_iteration_controller:ctrl_inst|col_w_addr[0..3]  ; Lost fanout                                                                                  ;
; qc_ldpc_decoder_top:decoder|qc_iteration_controller:ctrl_inst|row_w_addr[0..3]  ; Lost fanout                                                                                  ;
; qc_ldpc_decoder_top:decoder|qc_col_weight_rom:col_w_rom_inst|data[1]            ; Stuck at VCC due to stuck port data_in                                                       ;
; qc_ldpc_decoder_top:decoder|qc_row_weight_rom:row_w_rom_inst|data[2]            ; Stuck at VCC due to stuck port data_in                                                       ;
; qc_ldpc_decoder_top:decoder|qc_llr_bank:llr_bank_inst|rd_data[0][5]             ; Stuck at VCC due to stuck port data_in                                                       ;
; qc_ldpc_decoder_top:decoder|qc_llr_bank:llr_bank_inst|rd_data[0][1]             ; Stuck at GND due to stuck port data_in                                                       ;
; qc_ldpc_decoder_top:decoder|qc_llr_bank:llr_bank_inst|rd_data[1][7]             ; Stuck at GND due to stuck port data_in                                                       ;
; qc_ldpc_decoder_top:decoder|qc_llr_bank:llr_bank_inst|rd_data[1][5]             ; Stuck at VCC due to stuck port data_in                                                       ;
; qc_ldpc_decoder_top:decoder|qc_llr_bank:llr_bank_inst|rd_data[1][0]             ; Stuck at GND due to stuck port data_in                                                       ;
; qc_ldpc_decoder_top:decoder|qc_llr_bank:llr_bank_inst|rd_data[2][7]             ; Stuck at GND due to stuck port data_in                                                       ;
; qc_ldpc_decoder_top:decoder|qc_llr_bank:llr_bank_inst|rd_data[2][5]             ; Stuck at VCC due to stuck port data_in                                                       ;
; qc_ldpc_decoder_top:decoder|qc_llr_bank:llr_bank_inst|rd_data[2][0]             ; Stuck at GND due to stuck port data_in                                                       ;
; qc_ldpc_decoder_top:decoder|qc_llr_bank:llr_bank_inst|rd_data[3][7]             ; Stuck at GND due to stuck port data_in                                                       ;
; qc_ldpc_decoder_top:decoder|qc_llr_bank:llr_bank_inst|rd_data[3][5]             ; Stuck at VCC due to stuck port data_in                                                       ;
; qc_ldpc_decoder_top:decoder|qc_llr_bank:llr_bank_inst|rd_data[3][0]             ; Stuck at GND due to stuck port data_in                                                       ;
; qc_ldpc_decoder_top:decoder|qc_llr_bank:llr_bank_inst|rd_data[4][7]             ; Stuck at GND due to stuck port data_in                                                       ;
; qc_ldpc_decoder_top:decoder|qc_llr_bank:llr_bank_inst|rd_data[4][5]             ; Stuck at VCC due to stuck port data_in                                                       ;
; qc_ldpc_decoder_top:decoder|qc_llr_bank:llr_bank_inst|rd_data[4][0]             ; Stuck at GND due to stuck port data_in                                                       ;
; qc_ldpc_decoder_top:decoder|qc_llr_bank:llr_bank_inst|rd_data[5][7]             ; Stuck at GND due to stuck port data_in                                                       ;
; qc_ldpc_decoder_top:decoder|qc_llr_bank:llr_bank_inst|rd_data[5][5]             ; Stuck at VCC due to stuck port data_in                                                       ;
; qc_ldpc_decoder_top:decoder|qc_llr_bank:llr_bank_inst|rd_data[5][0]             ; Stuck at GND due to stuck port data_in                                                       ;
; qc_ldpc_decoder_top:decoder|qc_llr_bank:llr_bank_inst|rd_data[6][7]             ; Stuck at GND due to stuck port data_in                                                       ;
; qc_ldpc_decoder_top:decoder|qc_llr_bank:llr_bank_inst|rd_data[6][5]             ; Stuck at VCC due to stuck port data_in                                                       ;
; qc_ldpc_decoder_top:decoder|qc_llr_bank:llr_bank_inst|rd_data[6][0]             ; Stuck at GND due to stuck port data_in                                                       ;
; qc_ldpc_decoder_top:decoder|qc_llr_bank:llr_bank_inst|rd_data[7][7]             ; Stuck at GND due to stuck port data_in                                                       ;
; qc_ldpc_decoder_top:decoder|qc_llr_bank:llr_bank_inst|rd_data[7][5]             ; Stuck at VCC due to stuck port data_in                                                       ;
; qc_ldpc_decoder_top:decoder|qc_llr_bank:llr_bank_inst|rd_data[7][0]             ; Stuck at GND due to stuck port data_in                                                       ;
; qc_ldpc_decoder_top:decoder|qc_iteration_controller:ctrl_inst|llr_rd_bcol[0..5] ; Lost fanout                                                                                  ;
; qc_ldpc_decoder_top:decoder|qc_iteration_controller:ctrl_inst|llr_buf[0][5]     ; Stuck at VCC due to stuck port data_in                                                       ;
; qc_ldpc_decoder_top:decoder|qc_iteration_controller:ctrl_inst|llr_buf[0][1]     ; Stuck at GND due to stuck port data_in                                                       ;
; qc_ldpc_decoder_top:decoder|qc_iteration_controller:ctrl_inst|llr_buf[1][7]     ; Stuck at GND due to stuck port data_in                                                       ;
; qc_ldpc_decoder_top:decoder|qc_iteration_controller:ctrl_inst|llr_buf[1][5]     ; Stuck at VCC due to stuck port data_in                                                       ;
; qc_ldpc_decoder_top:decoder|qc_iteration_controller:ctrl_inst|llr_buf[1][0]     ; Stuck at GND due to stuck port data_in                                                       ;
; qc_ldpc_decoder_top:decoder|qc_iteration_controller:ctrl_inst|llr_buf[2][7]     ; Stuck at GND due to stuck port data_in                                                       ;
; qc_ldpc_decoder_top:decoder|qc_iteration_controller:ctrl_inst|llr_buf[2][5]     ; Stuck at VCC due to stuck port data_in                                                       ;
; qc_ldpc_decoder_top:decoder|qc_iteration_controller:ctrl_inst|llr_buf[2][0]     ; Stuck at GND due to stuck port data_in                                                       ;
; qc_ldpc_decoder_top:decoder|qc_iteration_controller:ctrl_inst|llr_buf[3][7]     ; Stuck at GND due to stuck port data_in                                                       ;
; qc_ldpc_decoder_top:decoder|qc_iteration_controller:ctrl_inst|llr_buf[3][5]     ; Stuck at VCC due to stuck port data_in                                                       ;
; qc_ldpc_decoder_top:decoder|qc_iteration_controller:ctrl_inst|llr_buf[3][0]     ; Stuck at GND due to stuck port data_in                                                       ;
; qc_ldpc_decoder_top:decoder|qc_iteration_controller:ctrl_inst|llr_buf[4][7]     ; Stuck at GND due to stuck port data_in                                                       ;
; qc_ldpc_decoder_top:decoder|qc_iteration_controller:ctrl_inst|llr_buf[4][5]     ; Stuck at VCC due to stuck port data_in                                                       ;
; qc_ldpc_decoder_top:decoder|qc_iteration_controller:ctrl_inst|llr_buf[4][0]     ; Stuck at GND due to stuck port data_in                                                       ;
; qc_ldpc_decoder_top:decoder|qc_iteration_controller:ctrl_inst|llr_buf[5][7]     ; Stuck at GND due to stuck port data_in                                                       ;
; qc_ldpc_decoder_top:decoder|qc_iteration_controller:ctrl_inst|llr_buf[5][5]     ; Stuck at VCC due to stuck port data_in                                                       ;
; qc_ldpc_decoder_top:decoder|qc_iteration_controller:ctrl_inst|llr_buf[5][0]     ; Stuck at GND due to stuck port data_in                                                       ;
; qc_ldpc_decoder_top:decoder|qc_iteration_controller:ctrl_inst|llr_buf[6][7]     ; Stuck at GND due to stuck port data_in                                                       ;
; qc_ldpc_decoder_top:decoder|qc_iteration_controller:ctrl_inst|llr_buf[6][5]     ; Stuck at VCC due to stuck port data_in                                                       ;
; qc_ldpc_decoder_top:decoder|qc_iteration_controller:ctrl_inst|llr_buf[6][0]     ; Stuck at GND due to stuck port data_in                                                       ;
; qc_ldpc_decoder_top:decoder|qc_iteration_controller:ctrl_inst|llr_buf[7][7]     ; Stuck at GND due to stuck port data_in                                                       ;
; qc_ldpc_decoder_top:decoder|qc_iteration_controller:ctrl_inst|llr_buf[7][5]     ; Stuck at VCC due to stuck port data_in                                                       ;
; qc_ldpc_decoder_top:decoder|qc_iteration_controller:ctrl_inst|llr_buf[7][0]     ; Stuck at GND due to stuck port data_in                                                       ;
; qc_ldpc_decoder_top:decoder|qc_iteration_controller:ctrl_inst|state~34          ; Lost fanout                                                                                  ;
; qc_ldpc_decoder_top:decoder|qc_iteration_controller:ctrl_inst|state~35          ; Lost fanout                                                                                  ;
; qc_ldpc_decoder_top:decoder|qc_iteration_controller:ctrl_inst|state~36          ; Lost fanout                                                                                  ;
; qc_ldpc_decoder_top:decoder|qc_iteration_controller:ctrl_inst|state~37          ; Lost fanout                                                                                  ;
; qc_ldpc_decoder_top:decoder|qc_iteration_controller:ctrl_inst|state~38          ; Lost fanout                                                                                  ;
; Total Number of Removed Registers = 4283                                        ;                                                                                              ;
+---------------------------------------------------------------------------------+----------------------------------------------------------------------------------------------+


+---------------------------------------------------------------------------------------------------------------------------------------------------------------------------------+
; Removed Registers Triggering Further Register Optimizations                                                                                                                     ;
+---------------------------------------------------------------------+---------------------------+-------------------------------------------------------------------------------+
; Register name                                                       ; Reason for Removal        ; Registers Removed due to This Register                                        ;
+---------------------------------------------------------------------+---------------------------+-------------------------------------------------------------------------------+
; qc_ldpc_decoder_top:decoder|qc_llr_bank:llr_bank_inst|mem[63][0]    ; Stuck at GND              ; qc_ldpc_decoder_top:decoder|qc_llr_bank:llr_bank_inst|rd_data[0][0],          ;
;                                                                     ; due to stuck port data_in ; qc_ldpc_decoder_top:decoder|qc_iteration_controller:ctrl_inst|llr_buf[0][0],  ;
;                                                                     ;                           ; qc_ldpc_decoder_top:decoder|qc_iteration_controller:ctrl_inst|llr_rd_bcol[0], ;
;                                                                     ;                           ; qc_ldpc_decoder_top:decoder|qc_iteration_controller:ctrl_inst|llr_rd_bcol[1], ;
;                                                                     ;                           ; qc_ldpc_decoder_top:decoder|qc_iteration_controller:ctrl_inst|llr_rd_bcol[2], ;
;                                                                     ;                           ; qc_ldpc_decoder_top:decoder|qc_iteration_controller:ctrl_inst|llr_rd_bcol[3], ;
;                                                                     ;                           ; qc_ldpc_decoder_top:decoder|qc_iteration_controller:ctrl_inst|llr_rd_bcol[4], ;
;                                                                     ;                           ; qc_ldpc_decoder_top:decoder|qc_iteration_controller:ctrl_inst|llr_rd_bcol[5]  ;
; qc_ldpc_decoder_top:decoder|qc_llr_bank:llr_bank_inst|rd_data[0][5] ; Stuck at VCC              ; qc_ldpc_decoder_top:decoder|qc_iteration_controller:ctrl_inst|llr_buf[0][5]   ;
;                                                                     ; due to stuck port data_in ;                                                                               ;
; qc_ldpc_decoder_top:decoder|qc_llr_bank:llr_bank_inst|rd_data[0][1] ; Stuck at GND              ; qc_ldpc_decoder_top:decoder|qc_iteration_controller:ctrl_inst|llr_buf[0][1]   ;
;                                                                     ; due to stuck port data_in ;                                                                               ;
; qc_ldpc_decoder_top:decoder|qc_llr_bank:llr_bank_inst|rd_data[1][7] ; Stuck at GND              ; qc_ldpc_decoder_top:decoder|qc_iteration_controller:ctrl_inst|llr_buf[1][7]   ;
;                                                                     ; due to stuck port data_in ;                                                                               ;
; qc_ldpc_decoder_top:decoder|qc_llr_bank:llr_bank_inst|rd_data[1][5] ; Stuck at VCC              ; qc_ldpc_decoder_top:decoder|qc_iteration_controller:ctrl_inst|llr_buf[1][5]   ;
;                                                                     ; due to stuck port data_in ;                                                                               ;
; qc_ldpc_decoder_top:decoder|qc_llr_bank:llr_bank_inst|rd_data[1][0] ; Stuck at GND              ; qc_ldpc_decoder_top:decoder|qc_iteration_controller:ctrl_inst|llr_buf[1][0]   ;
;                                                                     ; due to stuck port data_in ;                                                                               ;
; qc_ldpc_decoder_top:decoder|qc_llr_bank:llr_bank_inst|rd_data[2][7] ; Stuck at GND              ; qc_ldpc_decoder_top:decoder|qc_iteration_controller:ctrl_inst|llr_buf[2][7]   ;
;                                                                     ; due to stuck port data_in ;                                                                               ;
; qc_ldpc_decoder_top:decoder|qc_llr_bank:llr_bank_inst|rd_data[2][5] ; Stuck at VCC              ; qc_ldpc_decoder_top:decoder|qc_iteration_controller:ctrl_inst|llr_buf[2][5]   ;
;                                                                     ; due to stuck port data_in ;                                                                               ;
; qc_ldpc_decoder_top:decoder|qc_llr_bank:llr_bank_inst|rd_data[2][0] ; Stuck at GND              ; qc_ldpc_decoder_top:decoder|qc_iteration_controller:ctrl_inst|llr_buf[2][0]   ;
;                                                                     ; due to stuck port data_in ;                                                                               ;
; qc_ldpc_decoder_top:decoder|qc_llr_bank:llr_bank_inst|rd_data[3][7] ; Stuck at GND              ; qc_ldpc_decoder_top:decoder|qc_iteration_controller:ctrl_inst|llr_buf[3][7]   ;
;                                                                     ; due to stuck port data_in ;                                                                               ;
; qc_ldpc_decoder_top:decoder|qc_llr_bank:llr_bank_inst|rd_data[3][5] ; Stuck at VCC              ; qc_ldpc_decoder_top:decoder|qc_iteration_controller:ctrl_inst|llr_buf[3][5]   ;
;                                                                     ; due to stuck port data_in ;                                                                               ;
; qc_ldpc_decoder_top:decoder|qc_llr_bank:llr_bank_inst|rd_data[3][0] ; Stuck at GND              ; qc_ldpc_decoder_top:decoder|qc_iteration_controller:ctrl_inst|llr_buf[3][0]   ;
;                                                                     ; due to stuck port data_in ;                                                                               ;
; qc_ldpc_decoder_top:decoder|qc_llr_bank:llr_bank_inst|rd_data[4][7] ; Stuck at GND              ; qc_ldpc_decoder_top:decoder|qc_iteration_controller:ctrl_inst|llr_buf[4][7]   ;
;                                                                     ; due to stuck port data_in ;                                                                               ;
; qc_ldpc_decoder_top:decoder|qc_llr_bank:llr_bank_inst|rd_data[4][5] ; Stuck at VCC              ; qc_ldpc_decoder_top:decoder|qc_iteration_controller:ctrl_inst|llr_buf[4][5]   ;
;                                                                     ; due to stuck port data_in ;                                                                               ;
; qc_ldpc_decoder_top:decoder|qc_llr_bank:llr_bank_inst|rd_data[4][0] ; Stuck at GND              ; qc_ldpc_decoder_top:decoder|qc_iteration_controller:ctrl_inst|llr_buf[4][0]   ;
;                                                                     ; due to stuck port data_in ;                                                                               ;
; qc_ldpc_decoder_top:decoder|qc_llr_bank:llr_bank_inst|rd_data[5][7] ; Stuck at GND              ; qc_ldpc_decoder_top:decoder|qc_iteration_controller:ctrl_inst|llr_buf[5][7]   ;
;                                                                     ; due to stuck port data_in ;                                                                               ;
; qc_ldpc_decoder_top:decoder|qc_llr_bank:llr_bank_inst|rd_data[5][5] ; Stuck at VCC              ; qc_ldpc_decoder_top:decoder|qc_iteration_controller:ctrl_inst|llr_buf[5][5]   ;
;                                                                     ; due to stuck port data_in ;                                                                               ;
; qc_ldpc_decoder_top:decoder|qc_llr_bank:llr_bank_inst|rd_data[5][0] ; Stuck at GND              ; qc_ldpc_decoder_top:decoder|qc_iteration_controller:ctrl_inst|llr_buf[5][0]   ;
;                                                                     ; due to stuck port data_in ;                                                                               ;
; qc_ldpc_decoder_top:decoder|qc_llr_bank:llr_bank_inst|rd_data[6][7] ; Stuck at GND              ; qc_ldpc_decoder_top:decoder|qc_iteration_controller:ctrl_inst|llr_buf[6][7]   ;
;                                                                     ; due to stuck port data_in ;                                                                               ;
; qc_ldpc_decoder_top:decoder|qc_llr_bank:llr_bank_inst|rd_data[6][5] ; Stuck at VCC              ; qc_ldpc_decoder_top:decoder|qc_iteration_controller:ctrl_inst|llr_buf[6][5]   ;
;                                                                     ; due to stuck port data_in ;                                                                               ;
; qc_ldpc_decoder_top:decoder|qc_llr_bank:llr_bank_inst|rd_data[6][0] ; Stuck at GND              ; qc_ldpc_decoder_top:decoder|qc_iteration_controller:ctrl_inst|llr_buf[6][0]   ;
;                                                                     ; due to stuck port data_in ;                                                                               ;
; qc_ldpc_decoder_top:decoder|qc_llr_bank:llr_bank_inst|rd_data[7][7] ; Stuck at GND              ; qc_ldpc_decoder_top:decoder|qc_iteration_controller:ctrl_inst|llr_buf[7][7]   ;
;                                                                     ; due to stuck port data_in ;                                                                               ;
; qc_ldpc_decoder_top:decoder|qc_llr_bank:llr_bank_inst|rd_data[7][5] ; Stuck at VCC              ; qc_ldpc_decoder_top:decoder|qc_iteration_controller:ctrl_inst|llr_buf[7][5]   ;
;                                                                     ; due to stuck port data_in ;                                                                               ;
; qc_ldpc_decoder_top:decoder|qc_llr_bank:llr_bank_inst|rd_data[7][0] ; Stuck at GND              ; qc_ldpc_decoder_top:decoder|qc_iteration_controller:ctrl_inst|llr_buf[7][0]   ;
;                                                                     ; due to stuck port data_in ;                                                                               ;
+---------------------------------------------------------------------+---------------------------+-------------------------------------------------------------------------------+


+------------------------------------------------------+
; General Register Statistics                          ;
+----------------------------------------------+-------+
; Statistic                                    ; Value ;
+----------------------------------------------+-------+
; Total registers                              ; 27606 ;
; Number of registers using Synchronous Clear  ; 225   ;
; Number of registers using Synchronous Load   ; 608   ;
; Number of registers using Asynchronous Clear ; 2080  ;
; Number of registers using Asynchronous Load  ; 0     ;
; Number of registers using Clock Enable       ; 27553 ;
; Number of registers using Preset             ; 0     ;
+----------------------------------------------+-------+


+-------------------------------------------------------------------------------------------------------------------------------------------------------------------+
; Registers Packed Into Inferred Megafunctions                                                                                                                      ;
+------------------------------------------------------------------------------+-----------------------------------------------------------------------------+------+
; Register Name                                                                ; Megafunction                                                                ; Type ;
+------------------------------------------------------------------------------+-----------------------------------------------------------------------------+------+
; qc_ldpc_decoder_top:decoder|qc_vn_cn_slot_rom:vn_cn_slot_rom_inst|data[0..2] ; qc_ldpc_decoder_top:decoder|qc_vn_cn_slot_rom:vn_cn_slot_rom_inst|mem_rtl_0 ; RAM  ;
; qc_ldpc_decoder_top:decoder|qc_vn_rom:vn_rom_inst|data[0..7]                 ; qc_ldpc_decoder_top:decoder|qc_vn_rom:vn_rom_inst|mem_rtl_0                 ; RAM  ;
; qc_ldpc_decoder_top:decoder|qc_cn_rom:cn_rom_inst|data[0..2]                 ; qc_ldpc_decoder_top:decoder|qc_cn_rom:cn_rom_inst|mem_rtl_0                 ; RAM  ;
+------------------------------------------------------------------------------+-----------------------------------------------------------------------------+------+


+--------------------------------------------------------------------------------------------------------------------------------------------------------------------------------------------------------------+
; Multiplexer Restructuring Statistics (Restructuring Performed)                                                                                                                                               ;
+--------------------+-----------+---------------+----------------------+------------------------+------------+------------------------------------------------------------------------------------------------+
; Multiplexer Inputs ; Bus Width ; Baseline Area ; Area if Restructured ; Saving if Restructured ; Registered ; Example Multiplexer Output                                                                     ;
+--------------------+-----------+---------------+----------------------+------------------------+------------+------------------------------------------------------------------------------------------------+
; 3:1                ; 7 bits    ; 14 LEs        ; 14 LEs               ; 0 LEs                  ; Yes        ; |de1_soc_ldpc_top|qc_ldpc_decoder_top:decoder|cnu:cnu_array[0].cnu_inst|rmin2_s2[7]            ;
; 4:1                ; 8 bits    ; 16 LEs        ; 16 LEs               ; 0 LEs                  ; Yes        ; |de1_soc_ldpc_top|qc_ldpc_decoder_top:decoder|cnu:cnu_array[0].cnu_inst|min2_s3[4]             ;
; 64:1               ; 23 bits   ; 966 LEs       ; 966 LEs              ; 0 LEs                  ; Yes        ; |de1_soc_ldpc_top|qc_ldpc_decoder_top:decoder|qc_llr_bank:llr_bank_inst|rd_data[1][7]          ;
; 256:1              ; 64 bits   ; 10880 LEs     ; 8192 LEs             ; 2688 LEs               ; Yes        ; |de1_soc_ldpc_top|qc_ldpc_decoder_top:decoder|qc_cv_bank:cv_bank_inst|rd_data[2][2]            ;
; 256:1              ; 64 bits   ; 10880 LEs     ; 8192 LEs             ; 2688 LEs               ; Yes        ; |de1_soc_ldpc_top|qc_ldpc_decoder_top:decoder|qc_vc_bank:vc_bank_inst|rd_data[6][7]            ;
; 3:1                ; 3 bits    ; 6 LEs         ; 6 LEs                ; 0 LEs                  ; No         ; |de1_soc_ldpc_top|top_state                                                                    ;
; 3:1                ; 8 bits    ; 16 LEs        ; 16 LEs               ; 0 LEs                  ; No         ; |de1_soc_ldpc_top|qc_ldpc_decoder_top:decoder|cnu:cnu_array[0].cnu_inst|c2_rmin2               ;
; 3:1                ; 8 bits    ; 16 LEs        ; 0 LEs                ; 16 LEs                 ; Yes        ; |de1_soc_ldpc_top|qc_ldpc_decoder_top:decoder|qc_iteration_controller:ctrl_inst|cv_wr_addr[7]  ;
; 3:1                ; 8 bits    ; 16 LEs        ; 0 LEs                ; 16 LEs                 ; Yes        ; |de1_soc_ldpc_top|qc_ldpc_decoder_top:decoder|qc_iteration_controller:ctrl_inst|vc_wr_addr[0]  ;
; 4:1                ; 9 bits    ; 18 LEs        ; 0 LEs                ; 18 LEs                 ; Yes        ; |de1_soc_ldpc_top|qc_ldpc_decoder_top:decoder|readout_addr[0]                                  ;
; 5:1                ; 2 bits    ; 6 LEs         ; 4 LEs                ; 2 LEs                  ; Yes        ; |de1_soc_ldpc_top|qc_ldpc_decoder_top:decoder|qc_iteration_controller:ctrl_inst|shift_amt[2]   ;
; 5:1                ; 8 bits    ; 24 LEs        ; 0 LEs                ; 24 LEs                 ; Yes        ; |de1_soc_ldpc_top|qc_ldpc_decoder_top:decoder|qc_iteration_controller:ctrl_inst|init_addr[3]   ;
; 5:1                ; 7 bits    ; 21 LEs        ; 7 LEs                ; 14 LEs                 ; Yes        ; |de1_soc_ldpc_top|qc_ldpc_decoder_top:decoder|qc_iteration_controller:ctrl_inst|iter[4]        ;
; 6:1                ; 6 bits    ; 24 LEs        ; 12 LEs               ; 12 LEs                 ; Yes        ; |de1_soc_ldpc_top|qc_ldpc_decoder_top:decoder|qc_iteration_controller:ctrl_inst|bcol[0]        ;
; 6:1                ; 3 bits    ; 12 LEs        ; 6 LEs                ; 6 LEs                  ; Yes        ; |de1_soc_ldpc_top|qc_ldpc_decoder_top:decoder|qc_iteration_controller:ctrl_inst|wb_slot[1]     ;
; 8:1                ; 5 bits    ; 25 LEs        ; 10 LEs               ; 15 LEs                 ; Yes        ; |de1_soc_ldpc_top|qc_ldpc_decoder_top:decoder|qc_iteration_controller:ctrl_inst|brow[0]        ;
; 8:1                ; 2 bits    ; 10 LEs        ; 6 LEs                ; 4 LEs                  ; Yes        ; |de1_soc_ldpc_top|qc_ldpc_decoder_top:decoder|qc_iteration_controller:ctrl_inst|vn_slot[1]     ;
; 10:1               ; 3 bits    ; 18 LEs        ; 9 LEs                ; 9 LEs                  ; Yes        ; |de1_soc_ldpc_top|qc_ldpc_decoder_top:decoder|qc_iteration_controller:ctrl_inst|cn_slot[0]     ;
; 9:1                ; 2 bits    ; 12 LEs        ; 8 LEs                ; 4 LEs                  ; No         ; |de1_soc_ldpc_top|qc_ldpc_decoder_top:decoder|qc_iteration_controller:ctrl_inst|Selector18     ;
; 4:1                ; 32 bits   ; 64 LEs        ; 64 LEs               ; 0 LEs                  ; No         ; |de1_soc_ldpc_top|qc_ldpc_decoder_top:decoder|barrel_shifter:shifter_inst|Mux8                 ;
; 4:1                ; 32 bits   ; 64 LEs        ; 64 LEs               ; 0 LEs                  ; No         ; |de1_soc_ldpc_top|qc_ldpc_decoder_top:decoder|barrel_shifter:shifter_inst|Mux0                 ;
; 4:1                ; 8 bits    ; 16 LEs        ; 16 LEs               ; 0 LEs                  ; Yes        ; |de1_soc_ldpc_top|qc_ldpc_decoder_top:decoder|cnu:cnu_array[4].cnu_inst|min2_s3[0]             ;
; 4:1                ; 8 bits    ; 16 LEs        ; 16 LEs               ; 0 LEs                  ; Yes        ; |de1_soc_ldpc_top|qc_ldpc_decoder_top:decoder|cnu:cnu_array[3].cnu_inst|min2_s3[3]             ;
; 4:1                ; 8 bits    ; 16 LEs        ; 16 LEs               ; 0 LEs                  ; Yes        ; |de1_soc_ldpc_top|qc_ldpc_decoder_top:decoder|cnu:cnu_array[2].cnu_inst|min2_s3[6]             ;
; 4:1                ; 8 bits    ; 16 LEs        ; 16 LEs               ; 0 LEs                  ; Yes        ; |de1_soc_ldpc_top|qc_ldpc_decoder_top:decoder|cnu:cnu_array[1].cnu_inst|min2_s3[4]             ;
; 3:1                ; 7 bits    ; 14 LEs        ; 14 LEs               ; 0 LEs                  ; Yes        ; |de1_soc_ldpc_top|qc_ldpc_decoder_top:decoder|cnu:cnu_array[6].cnu_inst|rmin2_s2[7]            ;
; 4:1                ; 8 bits    ; 16 LEs        ; 16 LEs               ; 0 LEs                  ; Yes        ; |de1_soc_ldpc_top|qc_ldpc_decoder_top:decoder|cnu:cnu_array[5].cnu_inst|min2_s3[7]             ;
; 4:1                ; 8 bits    ; 16 LEs        ; 16 LEs               ; 0 LEs                  ; Yes        ; |de1_soc_ldpc_top|qc_ldpc_decoder_top:decoder|cnu:cnu_array[6].cnu_inst|min2_s3[0]             ;
; 24:1               ; 8 bits    ; 128 LEs       ; 112 LEs              ; 16 LEs                 ; Yes        ; |de1_soc_ldpc_top|qc_ldpc_decoder_top:decoder|qc_iteration_controller:ctrl_inst|shift_in[0][6] ;
; 24:1               ; 8 bits    ; 128 LEs       ; 112 LEs              ; 16 LEs                 ; Yes        ; |de1_soc_ldpc_top|qc_ldpc_decoder_top:decoder|qc_iteration_controller:ctrl_inst|shift_in[1][0] ;
; 24:1               ; 8 bits    ; 128 LEs       ; 112 LEs              ; 16 LEs                 ; Yes        ; |de1_soc_ldpc_top|qc_ldpc_decoder_top:decoder|qc_iteration_controller:ctrl_inst|shift_in[2][0] ;
; 24:1               ; 8 bits    ; 128 LEs       ; 112 LEs              ; 16 LEs                 ; Yes        ; |de1_soc_ldpc_top|qc_ldpc_decoder_top:decoder|qc_iteration_controller:ctrl_inst|shift_in[3][5] ;
; 24:1               ; 8 bits    ; 128 LEs       ; 112 LEs              ; 16 LEs                 ; Yes        ; |de1_soc_ldpc_top|qc_ldpc_decoder_top:decoder|qc_iteration_controller:ctrl_inst|shift_in[4][7] ;
; 24:1               ; 8 bits    ; 128 LEs       ; 112 LEs              ; 16 LEs                 ; Yes        ; |de1_soc_ldpc_top|qc_ldpc_decoder_top:decoder|qc_iteration_controller:ctrl_inst|shift_in[5][1] ;
; 24:1               ; 8 bits    ; 128 LEs       ; 112 LEs              ; 16 LEs                 ; Yes        ; |de1_soc_ldpc_top|qc_ldpc_decoder_top:decoder|qc_iteration_controller:ctrl_inst|shift_in[6][0] ;
; 24:1               ; 8 bits    ; 128 LEs       ; 112 LEs              ; 16 LEs                 ; Yes        ; |de1_soc_ldpc_top|qc_ldpc_decoder_top:decoder|qc_iteration_controller:ctrl_inst|shift_in[7][2] ;
; 3:1                ; 8 bits    ; 16 LEs        ; 16 LEs               ; 0 LEs                  ; No         ; |de1_soc_ldpc_top|qc_ldpc_decoder_top:decoder|cnu:cnu_array[6].cnu_inst|c2_rmin2               ;
; 3:1                ; 7 bits    ; 14 LEs        ; 14 LEs               ; 0 LEs                  ; Yes        ; |de1_soc_ldpc_top|qc_ldpc_decoder_top:decoder|cnu:cnu_array[6].cnu_inst|lmin2_s2[4]            ;
; 3:1                ; 7 bits    ; 14 LEs        ; 14 LEs               ; 0 LEs                  ; Yes        ; |de1_soc_ldpc_top|qc_ldpc_decoder_top:decoder|cnu:cnu_array[5].cnu_inst|lmin2_s2[1]            ;
; 3:1                ; 7 bits    ; 14 LEs        ; 14 LEs               ; 0 LEs                  ; Yes        ; |de1_soc_ldpc_top|qc_ldpc_decoder_top:decoder|cnu:cnu_array[5].cnu_inst|rmin2_s2[5]            ;
; 3:1                ; 7 bits    ; 14 LEs        ; 14 LEs               ; 0 LEs                  ; Yes        ; |de1_soc_ldpc_top|qc_ldpc_decoder_top:decoder|cnu:cnu_array[4].cnu_inst|lmin2_s2[7]            ;
; 3:1                ; 7 bits    ; 14 LEs        ; 14 LEs               ; 0 LEs                  ; Yes        ; |de1_soc_ldpc_top|qc_ldpc_decoder_top:decoder|cnu:cnu_array[4].cnu_inst|rmin2_s2[7]            ;
; 3:1                ; 7 bits    ; 14 LEs        ; 14 LEs               ; 0 LEs                  ; Yes        ; |de1_soc_ldpc_top|qc_ldpc_decoder_top:decoder|cnu:cnu_array[3].cnu_inst|lmin2_s2[7]            ;
; 3:1                ; 7 bits    ; 14 LEs        ; 14 LEs               ; 0 LEs                  ; Yes        ; |de1_soc_ldpc_top|qc_ldpc_decoder_top:decoder|cnu:cnu_array[3].cnu_inst|rmin2_s2[4]            ;
; 3:1                ; 7 bits    ; 14 LEs        ; 14 LEs               ; 0 LEs                  ; Yes        ; |de1_soc_ldpc_top|qc_ldpc_decoder_top:decoder|cnu:cnu_array[2].cnu_inst|lmin2_s2[7]            ;
; 3:1                ; 7 bits    ; 14 LEs        ; 14 LEs               ; 0 LEs                  ; Yes        ; |de1_soc_ldpc_top|qc_ldpc_decoder_top:decoder|cnu:cnu_array[2].cnu_inst|rmin2_s2[1]            ;
; 3:1                ; 7 bits    ; 14 LEs        ; 14 LEs               ; 0 LEs                  ; Yes        ; |de1_soc_ldpc_top|qc_ldpc_decoder_top:decoder|cnu:cnu_array[1].cnu_inst|lmin2_s2[1]            ;
; 3:1                ; 7 bits    ; 14 LEs        ; 14 LEs               ; 0 LEs                  ; Yes        ; |de1_soc_ldpc_top|qc_ldpc_decoder_top:decoder|cnu:cnu_array[1].cnu_inst|rmin2_s2[7]            ;
; 3:1                ; 7 bits    ; 14 LEs        ; 14 LEs               ; 0 LEs                  ; Yes        ; |de1_soc_ldpc_top|qc_ldpc_decoder_top:decoder|cnu:cnu_array[0].cnu_inst|lmin2_s2[5]            ;
; 3:1                ; 7 bits    ; 14 LEs        ; 14 LEs               ; 0 LEs                  ; Yes        ; |de1_soc_ldpc_top|qc_ldpc_decoder_top:decoder|cnu:cnu_array[7].cnu_inst|rmin2_s2[1]            ;
; 3:1                ; 7 bits    ; 14 LEs        ; 14 LEs               ; 0 LEs                  ; Yes        ; |de1_soc_ldpc_top|qc_ldpc_decoder_top:decoder|cnu:cnu_array[7].cnu_inst|lmin2_s2[5]            ;
; 4:1                ; 8 bits    ; 16 LEs        ; 16 LEs               ; 0 LEs                  ; Yes        ; |de1_soc_ldpc_top|qc_ldpc_decoder_top:decoder|cnu:cnu_array[7].cnu_inst|min2_s3[3]             ;
; 3:1                ; 8 bits    ; 16 LEs        ; 16 LEs               ; 0 LEs                  ; No         ; |de1_soc_ldpc_top|qc_ldpc_decoder_top:decoder|cnu:cnu_array[6].cnu_inst|c2_lmin2               ;
; 3:1                ; 8 bits    ; 16 LEs        ; 16 LEs               ; 0 LEs                  ; No         ; |de1_soc_ldpc_top|qc_ldpc_decoder_top:decoder|cnu:cnu_array[5].cnu_inst|c2_lmin2               ;
; 3:1                ; 8 bits    ; 16 LEs        ; 16 LEs               ; 0 LEs                  ; No         ; |de1_soc_ldpc_top|qc_ldpc_decoder_top:decoder|cnu:cnu_array[5].cnu_inst|c2_rmin2               ;
; 3:1                ; 8 bits    ; 16 LEs        ; 16 LEs               ; 0 LEs                  ; No         ; |de1_soc_ldpc_top|qc_ldpc_decoder_top:decoder|cnu:cnu_array[4].cnu_inst|c2_lmin2               ;
; 3:1                ; 8 bits    ; 16 LEs        ; 16 LEs               ; 0 LEs                  ; No         ; |de1_soc_ldpc_top|qc_ldpc_decoder_top:decoder|cnu:cnu_array[4].cnu_inst|c2_rmin2               ;
; 3:1                ; 8 bits    ; 16 LEs        ; 16 LEs               ; 0 LEs                  ; No         ; |de1_soc_ldpc_top|qc_ldpc_decoder_top:decoder|cnu:cnu_array[3].cnu_inst|c2_lmin2               ;
; 3:1                ; 8 bits    ; 16 LEs        ; 16 LEs               ; 0 LEs                  ; No         ; |de1_soc_ldpc_top|qc_ldpc_decoder_top:decoder|cnu:cnu_array[3].cnu_inst|c2_rmin2               ;
; 3:1                ; 8 bits    ; 16 LEs        ; 16 LEs               ; 0 LEs                  ; No         ; |de1_soc_ldpc_top|qc_ldpc_decoder_top:decoder|cnu:cnu_array[2].cnu_inst|c2_lmin2               ;
; 3:1                ; 8 bits    ; 16 LEs        ; 16 LEs               ; 0 LEs                  ; No         ; |de1_soc_ldpc_top|qc_ldpc_decoder_top:decoder|cnu:cnu_array[2].cnu_inst|c2_rmin2               ;
; 3:1                ; 8 bits    ; 16 LEs        ; 16 LEs               ; 0 LEs                  ; No         ; |de1_soc_ldpc_top|qc_ldpc_decoder_top:decoder|cnu:cnu_array[1].cnu_inst|c2_lmin2               ;
; 3:1                ; 8 bits    ; 16 LEs        ; 16 LEs               ; 0 LEs                  ; No         ; |de1_soc_ldpc_top|qc_ldpc_decoder_top:decoder|cnu:cnu_array[1].cnu_inst|c2_rmin2               ;
; 3:1                ; 8 bits    ; 16 LEs        ; 16 LEs               ; 0 LEs                  ; No         ; |de1_soc_ldpc_top|qc_ldpc_decoder_top:decoder|cnu:cnu_array[0].cnu_inst|c2_lmin2               ;
; 3:1                ; 8 bits    ; 16 LEs        ; 16 LEs               ; 0 LEs                  ; No         ; |de1_soc_ldpc_top|qc_ldpc_decoder_top:decoder|cnu:cnu_array[7].cnu_inst|c2_rmin2               ;
; 3:1                ; 8 bits    ; 16 LEs        ; 16 LEs               ; 0 LEs                  ; No         ; |de1_soc_ldpc_top|qc_ldpc_decoder_top:decoder|cnu:cnu_array[7].cnu_inst|c2_lmin2               ;
+--------------------+-----------+---------------+----------------------+------------------------+------------+------------------------------------------------------------------------------------------------+


+------------------------------------------------------------+
; Source assignments for Top-level Entity: |de1_soc_ldpc_top ;
+-------------------+-------+------+-------------------------+
; Assignment        ; Value ; From ; To                      ;
+-------------------+-------+------+-------------------------+
; PRESERVE_REGISTER ; on    ; -    ; dec_shift[7]            ;
; PRESERVE_REGISTER ; on    ; -    ; dec_shift[6]            ;
; PRESERVE_REGISTER ; on    ; -    ; dec_shift[5]            ;
; PRESERVE_REGISTER ; on    ; -    ; dec_shift[4]            ;
; PRESERVE_REGISTER ; on    ; -    ; dec_shift[3]            ;
; PRESERVE_REGISTER ; on    ; -    ; dec_shift[2]            ;
; PRESERVE_REGISTER ; on    ; -    ; dec_shift[1]            ;
; PRESERVE_REGISTER ; on    ; -    ; dec_shift[0]            ;
; PRESERVE_REGISTER ; on    ; -    ; dec_anchor              ;
+-------------------+-------+------+-------------------------+


+----------------------------------------------------------------------------------------------------------------------------------------------+
; Source assignments for qc_ldpc_decoder_top:decoder|qc_vn_cn_slot_rom:vn_cn_slot_rom_inst|altsyncram:mem_rtl_0|altsyncram_s6h1:auto_generated ;
+---------------------------------+--------------------+------+--------------------------------------------------------------------------------+
; Assignment                      ; Value              ; From ; To                                                                             ;
+---------------------------------+--------------------+------+--------------------------------------------------------------------------------+
; OPTIMIZE_POWER_DURING_SYNTHESIS ; NORMAL_COMPILATION ; -    ; -                                                                              ;
+---------------------------------+--------------------+------+--------------------------------------------------------------------------------+


+------------------------------------------------------------------------------------------------------------------------------+
; Source assignments for qc_ldpc_decoder_top:decoder|qc_vn_rom:vn_rom_inst|altsyncram:mem_rtl_0|altsyncram_jdg1:auto_generated ;
+---------------------------------+--------------------+------+----------------------------------------------------------------+
; Assignment                      ; Value              ; From ; To                                                             ;
+---------------------------------+--------------------+------+----------------------------------------------------------------+
; OPTIMIZE_POWER_DURING_SYNTHESIS ; NORMAL_COMPILATION ; -    ; -                                                              ;
+---------------------------------+--------------------+------+----------------------------------------------------------------+


+------------------------------------------------------------------------------------------------------------------------------+
; Source assignments for qc_ldpc_decoder_top:decoder|qc_cn_rom:cn_rom_inst|altsyncram:mem_rtl_0|altsyncram_9eg1:auto_generated ;
+---------------------------------+--------------------+------+----------------------------------------------------------------+
; Assignment                      ; Value              ; From ; To                                                             ;
+---------------------------------+--------------------+------+----------------------------------------------------------------+
; OPTIMIZE_POWER_DURING_SYNTHESIS ; NORMAL_COMPILATION ; -    ; -                                                              ;
+---------------------------------+--------------------+------+----------------------------------------------------------------+


+--------------------------------------------------------------------------+
; Parameter Settings for User Entity Instance: qc_ldpc_decoder_top:decoder ;
+----------------+-------+-------------------------------------------------+
; Parameter Name ; Value ; Type                                            ;
+----------------+-------+-------------------------------------------------+
; MSG_WIDTH      ; 8     ; Signed Integer                                  ;
; Z              ; 8     ; Signed Integer                                  ;
; MB             ; 32    ; Signed Integer                                  ;
; NB             ; 64    ; Signed Integer                                  ;
; MAX_ROW_W      ; 6     ; Signed Integer                                  ;
; MAX_COL_W      ; 3     ; Signed Integer                                  ;
; NUM_VN         ; 512   ; Signed Integer                                  ;
; NUM_CN         ; 256   ; Signed Integer                                  ;
; MAX_ITER       ; 50    ; Signed Integer                                  ;
+----------------+-------+-------------------------------------------------+
Note: In order to hide this table in the UI and the text report file, please set the "Show Parameter Settings in Synthesis Report" option in "Analysis and Synthesis Settings -> More Settings" to "Off".


+----------------------------------------------------------------------------------------------------+
; Parameter Settings for User Entity Instance: qc_ldpc_decoder_top:decoder|qc_llr_bank:llr_bank_inst ;
+----------------+-------+---------------------------------------------------------------------------+
; Parameter Name ; Value ; Type                                                                      ;
+----------------+-------+---------------------------------------------------------------------------+
; Z              ; 8     ; Signed Integer                                                            ;
; NB             ; 64    ; Signed Integer                                                            ;
; MSG_WIDTH      ; 8     ; Signed Integer                                                            ;
+----------------+-------+---------------------------------------------------------------------------+
Note: In order to hide this table in the UI and the text report file, please set the "Show Parameter Settings in Synthesis Report" option in "Analysis and Synthesis Settings -> More Settings" to "Off".


+--------------------------------------------------------------------------------------------------+
; Parameter Settings for User Entity Instance: qc_ldpc_decoder_top:decoder|qc_vc_bank:vc_bank_inst ;
+----------------+-------+-------------------------------------------------------------------------+
; Parameter Name ; Value ; Type                                                                    ;
+----------------+-------+-------------------------------------------------------------------------+
; Z              ; 8     ; Signed Integer                                                          ;
; DEPTH          ; 192   ; Signed Integer                                                          ;
; MSG_WIDTH      ; 8     ; Signed Integer                                                          ;
+----------------+-------+-------------------------------------------------------------------------+
Note: In order to hide this table in the UI and the text report file, please set the "Show Parameter Settings in Synthesis Report" option in "Analysis and Synthesis Settings -> More Settings" to "Off".


+--------------------------------------------------------------------------------------------------+
; Parameter Settings for User Entity Instance: qc_ldpc_decoder_top:decoder|qc_cv_bank:cv_bank_inst ;
+----------------+-------+-------------------------------------------------------------------------+
; Parameter Name ; Value ; Type                                                                    ;
+----------------+-------+-------------------------------------------------------------------------+
; Z              ; 8     ; Signed Integer                                                          ;
; DEPTH          ; 192   ; Signed Integer                                                          ;
; MSG_WIDTH      ; 8     ; Signed Integer                                                          ;
+----------------+-------+-------------------------------------------------------------------------+
Note: In order to hide this table in the UI and the text report file, please set the "Show Parameter Settings in Synthesis Report" option in "Analysis and Synthesis Settings -> More Settings" to "Off".


+------------------------------------------------------------------------------------------------+
; Parameter Settings for User Entity Instance: qc_ldpc_decoder_top:decoder|qc_cn_rom:cn_rom_inst ;
+----------------+-------+-----------------------------------------------------------------------+
; Parameter Name ; Value ; Type                                                                  ;
+----------------+-------+-----------------------------------------------------------------------+
; DEPTH          ; 192   ; Signed Integer                                                        ;
; WIDTH          ; 9     ; Signed Integer                                                        ;
+----------------+-------+-----------------------------------------------------------------------+
Note: In order to hide this table in the UI and the text report file, please set the "Show Parameter Settings in Synthesis Report" option in "Analysis and Synthesis Settings -> More Settings" to "Off".


+------------------------------------------------------------------------------------------------+
; Parameter Settings for User Entity Instance: qc_ldpc_decoder_top:decoder|qc_vn_rom:vn_rom_inst ;
+----------------+-------+-----------------------------------------------------------------------+
; Parameter Name ; Value ; Type                                                                  ;
+----------------+-------+-----------------------------------------------------------------------+
; DEPTH          ; 192   ; Signed Integer                                                        ;
; WIDTH          ; 8     ; Signed Integer                                                        ;
+----------------+-------+-----------------------------------------------------------------------+
Note: In order to hide this table in the UI and the text report file, please set the "Show Parameter Settings in Synthesis Report" option in "Analysis and Synthesis Settings -> More Settings" to "Off".


+----------------------------------------------------------------------------------------------------------------+
; Parameter Settings for User Entity Instance: qc_ldpc_decoder_top:decoder|qc_vn_cn_slot_rom:vn_cn_slot_rom_inst ;
+----------------+-------+---------------------------------------------------------------------------------------+
; Parameter Name ; Value ; Type                                                                                  ;
+----------------+-------+---------------------------------------------------------------------------------------+
; DEPTH          ; 192   ; Signed Integer                                                                        ;
; WIDTH          ; 3     ; Signed Integer                                                                        ;
+----------------+-------+---------------------------------------------------------------------------------------+
Note: In order to hide this table in the UI and the text report file, please set the "Show Parameter Settings in Synthesis Report" option in "Analysis and Synthesis Settings -> More Settings" to "Off".


+------------------------------------------------------------------------------------------------------+
; Parameter Settings for User Entity Instance: qc_ldpc_decoder_top:decoder|barrel_shifter:shifter_inst ;
+----------------+-------+-----------------------------------------------------------------------------+
; Parameter Name ; Value ; Type                                                                        ;
+----------------+-------+-----------------------------------------------------------------------------+
; Z              ; 8     ; Signed Integer                                                              ;
; MSG_WIDTH      ; 8     ; Signed Integer                                                              ;
+----------------+-------+-----------------------------------------------------------------------------+
Note: In order to hide this table in the UI and the text report file, please set the "Show Parameter Settings in Synthesis Report" option in "Analysis and Synthesis Settings -> More Settings" to "Off".


+----------------------------------------------------------------------------------------------------+
; Parameter Settings for User Entity Instance: qc_ldpc_decoder_top:decoder|cnu:cnu_array[0].cnu_inst ;
+----------------+-------+---------------------------------------------------------------------------+
; Parameter Name ; Value ; Type                                                                      ;
+----------------+-------+---------------------------------------------------------------------------+
; DEGREE         ; 6     ; Signed Integer                                                            ;
; WIDTH          ; 8     ; Signed Integer                                                            ;
+----------------+-------+---------------------------------------------------------------------------+
Note: In order to hide this table in the UI and the text report file, please set the "Show Parameter Settings in Synthesis Report" option in "Analysis and Synthesis Settings -> More Settings" to "Off".


+----------------------------------------------------------------------------------------------------+
; Parameter Settings for User Entity Instance: qc_ldpc_decoder_top:decoder|cnu:cnu_array[1].cnu_inst ;
+----------------+-------+---------------------------------------------------------------------------+
; Parameter Name ; Value ; Type                                                                      ;
+----------------+-------+---------------------------------------------------------------------------+
; DEGREE         ; 6     ; Signed Integer                                                            ;
; WIDTH          ; 8     ; Signed Integer                                                            ;
+----------------+-------+---------------------------------------------------------------------------+
Note: In order to hide this table in the UI and the text report file, please set the "Show Parameter Settings in Synthesis Report" option in "Analysis and Synthesis Settings -> More Settings" to "Off".


+----------------------------------------------------------------------------------------------------+
; Parameter Settings for User Entity Instance: qc_ldpc_decoder_top:decoder|cnu:cnu_array[2].cnu_inst ;
+----------------+-------+---------------------------------------------------------------------------+
; Parameter Name ; Value ; Type                                                                      ;
+----------------+-------+---------------------------------------------------------------------------+
; DEGREE         ; 6     ; Signed Integer                                                            ;
; WIDTH          ; 8     ; Signed Integer                                                            ;
+----------------+-------+---------------------------------------------------------------------------+
Note: In order to hide this table in the UI and the text report file, please set the "Show Parameter Settings in Synthesis Report" option in "Analysis and Synthesis Settings -> More Settings" to "Off".


+----------------------------------------------------------------------------------------------------+
; Parameter Settings for User Entity Instance: qc_ldpc_decoder_top:decoder|cnu:cnu_array[3].cnu_inst ;
+----------------+-------+---------------------------------------------------------------------------+
; Parameter Name ; Value ; Type                                                                      ;
+----------------+-------+---------------------------------------------------------------------------+
; DEGREE         ; 6     ; Signed Integer                                                            ;
; WIDTH          ; 8     ; Signed Integer                                                            ;
+----------------+-------+---------------------------------------------------------------------------+
Note: In order to hide this table in the UI and the text report file, please set the "Show Parameter Settings in Synthesis Report" option in "Analysis and Synthesis Settings -> More Settings" to "Off".


+----------------------------------------------------------------------------------------------------+
; Parameter Settings for User Entity Instance: qc_ldpc_decoder_top:decoder|cnu:cnu_array[4].cnu_inst ;
+----------------+-------+---------------------------------------------------------------------------+
; Parameter Name ; Value ; Type                                                                      ;
+----------------+-------+---------------------------------------------------------------------------+
; DEGREE         ; 6     ; Signed Integer                                                            ;
; WIDTH          ; 8     ; Signed Integer                                                            ;
+----------------+-------+---------------------------------------------------------------------------+
Note: In order to hide this table in the UI and the text report file, please set the "Show Parameter Settings in Synthesis Report" option in "Analysis and Synthesis Settings -> More Settings" to "Off".


+----------------------------------------------------------------------------------------------------+
; Parameter Settings for User Entity Instance: qc_ldpc_decoder_top:decoder|cnu:cnu_array[5].cnu_inst ;
+----------------+-------+---------------------------------------------------------------------------+
; Parameter Name ; Value ; Type                                                                      ;
+----------------+-------+---------------------------------------------------------------------------+
; DEGREE         ; 6     ; Signed Integer                                                            ;
; WIDTH          ; 8     ; Signed Integer                                                            ;
+----------------+-------+---------------------------------------------------------------------------+
Note: In order to hide this table in the UI and the text report file, please set the "Show Parameter Settings in Synthesis Report" option in "Analysis and Synthesis Settings -> More Settings" to "Off".


+----------------------------------------------------------------------------------------------------+
; Parameter Settings for User Entity Instance: qc_ldpc_decoder_top:decoder|cnu:cnu_array[6].cnu_inst ;
+----------------+-------+---------------------------------------------------------------------------+
; Parameter Name ; Value ; Type                                                                      ;
+----------------+-------+---------------------------------------------------------------------------+
; DEGREE         ; 6     ; Signed Integer                                                            ;
; WIDTH          ; 8     ; Signed Integer                                                            ;
+----------------+-------+---------------------------------------------------------------------------+
Note: In order to hide this table in the UI and the text report file, please set the "Show Parameter Settings in Synthesis Report" option in "Analysis and Synthesis Settings -> More Settings" to "Off".


+----------------------------------------------------------------------------------------------------+
; Parameter Settings for User Entity Instance: qc_ldpc_decoder_top:decoder|cnu:cnu_array[7].cnu_inst ;
+----------------+-------+---------------------------------------------------------------------------+
; Parameter Name ; Value ; Type                                                                      ;
+----------------+-------+---------------------------------------------------------------------------+
; DEGREE         ; 6     ; Signed Integer                                                            ;
; WIDTH          ; 8     ; Signed Integer                                                            ;
+----------------+-------+---------------------------------------------------------------------------+
Note: In order to hide this table in the UI and the text report file, please set the "Show Parameter Settings in Synthesis Report" option in "Analysis and Synthesis Settings -> More Settings" to "Off".


+----------------------------------------------------------------------------------------------------+
; Parameter Settings for User Entity Instance: qc_ldpc_decoder_top:decoder|vnu:vnu_array[0].vnu_inst ;
+----------------+-------+---------------------------------------------------------------------------+
; Parameter Name ; Value ; Type                                                                      ;
+----------------+-------+---------------------------------------------------------------------------+
; DEGREE         ; 3     ; Signed Integer                                                            ;
; WIDTH          ; 8     ; Signed Integer                                                            ;
+----------------+-------+---------------------------------------------------------------------------+
Note: In order to hide this table in the UI and the text report file, please set the "Show Parameter Settings in Synthesis Report" option in "Analysis and Synthesis Settings -> More Settings" to "Off".


+----------------------------------------------------------------------------------------------------+
; Parameter Settings for User Entity Instance: qc_ldpc_decoder_top:decoder|vnu:vnu_array[1].vnu_inst ;
+----------------+-------+---------------------------------------------------------------------------+
; Parameter Name ; Value ; Type                                                                      ;
+----------------+-------+---------------------------------------------------------------------------+
; DEGREE         ; 3     ; Signed Integer                                                            ;
; WIDTH          ; 8     ; Signed Integer                                                            ;
+----------------+-------+---------------------------------------------------------------------------+
Note: In order to hide this table in the UI and the text report file, please set the "Show Parameter Settings in Synthesis Report" option in "Analysis and Synthesis Settings -> More Settings" to "Off".


+----------------------------------------------------------------------------------------------------+
; Parameter Settings for User Entity Instance: qc_ldpc_decoder_top:decoder|vnu:vnu_array[2].vnu_inst ;
+----------------+-------+---------------------------------------------------------------------------+
; Parameter Name ; Value ; Type                                                                      ;
+----------------+-------+---------------------------------------------------------------------------+
; DEGREE         ; 3     ; Signed Integer                                                            ;
; WIDTH          ; 8     ; Signed Integer                                                            ;
+----------------+-------+---------------------------------------------------------------------------+
Note: In order to hide this table in the UI and the text report file, please set the "Show Parameter Settings in Synthesis Report" option in "Analysis and Synthesis Settings -> More Settings" to "Off".


+----------------------------------------------------------------------------------------------------+
; Parameter Settings for User Entity Instance: qc_ldpc_decoder_top:decoder|vnu:vnu_array[3].vnu_inst ;
+----------------+-------+---------------------------------------------------------------------------+
; Parameter Name ; Value ; Type                                                                      ;
+----------------+-------+---------------------------------------------------------------------------+
; DEGREE         ; 3     ; Signed Integer                                                            ;
; WIDTH          ; 8     ; Signed Integer                                                            ;
+----------------+-------+---------------------------------------------------------------------------+
Note: In order to hide this table in the UI and the text report file, please set the "Show Parameter Settings in Synthesis Report" option in "Analysis and Synthesis Settings -> More Settings" to "Off".


+----------------------------------------------------------------------------------------------------+
; Parameter Settings for User Entity Instance: qc_ldpc_decoder_top:decoder|vnu:vnu_array[4].vnu_inst ;
+----------------+-------+---------------------------------------------------------------------------+
; Parameter Name ; Value ; Type                                                                      ;
+----------------+-------+---------------------------------------------------------------------------+
; DEGREE         ; 3     ; Signed Integer                                                            ;
; WIDTH          ; 8     ; Signed Integer                                                            ;
+----------------+-------+---------------------------------------------------------------------------+
Note: In order to hide this table in the UI and the text report file, please set the "Show Parameter Settings in Synthesis Report" option in "Analysis and Synthesis Settings -> More Settings" to "Off".


+----------------------------------------------------------------------------------------------------+
; Parameter Settings for User Entity Instance: qc_ldpc_decoder_top:decoder|vnu:vnu_array[5].vnu_inst ;
+----------------+-------+---------------------------------------------------------------------------+
; Parameter Name ; Value ; Type                                                                      ;
+----------------+-------+---------------------------------------------------------------------------+
; DEGREE         ; 3     ; Signed Integer                                                            ;
; WIDTH          ; 8     ; Signed Integer                                                            ;
+----------------+-------+---------------------------------------------------------------------------+
Note: In order to hide this table in the UI and the text report file, please set the "Show Parameter Settings in Synthesis Report" option in "Analysis and Synthesis Settings -> More Settings" to "Off".


+----------------------------------------------------------------------------------------------------+
; Parameter Settings for User Entity Instance: qc_ldpc_decoder_top:decoder|vnu:vnu_array[6].vnu_inst ;
+----------------+-------+---------------------------------------------------------------------------+
; Parameter Name ; Value ; Type                                                                      ;
+----------------+-------+---------------------------------------------------------------------------+
; DEGREE         ; 3     ; Signed Integer                                                            ;
; WIDTH          ; 8     ; Signed Integer                                                            ;
+----------------+-------+---------------------------------------------------------------------------+
Note: In order to hide this table in the UI and the text report file, please set the "Show Parameter Settings in Synthesis Report" option in "Analysis and Synthesis Settings -> More Settings" to "Off".


+----------------------------------------------------------------------------------------------------+
; Parameter Settings for User Entity Instance: qc_ldpc_decoder_top:decoder|vnu:vnu_array[7].vnu_inst ;
+----------------+-------+---------------------------------------------------------------------------+
; Parameter Name ; Value ; Type                                                                      ;
+----------------+-------+---------------------------------------------------------------------------+
; DEGREE         ; 3     ; Signed Integer                                                            ;
; WIDTH          ; 8     ; Signed Integer                                                            ;
+----------------+-------+---------------------------------------------------------------------------+
Note: In order to hide this table in the UI and the text report file, please set the "Show Parameter Settings in Synthesis Report" option in "Analysis and Synthesis Settings -> More Settings" to "Off".


+---------------------------------------------------------------------------------------------------------+
; Parameter Settings for User Entity Instance: qc_ldpc_decoder_top:decoder|syndrome_checker:syndrome_inst ;
+-----------------+-------+-------------------------------------------------------------------------------+
; Parameter Name  ; Value ; Type                                                                          ;
+-----------------+-------+-------------------------------------------------------------------------------+
; NUM_CHECK_NODES ; 256   ; Signed Integer                                                                ;
; MAX_ROW_WEIGHT  ; 8     ; Signed Integer                                                                ;
; VN_WIDTH        ; 10    ; Signed Integer                                                                ;
+-----------------+-------+-------------------------------------------------------------------------------+
Note: In order to hide this table in the UI and the text report file, please set the "Show Parameter Settings in Synthesis Report" option in "Analysis and Synthesis Settings -> More Settings" to "Off".


+-----------------------------------------------------------------------------------------------------------+
; Parameter Settings for User Entity Instance: qc_ldpc_decoder_top:decoder|qc_row_weight_rom:row_w_rom_inst ;
+----------------+-------+----------------------------------------------------------------------------------+
; Parameter Name ; Value ; Type                                                                             ;
+----------------+-------+----------------------------------------------------------------------------------+
; DEPTH          ; 32    ; Signed Integer                                                                   ;
; WIDTH          ; 3     ; Signed Integer                                                                   ;
+----------------+-------+----------------------------------------------------------------------------------+
Note: In order to hide this table in the UI and the text report file, please set the "Show Parameter Settings in Synthesis Report" option in "Analysis and Synthesis Settings -> More Settings" to "Off".


+-----------------------------------------------------------------------------------------------------------+
; Parameter Settings for User Entity Instance: qc_ldpc_decoder_top:decoder|qc_col_weight_rom:col_w_rom_inst ;
+----------------+-------+----------------------------------------------------------------------------------+
; Parameter Name ; Value ; Type                                                                             ;
+----------------+-------+----------------------------------------------------------------------------------+
; DEPTH          ; 64    ; Signed Integer                                                                   ;
; WIDTH          ; 2     ; Signed Integer                                                                   ;
+----------------+-------+----------------------------------------------------------------------------------+
Note: In order to hide this table in the UI and the text report file, please set the "Show Parameter Settings in Synthesis Report" option in "Analysis and Synthesis Settings -> More Settings" to "Off".


+------------------------------------------------------------------------------------------------------------+
; Parameter Settings for User Entity Instance: qc_ldpc_decoder_top:decoder|qc_iteration_controller:ctrl_inst ;
+----------------+-------+-----------------------------------------------------------------------------------+
; Parameter Name ; Value ; Type                                                                              ;
+----------------+-------+-----------------------------------------------------------------------------------+
; Z              ; 8     ; Signed Integer                                                                    ;
; MB             ; 32    ; Signed Integer                                                                    ;
; NB             ; 64    ; Signed Integer                                                                    ;
; MAX_ROW_W      ; 6     ; Signed Integer                                                                    ;
; MAX_COL_W      ; 3     ; Signed Integer                                                                    ;
; CIRC_DEPTH     ; 192   ; Signed Integer                                                                    ;
; MSG_WIDTH      ; 8     ; Signed Integer                                                                    ;
; MAX_ITER       ; 50    ; Signed Integer                                                                    ;
+----------------+-------+-----------------------------------------------------------------------------------+
Note: In order to hide this table in the UI and the text report file, please set the "Show Parameter Settings in Synthesis Report" option in "Analysis and Synthesis Settings -> More Settings" to "Off".


+-----------------------------------------------------------------------------------------------------------------------------------------+
; Parameter Settings for Inferred Entity Instance: qc_ldpc_decoder_top:decoder|qc_vn_cn_slot_rom:vn_cn_slot_rom_inst|altsyncram:mem_rtl_0 ;
+------------------------------------+----------------------------------------------------------------+-----------------------------------+
; Parameter Name                     ; Value                                                          ; Type                              ;
+------------------------------------+----------------------------------------------------------------+-----------------------------------+
; BYTE_SIZE_BLOCK                    ; 8                                                              ; Untyped                           ;
; AUTO_CARRY_CHAINS                  ; ON                                                             ; AUTO_CARRY                        ;
; IGNORE_CARRY_BUFFERS               ; OFF                                                            ; IGNORE_CARRY                      ;
; AUTO_CASCADE_CHAINS                ; ON                                                             ; AUTO_CASCADE                      ;
; IGNORE_CASCADE_BUFFERS             ; OFF                                                            ; IGNORE_CASCADE                    ;
; WIDTH_BYTEENA                      ; 1                                                              ; Untyped                           ;
; OPERATION_MODE                     ; ROM                                                            ; Untyped                           ;
; WIDTH_A                            ; 3                                                              ; Untyped                           ;
; WIDTHAD_A                          ; 8                                                              ; Untyped                           ;
; NUMWORDS_A                         ; 192                                                            ; Untyped                           ;
; OUTDATA_REG_A                      ; UNREGISTERED                                                   ; Untyped                           ;
; ADDRESS_ACLR_A                     ; NONE                                                           ; Untyped                           ;
; OUTDATA_ACLR_A                     ; NONE                                                           ; Untyped                           ;
; WRCONTROL_ACLR_A                   ; NONE                                                           ; Untyped                           ;
; INDATA_ACLR_A                      ; NONE                                                           ; Untyped                           ;
; BYTEENA_ACLR_A                     ; NONE                                                           ; Untyped                           ;
; WIDTH_B                            ; 1                                                              ; Untyped                           ;
; WIDTHAD_B                          ; 1                                                              ; Untyped                           ;
; NUMWORDS_B                         ; 1                                                              ; Untyped                           ;
; INDATA_REG_B                       ; CLOCK1                                                         ; Untyped                           ;
; WRCONTROL_WRADDRESS_REG_B          ; CLOCK1                                                         ; Untyped                           ;
; RDCONTROL_REG_B                    ; CLOCK1                                                         ; Untyped                           ;
; ADDRESS_REG_B                      ; CLOCK1                                                         ; Untyped                           ;
; OUTDATA_REG_B                      ; UNREGISTERED                                                   ; Untyped                           ;
; BYTEENA_REG_B                      ; CLOCK1                                                         ; Untyped                           ;
; INDATA_ACLR_B                      ; NONE                                                           ; Untyped                           ;
; WRCONTROL_ACLR_B                   ; NONE                                                           ; Untyped                           ;
; ADDRESS_ACLR_B                     ; NONE                                                           ; Untyped                           ;
; OUTDATA_ACLR_B                     ; NONE                                                           ; Untyped                           ;
; RDCONTROL_ACLR_B                   ; NONE                                                           ; Untyped                           ;
; BYTEENA_ACLR_B                     ; NONE                                                           ; Untyped                           ;
; WIDTH_BYTEENA_A                    ; 1                                                              ; Untyped                           ;
; WIDTH_BYTEENA_B                    ; 1                                                              ; Untyped                           ;
; RAM_BLOCK_TYPE                     ; M10K                                                           ; Untyped                           ;
; BYTE_SIZE                          ; 8                                                              ; Untyped                           ;
; READ_DURING_WRITE_MODE_MIXED_PORTS ; DONT_CARE                                                      ; Untyped                           ;
; READ_DURING_WRITE_MODE_PORT_A      ; NEW_DATA_NO_NBE_READ                                           ; Untyped                           ;
; READ_DURING_WRITE_MODE_PORT_B      ; NEW_DATA_NO_NBE_READ                                           ; Untyped                           ;
; INIT_FILE                          ; db/qc_ldpc_decoder_top.ram0_qc_vn_cn_slot_rom_394f0375.hdl.mif ; Untyped                           ;
; INIT_FILE_LAYOUT                   ; PORT_A                                                         ; Untyped                           ;
; MAXIMUM_DEPTH                      ; 0                                                              ; Untyped                           ;
; CLOCK_ENABLE_INPUT_A               ; NORMAL                                                         ; Untyped                           ;
; CLOCK_ENABLE_INPUT_B               ; NORMAL                                                         ; Untyped                           ;
; CLOCK_ENABLE_OUTPUT_A              ; NORMAL                                                         ; Untyped                           ;
; CLOCK_ENABLE_OUTPUT_B              ; NORMAL                                                         ; Untyped                           ;
; CLOCK_ENABLE_CORE_A                ; USE_INPUT_CLKEN                                                ; Untyped                           ;
; CLOCK_ENABLE_CORE_B                ; USE_INPUT_CLKEN                                                ; Untyped                           ;
; ENABLE_ECC                         ; FALSE                                                          ; Untyped                           ;
; ECC_PIPELINE_STAGE_ENABLED         ; FALSE                                                          ; Untyped                           ;
; WIDTH_ECCSTATUS                    ; 3                                                              ; Untyped                           ;
; DEVICE_FAMILY                      ; Cyclone V                                                      ; Untyped                           ;
; CBXI_PARAMETER                     ; altsyncram_s6h1                                                ; Untyped                           ;
+------------------------------------+----------------------------------------------------------------+-----------------------------------+
Note: In order to hide this table in the UI and the text report file, please set the "Show Parameter Settings in Synthesis Report" option in "Analysis and Synthesis Settings -> More Settings" to "Off".


+-------------------------------------------------------------------------------------------------------------------------+
; Parameter Settings for Inferred Entity Instance: qc_ldpc_decoder_top:decoder|qc_vn_rom:vn_rom_inst|altsyncram:mem_rtl_0 ;
+------------------------------------+--------------------------------------------------------+---------------------------+
; Parameter Name                     ; Value                                                  ; Type                      ;
+------------------------------------+--------------------------------------------------------+---------------------------+
; BYTE_SIZE_BLOCK                    ; 8                                                      ; Untyped                   ;
; AUTO_CARRY_CHAINS                  ; ON                                                     ; AUTO_CARRY                ;
; IGNORE_CARRY_BUFFERS               ; OFF                                                    ; IGNORE_CARRY              ;
; AUTO_CASCADE_CHAINS                ; ON                                                     ; AUTO_CASCADE              ;
; IGNORE_CASCADE_BUFFERS             ; OFF                                                    ; IGNORE_CASCADE            ;
; WIDTH_BYTEENA                      ; 1                                                      ; Untyped                   ;
; OPERATION_MODE                     ; ROM                                                    ; Untyped                   ;
; WIDTH_A                            ; 8                                                      ; Untyped                   ;
; WIDTHAD_A                          ; 8                                                      ; Untyped                   ;
; NUMWORDS_A                         ; 192                                                    ; Untyped                   ;
; OUTDATA_REG_A                      ; UNREGISTERED                                           ; Untyped                   ;
; ADDRESS_ACLR_A                     ; NONE                                                   ; Untyped                   ;
; OUTDATA_ACLR_A                     ; NONE                                                   ; Untyped                   ;
; WRCONTROL_ACLR_A                   ; NONE                                                   ; Untyped                   ;
; INDATA_ACLR_A                      ; NONE                                                   ; Untyped                   ;
; BYTEENA_ACLR_A                     ; NONE                                                   ; Untyped                   ;
; WIDTH_B                            ; 1                                                      ; Untyped                   ;
; WIDTHAD_B                          ; 1                                                      ; Untyped                   ;
; NUMWORDS_B                         ; 1                                                      ; Untyped                   ;
; INDATA_REG_B                       ; CLOCK1                                                 ; Untyped                   ;
; WRCONTROL_WRADDRESS_REG_B          ; CLOCK1                                                 ; Untyped                   ;
; RDCONTROL_REG_B                    ; CLOCK1                                                 ; Untyped                   ;
; ADDRESS_REG_B                      ; CLOCK1                                                 ; Untyped                   ;
; OUTDATA_REG_B                      ; UNREGISTERED                                           ; Untyped                   ;
; BYTEENA_REG_B                      ; CLOCK1                                                 ; Untyped                   ;
; INDATA_ACLR_B                      ; NONE                                                   ; Untyped                   ;
; WRCONTROL_ACLR_B                   ; NONE                                                   ; Untyped                   ;
; ADDRESS_ACLR_B                     ; NONE                                                   ; Untyped                   ;
; OUTDATA_ACLR_B                     ; NONE                                                   ; Untyped                   ;
; RDCONTROL_ACLR_B                   ; NONE                                                   ; Untyped                   ;
; BYTEENA_ACLR_B                     ; NONE                                                   ; Untyped                   ;
; WIDTH_BYTEENA_A                    ; 1                                                      ; Untyped                   ;
; WIDTH_BYTEENA_B                    ; 1                                                      ; Untyped                   ;
; RAM_BLOCK_TYPE                     ; M10K                                                   ; Untyped                   ;
; BYTE_SIZE                          ; 8                                                      ; Untyped                   ;
; READ_DURING_WRITE_MODE_MIXED_PORTS ; DONT_CARE                                              ; Untyped                   ;
; READ_DURING_WRITE_MODE_PORT_A      ; NEW_DATA_NO_NBE_READ                                   ; Untyped                   ;
; READ_DURING_WRITE_MODE_PORT_B      ; NEW_DATA_NO_NBE_READ                                   ; Untyped                   ;
; INIT_FILE                          ; db/qc_ldpc_decoder_top.ram0_qc_vn_rom_136552aa.hdl.mif ; Untyped                   ;
; INIT_FILE_LAYOUT                   ; PORT_A                                                 ; Untyped                   ;
; MAXIMUM_DEPTH                      ; 0                                                      ; Untyped                   ;
; CLOCK_ENABLE_INPUT_A               ; NORMAL                                                 ; Untyped                   ;
; CLOCK_ENABLE_INPUT_B               ; NORMAL                                                 ; Untyped                   ;
; CLOCK_ENABLE_OUTPUT_A              ; NORMAL                                                 ; Untyped                   ;
; CLOCK_ENABLE_OUTPUT_B              ; NORMAL                                                 ; Untyped                   ;
; CLOCK_ENABLE_CORE_A                ; USE_INPUT_CLKEN                                        ; Untyped                   ;
; CLOCK_ENABLE_CORE_B                ; USE_INPUT_CLKEN                                        ; Untyped                   ;
; ENABLE_ECC                         ; FALSE                                                  ; Untyped                   ;
; ECC_PIPELINE_STAGE_ENABLED         ; FALSE                                                  ; Untyped                   ;
; WIDTH_ECCSTATUS                    ; 3                                                      ; Untyped                   ;
; DEVICE_FAMILY                      ; Cyclone V                                              ; Untyped                   ;
; CBXI_PARAMETER                     ; altsyncram_jdg1                                        ; Untyped                   ;
+------------------------------------+--------------------------------------------------------+---------------------------+
Note: In order to hide this table in the UI and the text report file, please set the "Show Parameter Settings in Synthesis Report" option in "Analysis and Synthesis Settings -> More Settings" to "Off".


+-------------------------------------------------------------------------------------------------------------------------+
; Parameter Settings for Inferred Entity Instance: qc_ldpc_decoder_top:decoder|qc_cn_rom:cn_rom_inst|altsyncram:mem_rtl_0 ;
+------------------------------------+--------------------------------------------------------+---------------------------+
; Parameter Name                     ; Value                                                  ; Type                      ;
+------------------------------------+--------------------------------------------------------+---------------------------+
; BYTE_SIZE_BLOCK                    ; 8                                                      ; Untyped                   ;
; AUTO_CARRY_CHAINS                  ; ON                                                     ; AUTO_CARRY                ;
; IGNORE_CARRY_BUFFERS               ; OFF                                                    ; IGNORE_CARRY              ;
; AUTO_CASCADE_CHAINS                ; ON                                                     ; AUTO_CASCADE              ;
; IGNORE_CASCADE_BUFFERS             ; OFF                                                    ; IGNORE_CASCADE            ;
; WIDTH_BYTEENA                      ; 1                                                      ; Untyped                   ;
; OPERATION_MODE                     ; ROM                                                    ; Untyped                   ;
; WIDTH_A                            ; 9                                                      ; Untyped                   ;
; WIDTHAD_A                          ; 8                                                      ; Untyped                   ;
; NUMWORDS_A                         ; 192                                                    ; Untyped                   ;
; OUTDATA_REG_A                      ; UNREGISTERED                                           ; Untyped                   ;
; ADDRESS_ACLR_A                     ; NONE                                                   ; Untyped                   ;
; OUTDATA_ACLR_A                     ; NONE                                                   ; Untyped                   ;
; WRCONTROL_ACLR_A                   ; NONE                                                   ; Untyped                   ;
; INDATA_ACLR_A                      ; NONE                                                   ; Untyped                   ;
; BYTEENA_ACLR_A                     ; NONE                                                   ; Untyped                   ;
; WIDTH_B                            ; 1                                                      ; Untyped                   ;
; WIDTHAD_B                          ; 1                                                      ; Untyped                   ;
; NUMWORDS_B                         ; 1                                                      ; Untyped                   ;
; INDATA_REG_B                       ; CLOCK1                                                 ; Untyped                   ;
; WRCONTROL_WRADDRESS_REG_B          ; CLOCK1                                                 ; Untyped                   ;
; RDCONTROL_REG_B                    ; CLOCK1                                                 ; Untyped                   ;
; ADDRESS_REG_B                      ; CLOCK1                                                 ; Untyped                   ;
; OUTDATA_REG_B                      ; UNREGISTERED                                           ; Untyped                   ;
; BYTEENA_REG_B                      ; CLOCK1                                                 ; Untyped                   ;
; INDATA_ACLR_B                      ; NONE                                                   ; Untyped                   ;
; WRCONTROL_ACLR_B                   ; NONE                                                   ; Untyped                   ;
; ADDRESS_ACLR_B                     ; NONE                                                   ; Untyped                   ;
; OUTDATA_ACLR_B                     ; NONE                                                   ; Untyped                   ;
; RDCONTROL_ACLR_B                   ; NONE                                                   ; Untyped                   ;
; BYTEENA_ACLR_B                     ; NONE                                                   ; Untyped                   ;
; WIDTH_BYTEENA_A                    ; 1                                                      ; Untyped                   ;
; WIDTH_BYTEENA_B                    ; 1                                                      ; Untyped                   ;
; RAM_BLOCK_TYPE                     ; M10K                                                   ; Untyped                   ;
; BYTE_SIZE                          ; 8                                                      ; Untyped                   ;
; READ_DURING_WRITE_MODE_MIXED_PORTS ; DONT_CARE                                              ; Untyped                   ;
; READ_DURING_WRITE_MODE_PORT_A      ; NEW_DATA_NO_NBE_READ                                   ; Untyped                   ;
; READ_DURING_WRITE_MODE_PORT_B      ; NEW_DATA_NO_NBE_READ                                   ; Untyped                   ;
; INIT_FILE                          ; db/qc_ldpc_decoder_top.ram0_qc_cn_rom_1142da0c.hdl.mif ; Untyped                   ;
; INIT_FILE_LAYOUT                   ; PORT_A                                                 ; Untyped                   ;
; MAXIMUM_DEPTH                      ; 0                                                      ; Untyped                   ;
; CLOCK_ENABLE_INPUT_A               ; NORMAL                                                 ; Untyped                   ;
; CLOCK_ENABLE_INPUT_B               ; NORMAL                                                 ; Untyped                   ;
; CLOCK_ENABLE_OUTPUT_A              ; NORMAL                                                 ; Untyped                   ;
; CLOCK_ENABLE_OUTPUT_B              ; NORMAL                                                 ; Untyped                   ;
; CLOCK_ENABLE_CORE_A                ; USE_INPUT_CLKEN                                        ; Untyped                   ;
; CLOCK_ENABLE_CORE_B                ; USE_INPUT_CLKEN                                        ; Untyped                   ;
; ENABLE_ECC                         ; FALSE                                                  ; Untyped                   ;
; ECC_PIPELINE_STAGE_ENABLED         ; FALSE                                                  ; Untyped                   ;
; WIDTH_ECCSTATUS                    ; 3                                                      ; Untyped                   ;
; DEVICE_FAMILY                      ; Cyclone V                                              ; Untyped                   ;
; CBXI_PARAMETER                     ; altsyncram_9eg1                                        ; Untyped                   ;
+------------------------------------+--------------------------------------------------------+---------------------------+
Note: In order to hide this table in the UI and the text report file, please set the "Show Parameter Settings in Synthesis Report" option in "Analysis and Synthesis Settings -> More Settings" to "Off".


+------------------------------------------------------------------------------------------------------------------------------------+
; altsyncram Parameter Settings by Entity Instance                                                                                   ;
+-------------------------------------------+----------------------------------------------------------------------------------------+
; Name                                      ; Value                                                                                  ;
+-------------------------------------------+----------------------------------------------------------------------------------------+
; Number of entity instances                ; 3                                                                                      ;
; Entity Instance                           ; qc_ldpc_decoder_top:decoder|qc_vn_cn_slot_rom:vn_cn_slot_rom_inst|altsyncram:mem_rtl_0 ;
;     -- OPERATION_MODE                     ; ROM                                                                                    ;
;     -- WIDTH_A                            ; 3                                                                                      ;
;     -- NUMWORDS_A                         ; 192                                                                                    ;
;     -- OUTDATA_REG_A                      ; UNREGISTERED                                                                           ;
;     -- WIDTH_B                            ; 1                                                                                      ;
;     -- NUMWORDS_B                         ; 1                                                                                      ;
;     -- ADDRESS_REG_B                      ; CLOCK1                                                                                 ;
;     -- OUTDATA_REG_B                      ; UNREGISTERED                                                                           ;
;     -- RAM_BLOCK_TYPE                     ; M10K                                                                                   ;
;     -- READ_DURING_WRITE_MODE_MIXED_PORTS ; DONT_CARE                                                                              ;
; Entity Instance                           ; qc_ldpc_decoder_top:decoder|qc_vn_rom:vn_rom_inst|altsyncram:mem_rtl_0                 ;
;     -- OPERATION_MODE                     ; ROM                                                                                    ;
;     -- WIDTH_A                            ; 8                                                                                      ;
;     -- NUMWORDS_A                         ; 192                                                                                    ;
;     -- OUTDATA_REG_A                      ; UNREGISTERED                                                                           ;
;     -- WIDTH_B                            ; 1                                                                                      ;
;     -- NUMWORDS_B                         ; 1                                                                                      ;
;     -- ADDRESS_REG_B                      ; CLOCK1                                                                                 ;
;     -- OUTDATA_REG_B                      ; UNREGISTERED                                                                           ;
;     -- RAM_BLOCK_TYPE                     ; M10K                                                                                   ;
;     -- READ_DURING_WRITE_MODE_MIXED_PORTS ; DONT_CARE                                                                              ;
; Entity Instance                           ; qc_ldpc_decoder_top:decoder|qc_cn_rom:cn_rom_inst|altsyncram:mem_rtl_0                 ;
;     -- OPERATION_MODE                     ; ROM                                                                                    ;
;     -- WIDTH_A                            ; 9                                                                                      ;
;     -- NUMWORDS_A                         ; 192                                                                                    ;
;     -- OUTDATA_REG_A                      ; UNREGISTERED                                                                           ;
;     -- WIDTH_B                            ; 1                                                                                      ;
;     -- NUMWORDS_B                         ; 1                                                                                      ;
;     -- ADDRESS_REG_B                      ; CLOCK1                                                                                 ;
;     -- OUTDATA_REG_B                      ; UNREGISTERED                                                                           ;
;     -- RAM_BLOCK_TYPE                     ; M10K                                                                                   ;
;     -- READ_DURING_WRITE_MODE_MIXED_PORTS ; DONT_CARE                                                                              ;
+-------------------------------------------+----------------------------------------------------------------------------------------+


+----------------------------------------------------------------------------------------------------------------------------+
; Port Connectivity Checks: "qc_ldpc_decoder_top:decoder"                                                                    ;
+------------------+--------+----------+-------------------------------------------------------------------------------------+
; Port             ; Type   ; Severity ; Details                                                                             ;
+------------------+--------+----------+-------------------------------------------------------------------------------------+
; llr_in[7..6]     ; Input  ; Info     ; Stuck at GND                                                                        ;
; llr_in[4..0]     ; Input  ; Info     ; Stuck at GND                                                                        ;
; llr_in[5]        ; Input  ; Info     ; Stuck at VCC                                                                        ;
; decoded_bit_addr ; Output ; Info     ; Connected to dangling logic. Logic that only feeds a dangling port will be removed. ;
+------------------+--------+----------+-------------------------------------------------------------------------------------+


+-----------------------------------------------------+
; Post-Synthesis Netlist Statistics for Top Partition ;
+-----------------------+-----------------------------+
; Type                  ; Count                       ;
+-----------------------+-----------------------------+
; arriav_ff             ; 27606                       ;
;     CLR               ; 50                          ;
;     ENA               ; 25379                       ;
;     ENA CLR           ; 1341                        ;
;     ENA CLR SCLR      ; 97                          ;
;     ENA CLR SLD       ; 592                         ;
;     ENA SCLR          ; 128                         ;
;     ENA SLD           ; 16                          ;
;     plain             ; 3                           ;
; arriav_lcell_comb     ; 13496                       ;
;     arith             ; 1563                        ;
;         0 data inputs ; 72                          ;
;         1 data inputs ; 431                         ;
;         2 data inputs ; 165                         ;
;         3 data inputs ; 501                         ;
;         4 data inputs ; 104                         ;
;         5 data inputs ; 290                         ;
;     extend            ; 43                          ;
;         7 data inputs ; 43                          ;
;     normal            ; 11514                       ;
;         0 data inputs ; 1                           ;
;         1 data inputs ; 19                          ;
;         2 data inputs ; 429                         ;
;         3 data inputs ; 196                         ;
;         4 data inputs ; 852                         ;
;         5 data inputs ; 569                         ;
;         6 data inputs ; 9448                        ;
;     shared            ; 376                         ;
;         0 data inputs ; 1                           ;
;         1 data inputs ; 1                           ;
;         2 data inputs ; 362                         ;
;         3 data inputs ; 12                          ;
; boundary_port         ; 15                          ;
; stratixv_ram_block    ; 14                          ;
;                       ;                             ;
; Max LUT depth         ; 8.80                        ;
; Average LUT depth     ; 4.08                        ;
+-----------------------+-----------------------------+


+-------------------------------+
; Elapsed Time Per Partition    ;
+----------------+--------------+
; Partition Name ; Elapsed Time ;
+----------------+--------------+
; Top            ; 00:01:05     ;
+----------------+--------------+


+-------------------------------+
; Analysis & Synthesis Messages ;
+-------------------------------+
Info: *******************************************************************
Info: Running Quartus Prime Analysis & Synthesis
    Info: Version 22.1std.2 Build 922 07/20/2023 SC Lite Edition
    Info: Processing started: Sun Aug 16 15:18:45 2026
Info: Command: quartus_map --read_settings_files=on --write_settings_files=off ldpc_qc_decoder -c qc_ldpc_decoder_top
Warning (18236): Number of processors has not been specified which may cause overloading on shared machines.  Set the global assignment NUM_PARALLEL_PROCESSORS in your QSF to an appropriate value for best performance.
Info (20030): Parallel compilation is enabled and will use 16 of the 16 processors detected
Info (12021): Found 1 design units, including 1 entities, in source file /users/moahs/workspace/ldpc-fpga-decoder/fpga/rtl/cnu.sv
    Info (12023): Found entity 1: cnu File: C:/Users/moahs/Workspace/LDPC-FPGA-Decoder/fpga/rtl/cnu.sv Line: 17
Info (12021): Found 1 design units, including 1 entities, in source file /users/moahs/workspace/ldpc-fpga-decoder/fpga/rtl/syndrome_checker.sv
    Info (12023): Found entity 1: syndrome_checker File: C:/Users/moahs/Workspace/LDPC-FPGA-Decoder/fpga/rtl/syndrome_checker.sv Line: 1
Info (12021): Found 1 design units, including 1 entities, in source file /users/moahs/workspace/ldpc-fpga-decoder/fpga/rtl/vnu.sv
    Info (12023): Found entity 1: vnu File: C:/Users/moahs/Workspace/LDPC-FPGA-Decoder/fpga/rtl/vnu.sv Line: 1
Info (12021): Found 1 design units, including 1 entities, in source file /users/moahs/workspace/ldpc-fpga-decoder/fpga/rtl/qc_ldpc_decoder_top.sv
    Info (12023): Found entity 1: qc_ldpc_decoder_top File: C:/Users/moahs/Workspace/LDPC-FPGA-Decoder/fpga/rtl/qc_ldpc_decoder_top.sv Line: 10
Info (12021): Found 1 design units, including 1 entities, in source file /users/moahs/workspace/ldpc-fpga-decoder/fpga/rtl/qc_iteration_controller.sv
    Info (12023): Found entity 1: qc_iteration_controller File: C:/Users/moahs/Workspace/LDPC-FPGA-Decoder/fpga/rtl/qc_iteration_controller.sv Line: 11
Info (12021): Found 1 design units, including 1 entities, in source file /users/moahs/workspace/ldpc-fpga-decoder/fpga/rtl/qc_llr_bank.sv
    Info (12023): Found entity 1: qc_llr_bank File: C:/Users/moahs/Workspace/LDPC-FPGA-Decoder/fpga/rtl/qc_llr_bank.sv Line: 9
Info (12021): Found 1 design units, including 1 entities, in source file /users/moahs/workspace/ldpc-fpga-decoder/fpga/rtl/qc_vc_bank.sv
    Info (12023): Found entity 1: qc_vc_bank File: C:/Users/moahs/Workspace/LDPC-FPGA-Decoder/fpga/rtl/qc_vc_bank.sv Line: 10
Info (12021): Found 1 design units, including 1 entities, in source file /users/moahs/workspace/ldpc-fpga-decoder/fpga/rtl/qc_cv_bank.sv
    Info (12023): Found entity 1: qc_cv_bank File: C:/Users/moahs/Workspace/LDPC-FPGA-Decoder/fpga/rtl/qc_cv_bank.sv Line: 7
Info (12021): Found 1 design units, including 1 entities, in source file /users/moahs/workspace/ldpc-fpga-decoder/fpga/rtl/barrel_shifter.sv
    Info (12023): Found entity 1: barrel_shifter File: C:/Users/moahs/Workspace/LDPC-FPGA-Decoder/fpga/rtl/barrel_shifter.sv Line: 7
Info (12021): Found 1 design units, including 1 entities, in source file /users/moahs/workspace/ldpc-fpga-decoder/fpga/rtl/qc_cn_rom.sv
    Info (12023): Found entity 1: qc_cn_rom File: C:/Users/moahs/Workspace/LDPC-FPGA-Decoder/fpga/rtl/qc_cn_rom.sv Line: 6
Info (12021): Found 1 design units, including 1 entities, in source file /users/moahs/workspace/ldpc-fpga-decoder/fpga/rtl/qc_vn_rom.sv
    Info (12023): Found entity 1: qc_vn_rom File: C:/Users/moahs/Workspace/LDPC-FPGA-Decoder/fpga/rtl/qc_vn_rom.sv Line: 6
Info (12021): Found 1 design units, including 1 entities, in source file /users/moahs/workspace/ldpc-fpga-decoder/fpga/rtl/qc_vn_cn_slot_rom.sv
    Info (12023): Found entity 1: qc_vn_cn_slot_rom File: C:/Users/moahs/Workspace/LDPC-FPGA-Decoder/fpga/rtl/qc_vn_cn_slot_rom.sv Line: 8
Info (12021): Found 1 design units, including 1 entities, in source file /users/moahs/workspace/ldpc-fpga-decoder/fpga/rtl/qc_row_weight_rom.sv
    Info (12023): Found entity 1: qc_row_weight_rom File: C:/Users/moahs/Workspace/LDPC-FPGA-Decoder/fpga/rtl/qc_row_weight_rom.sv Line: 6
Info (12021): Found 1 design units, including 1 entities, in source file /users/moahs/workspace/ldpc-fpga-decoder/fpga/rtl/qc_col_weight_rom.sv
    Info (12023): Found entity 1: qc_col_weight_rom File: C:/Users/moahs/Workspace/LDPC-FPGA-Decoder/fpga/rtl/qc_col_weight_rom.sv Line: 6
Info (12021): Found 1 design units, including 1 entities, in source file /users/moahs/workspace/ldpc-fpga-decoder/fpga/rtl/de1_soc_ldpc_top.sv
    Info (12023): Found entity 1: de1_soc_ldpc_top File: C:/Users/moahs/Workspace/LDPC-FPGA-Decoder/fpga/rtl/de1_soc_ldpc_top.sv Line: 11
Info (12127): Elaborating entity "de1_soc_ldpc_top" for the top level hierarchy
Info (12128): Elaborating entity "qc_ldpc_decoder_top" for hierarchy "qc_ldpc_decoder_top:decoder" File: C:/Users/moahs/Workspace/LDPC-FPGA-Decoder/fpga/rtl/de1_soc_ldpc_top.sv Line: 95
Info (10008): Verilog HDL or VHDL information: EDA Netlist Writer cannot regroup multidimensional array "cnu_msg_in" into its bus
Info (10008): Verilog HDL or VHDL information: EDA Netlist Writer cannot regroup multidimensional array "cnu_msg_out" into its bus
Info (10008): Verilog HDL or VHDL information: EDA Netlist Writer cannot regroup multidimensional array "vnu_msg_in" into its bus
Info (10008): Verilog HDL or VHDL information: EDA Netlist Writer cannot regroup multidimensional array "vnu_extrinsic" into its bus
Info (12128): Elaborating entity "qc_llr_bank" for hierarchy "qc_ldpc_decoder_top:decoder|qc_llr_bank:llr_bank_inst" File: C:/Users/moahs/Workspace/LDPC-FPGA-Decoder/fpga/rtl/qc_ldpc_decoder_top.sv Line: 47
Info (12128): Elaborating entity "qc_vc_bank" for hierarchy "qc_ldpc_decoder_top:decoder|qc_vc_bank:vc_bank_inst" File: C:/Users/moahs/Workspace/LDPC-FPGA-Decoder/fpga/rtl/qc_ldpc_decoder_top.sv Line: 69
Info (12128): Elaborating entity "qc_cv_bank" for hierarchy "qc_ldpc_decoder_top:decoder|qc_cv_bank:cv_bank_inst" File: C:/Users/moahs/Workspace/LDPC-FPGA-Decoder/fpga/rtl/qc_ldpc_decoder_top.sv Line: 75
Info (12128): Elaborating entity "qc_cn_rom" for hierarchy "qc_ldpc_decoder_top:decoder|qc_cn_rom:cn_rom_inst" File: C:/Users/moahs/Workspace/LDPC-FPGA-Decoder/fpga/rtl/qc_ldpc_decoder_top.sv Line: 88
Warning (10030): Net "mem.data_a" at qc_cn_rom.sv(15) has no driver or initial value, using a default initial value '0' File: C:/Users/moahs/Workspace/LDPC-FPGA-Decoder/fpga/rtl/qc_cn_rom.sv Line: 15
Warning (10030): Net "mem.waddr_a" at qc_cn_rom.sv(15) has no driver or initial value, using a default initial value '0' File: C:/Users/moahs/Workspace/LDPC-FPGA-Decoder/fpga/rtl/qc_cn_rom.sv Line: 15
Warning (10030): Net "mem.we_a" at qc_cn_rom.sv(15) has no driver or initial value, using a default initial value '0' File: C:/Users/moahs/Workspace/LDPC-FPGA-Decoder/fpga/rtl/qc_cn_rom.sv Line: 15
Info (12128): Elaborating entity "qc_vn_rom" for hierarchy "qc_ldpc_decoder_top:decoder|qc_vn_rom:vn_rom_inst" File: C:/Users/moahs/Workspace/LDPC-FPGA-Decoder/fpga/rtl/qc_ldpc_decoder_top.sv Line: 90
Warning (10030): Net "mem.data_a" at qc_vn_rom.sv(15) has no driver or initial value, using a default initial value '0' File: C:/Users/moahs/Workspace/LDPC-FPGA-Decoder/fpga/rtl/qc_vn_rom.sv Line: 15
Warning (10030): Net "mem.waddr_a" at qc_vn_rom.sv(15) has no driver or initial value, using a default initial value '0' File: C:/Users/moahs/Workspace/LDPC-FPGA-Decoder/fpga/rtl/qc_vn_rom.sv Line: 15
Warning (10030): Net "mem.we_a" at qc_vn_rom.sv(15) has no driver or initial value, using a default initial value '0' File: C:/Users/moahs/Workspace/LDPC-FPGA-Decoder/fpga/rtl/qc_vn_rom.sv Line: 15
Info (12128): Elaborating entity "qc_vn_cn_slot_rom" for hierarchy "qc_ldpc_decoder_top:decoder|qc_vn_cn_slot_rom:vn_cn_slot_rom_inst" File: C:/Users/moahs/Workspace/LDPC-FPGA-Decoder/fpga/rtl/qc_ldpc_decoder_top.sv Line: 92
Warning (10030): Net "mem.data_a" at qc_vn_cn_slot_rom.sv(17) has no driver or initial value, using a default initial value '0' File: C:/Users/moahs/Workspace/LDPC-FPGA-Decoder/fpga/rtl/qc_vn_cn_slot_rom.sv Line: 17
Warning (10030): Net "mem.waddr_a" at qc_vn_cn_slot_rom.sv(17) has no driver or initial value, using a default initial value '0' File: C:/Users/moahs/Workspace/LDPC-FPGA-Decoder/fpga/rtl/qc_vn_cn_slot_rom.sv Line: 17
Warning (10030): Net "mem.we_a" at qc_vn_cn_slot_rom.sv(17) has no driver or initial value, using a default initial value '0' File: C:/Users/moahs/Workspace/LDPC-FPGA-Decoder/fpga/rtl/qc_vn_cn_slot_rom.sv Line: 17
Info (12128): Elaborating entity "barrel_shifter" for hierarchy "qc_ldpc_decoder_top:decoder|barrel_shifter:shifter_inst" File: C:/Users/moahs/Workspace/LDPC-FPGA-Decoder/fpga/rtl/qc_ldpc_decoder_top.sv Line: 102
Info (12128): Elaborating entity "cnu" for hierarchy "qc_ldpc_decoder_top:decoder|cnu:cnu_array[0].cnu_inst" File: C:/Users/moahs/Workspace/LDPC-FPGA-Decoder/fpga/rtl/qc_ldpc_decoder_top.sv Line: 125
Info (12128): Elaborating entity "vnu" for hierarchy "qc_ldpc_decoder_top:decoder|vnu:vnu_array[0].vnu_inst" File: C:/Users/moahs/Workspace/LDPC-FPGA-Decoder/fpga/rtl/qc_ldpc_decoder_top.sv Line: 153
Warning (10230): Verilog HDL assignment warning at vnu.sv(22): truncated value with size 32 to match size of target (13) File: C:/Users/moahs/Workspace/LDPC-FPGA-Decoder/fpga/rtl/vnu.sv Line: 22
Warning (10230): Verilog HDL assignment warning at vnu.sv(23): truncated value with size 32 to match size of target (13) File: C:/Users/moahs/Workspace/LDPC-FPGA-Decoder/fpga/rtl/vnu.sv Line: 23
Info (12128): Elaborating entity "syndrome_checker" for hierarchy "qc_ldpc_decoder_top:decoder|syndrome_checker:syndrome_inst" File: C:/Users/moahs/Workspace/LDPC-FPGA-Decoder/fpga/rtl/qc_ldpc_decoder_top.sv Line: 182
Info (12128): Elaborating entity "qc_row_weight_rom" for hierarchy "qc_ldpc_decoder_top:decoder|qc_row_weight_rom:row_w_rom_inst" File: C:/Users/moahs/Workspace/LDPC-FPGA-Decoder/fpga/rtl/qc_ldpc_decoder_top.sv Line: 229
Warning (10030): Net "mem.data_a" at qc_row_weight_rom.sv(14) has no driver or initial value, using a default initial value '0' File: C:/Users/moahs/Workspace/LDPC-FPGA-Decoder/fpga/rtl/qc_row_weight_rom.sv Line: 14
Warning (10030): Net "mem.waddr_a" at qc_row_weight_rom.sv(14) has no driver or initial value, using a default initial value '0' File: C:/Users/moahs/Workspace/LDPC-FPGA-Decoder/fpga/rtl/qc_row_weight_rom.sv Line: 14
Warning (10030): Net "mem.we_a" at qc_row_weight_rom.sv(14) has no driver or initial value, using a default initial value '0' File: C:/Users/moahs/Workspace/LDPC-FPGA-Decoder/fpga/rtl/qc_row_weight_rom.sv Line: 14
Info (12128): Elaborating entity "qc_col_weight_rom" for hierarchy "qc_ldpc_decoder_top:decoder|qc_col_weight_rom:col_w_rom_inst" File: C:/Users/moahs/Workspace/LDPC-FPGA-Decoder/fpga/rtl/qc_ldpc_decoder_top.sv Line: 231
Warning (10030): Net "mem.data_a" at qc_col_weight_rom.sv(14) has no driver or initial value, using a default initial value '0' File: C:/Users/moahs/Workspace/LDPC-FPGA-Decoder/fpga/rtl/qc_col_weight_rom.sv Line: 14
Warning (10030): Net "mem.waddr_a" at qc_col_weight_rom.sv(14) has no driver or initial value, using a default initial value '0' File: C:/Users/moahs/Workspace/LDPC-FPGA-Decoder/fpga/rtl/qc_col_weight_rom.sv Line: 14
Warning (10030): Net "mem.we_a" at qc_col_weight_rom.sv(14) has no driver or initial value, using a default initial value '0' File: C:/Users/moahs/Workspace/LDPC-FPGA-Decoder/fpga/rtl/qc_col_weight_rom.sv Line: 14
Info (12128): Elaborating entity "qc_iteration_controller" for hierarchy "qc_ldpc_decoder_top:decoder|qc_iteration_controller:ctrl_inst" File: C:/Users/moahs/Workspace/LDPC-FPGA-Decoder/fpga/rtl/qc_ldpc_decoder_top.sv Line: 270
Warning (10036): Verilog HDL or VHDL warning at qc_iteration_controller.sv(122): object "lat_cn_bcol" assigned a value but never read File: C:/Users/moahs/Workspace/LDPC-FPGA-Decoder/fpga/rtl/qc_iteration_controller.sv Line: 122
Info (10008): Verilog HDL or VHDL information: EDA Netlist Writer cannot regroup multidimensional array "cnu_msg_in" into its bus
Info (10008): Verilog HDL or VHDL information: EDA Netlist Writer cannot regroup multidimensional array "cnu_msg_out" into its bus
Info (10008): Verilog HDL or VHDL information: EDA Netlist Writer cannot regroup multidimensional array "vnu_msg_in" into its bus
Info (10008): Verilog HDL or VHDL information: EDA Netlist Writer cannot regroup multidimensional array "vnu_extrinsic" into its bus
Info (10008): Verilog HDL or VHDL information: EDA Netlist Writer cannot regroup multidimensional array "cnu_buf" into its bus
Info (10008): Verilog HDL or VHDL information: EDA Netlist Writer cannot regroup multidimensional array "vnu_buf" into its bus
Info (10008): Verilog HDL or VHDL information: EDA Netlist Writer cannot regroup multidimensional array "cnu_msg_in" into its bus
Info (10008): Verilog HDL or VHDL information: EDA Netlist Writer cannot regroup multidimensional array "cnu_msg_out" into its bus
Info (10008): Verilog HDL or VHDL information: EDA Netlist Writer cannot regroup multidimensional array "vnu_msg_in" into its bus
Info (10008): Verilog HDL or VHDL information: EDA Netlist Writer cannot regroup multidimensional array "vnu_extrinsic" into its bus
Info (276014): Found 6 instances of uninferred RAM logic
    Info (276004): RAM logic "qc_ldpc_decoder_top:decoder|qc_iteration_controller:ctrl_inst|lat_cn_shift" is uninferred due to inappropriate RAM size File: C:/Users/moahs/Workspace/LDPC-FPGA-Decoder/fpga/rtl/qc_iteration_controller.sv Line: 123
    Info (276004): RAM logic "qc_ldpc_decoder_top:decoder|qc_iteration_controller:ctrl_inst|lat_vn_brow" is uninferred due to inappropriate RAM size File: C:/Users/moahs/Workspace/LDPC-FPGA-Decoder/fpga/rtl/qc_iteration_controller.sv Line: 124
    Info (276004): RAM logic "qc_ldpc_decoder_top:decoder|qc_iteration_controller:ctrl_inst|lat_vn_shift" is uninferred due to inappropriate RAM size File: C:/Users/moahs/Workspace/LDPC-FPGA-Decoder/fpga/rtl/qc_iteration_controller.sv Line: 125
    Info (276004): RAM logic "qc_ldpc_decoder_top:decoder|qc_iteration_controller:ctrl_inst|lat_vn_cn_slot" is uninferred due to inappropriate RAM size File: C:/Users/moahs/Workspace/LDPC-FPGA-Decoder/fpga/rtl/qc_iteration_controller.sv Line: 126
    Info (276004): RAM logic "qc_ldpc_decoder_top:decoder|qc_col_weight_rom:col_w_rom_inst|mem" is uninferred due to inappropriate RAM size File: C:/Users/moahs/Workspace/LDPC-FPGA-Decoder/fpga/rtl/qc_col_weight_rom.sv Line: 14
    Info (276004): RAM logic "qc_ldpc_decoder_top:decoder|qc_row_weight_rom:row_w_rom_inst|mem" is uninferred due to inappropriate RAM size File: C:/Users/moahs/Workspace/LDPC-FPGA-Decoder/fpga/rtl/qc_row_weight_rom.sv Line: 14
Info (19000): Inferred 3 megafunctions from design logic
    Info (276029): Inferred altsyncram megafunction from the following design logic: "qc_ldpc_decoder_top:decoder|qc_vn_cn_slot_rom:vn_cn_slot_rom_inst|mem_rtl_0" 
        Info (286033): Parameter OPERATION_MODE set to ROM
        Info (286033): Parameter WIDTH_A set to 3
        Info (286033): Parameter WIDTHAD_A set to 8
        Info (286033): Parameter NUMWORDS_A set to 192
        Info (286033): Parameter OUTDATA_REG_A set to UNREGISTERED
        Info (286033): Parameter ADDRESS_ACLR_A set to NONE
        Info (286033): Parameter OUTDATA_ACLR_A set to NONE
        Info (286033): Parameter INDATA_ACLR_A set to NONE
        Info (286033): Parameter WRCONTROL_ACLR_A set to NONE
        Info (286033): Parameter RAM_BLOCK_TYPE set to M10K
        Info (286033): Parameter INIT_FILE set to db/qc_ldpc_decoder_top.ram0_qc_vn_cn_slot_rom_394f0375.hdl.mif
    Info (276029): Inferred altsyncram megafunction from the following design logic: "qc_ldpc_decoder_top:decoder|qc_vn_rom:vn_rom_inst|mem_rtl_0" 
        Info (286033): Parameter OPERATION_MODE set to ROM
        Info (286033): Parameter WIDTH_A set to 8
        Info (286033): Parameter WIDTHAD_A set to 8
        Info (286033): Parameter NUMWORDS_A set to 192
        Info (286033): Parameter OUTDATA_REG_A set to UNREGISTERED
        Info (286033): Parameter ADDRESS_ACLR_A set to NONE
        Info (286033): Parameter OUTDATA_ACLR_A set to NONE
        Info (286033): Parameter INDATA_ACLR_A set to NONE
        Info (286033): Parameter WRCONTROL_ACLR_A set to NONE
        Info (286033): Parameter RAM_BLOCK_TYPE set to M10K
        Info (286033): Parameter INIT_FILE set to db/qc_ldpc_decoder_top.ram0_qc_vn_rom_136552aa.hdl.mif
    Info (276029): Inferred altsyncram megafunction from the following design logic: "qc_ldpc_decoder_top:decoder|qc_cn_rom:cn_rom_inst|mem_rtl_0" 
        Info (286033): Parameter OPERATION_MODE set to ROM
        Info (286033): Parameter WIDTH_A set to 9
        Info (286033): Parameter WIDTHAD_A set to 8
        Info (286033): Parameter NUMWORDS_A set to 192
        Info (286033): Parameter OUTDATA_REG_A set to UNREGISTERED
        Info (286033): Parameter ADDRESS_ACLR_A set to NONE
        Info (286033): Parameter OUTDATA_ACLR_A set to NONE
        Info (286033): Parameter INDATA_ACLR_A set to NONE
        Info (286033): Parameter WRCONTROL_ACLR_A set to NONE
        Info (286033): Parameter RAM_BLOCK_TYPE set to M10K
        Info (286033): Parameter INIT_FILE set to db/qc_ldpc_decoder_top.ram0_qc_cn_rom_1142da0c.hdl.mif
Info (12130): Elaborated megafunction instantiation "qc_ldpc_decoder_top:decoder|qc_vn_cn_slot_rom:vn_cn_slot_rom_inst|altsyncram:mem_rtl_0"
Info (12133): Instantiated megafunction "qc_ldpc_decoder_top:decoder|qc_vn_cn_slot_rom:vn_cn_slot_rom_inst|altsyncram:mem_rtl_0" with the following parameter:
    Info (12134): Parameter "OPERATION_MODE" = "ROM"
    Info (12134): Parameter "WIDTH_A" = "3"
    Info (12134): Parameter "WIDTHAD_A" = "8"
    Info (12134): Parameter "NUMWORDS_A" = "192"
    Info (12134): Parameter "OUTDATA_REG_A" = "UNREGISTERED"
    Info (12134): Parameter "ADDRESS_ACLR_A" = "NONE"
    Info (12134): Parameter "OUTDATA_ACLR_A" = "NONE"
    Info (12134): Parameter "INDATA_ACLR_A" = "NONE"
    Info (12134): Parameter "WRCONTROL_ACLR_A" = "NONE"
    Info (12134): Parameter "RAM_BLOCK_TYPE" = "M10K"
    Info (12134): Parameter "INIT_FILE" = "db/qc_ldpc_decoder_top.ram0_qc_vn_cn_slot_rom_394f0375.hdl.mif"
Info (12021): Found 1 design units, including 1 entities, in source file db/altsyncram_s6h1.tdf
    Info (12023): Found entity 1: altsyncram_s6h1 File: C:/Users/moahs/Workspace/LDPC-FPGA-Decoder/fpga/quartus/db/altsyncram_s6h1.tdf Line: 28
Info (12130): Elaborated megafunction instantiation "qc_ldpc_decoder_top:decoder|qc_vn_rom:vn_rom_inst|altsyncram:mem_rtl_0"
Info (12133): Instantiated megafunction "qc_ldpc_decoder_top:decoder|qc_vn_rom:vn_rom_inst|altsyncram:mem_rtl_0" with the following parameter:
    Info (12134): Parameter "OPERATION_MODE" = "ROM"
    Info (12134): Parameter "WIDTH_A" = "8"
    Info (12134): Parameter "WIDTHAD_A" = "8"
    Info (12134): Parameter "NUMWORDS_A" = "192"
    Info (12134): Parameter "OUTDATA_REG_A" = "UNREGISTERED"
    Info (12134): Parameter "ADDRESS_ACLR_A" = "NONE"
    Info (12134): Parameter "OUTDATA_ACLR_A" = "NONE"
    Info (12134): Parameter "INDATA_ACLR_A" = "NONE"
    Info (12134): Parameter "WRCONTROL_ACLR_A" = "NONE"
    Info (12134): Parameter "RAM_BLOCK_TYPE" = "M10K"
    Info (12134): Parameter "INIT_FILE" = "db/qc_ldpc_decoder_top.ram0_qc_vn_rom_136552aa.hdl.mif"
Info (12021): Found 1 design units, including 1 entities, in source file db/altsyncram_jdg1.tdf
    Info (12023): Found entity 1: altsyncram_jdg1 File: C:/Users/moahs/Workspace/LDPC-FPGA-Decoder/fpga/quartus/db/altsyncram_jdg1.tdf Line: 28
Info (12130): Elaborated megafunction instantiation "qc_ldpc_decoder_top:decoder|qc_cn_rom:cn_rom_inst|altsyncram:mem_rtl_0"
Info (12133): Instantiated megafunction "qc_ldpc_decoder_top:decoder|qc_cn_rom:cn_rom_inst|altsyncram:mem_rtl_0" with the following parameter:
    Info (12134): Parameter "OPERATION_MODE" = "ROM"
    Info (12134): Parameter "WIDTH_A" = "9"
    Info (12134): Parameter "WIDTHAD_A" = "8"
    Info (12134): Parameter "NUMWORDS_A" = "192"
    Info (12134): Parameter "OUTDATA_REG_A" = "UNREGISTERED"
    Info (12134): Parameter "ADDRESS_ACLR_A" = "NONE"
    Info (12134): Parameter "OUTDATA_ACLR_A" = "NONE"
    Info (12134): Parameter "INDATA_ACLR_A" = "NONE"
    Info (12134): Parameter "WRCONTROL_ACLR_A" = "NONE"
    Info (12134): Parameter "RAM_BLOCK_TYPE" = "M10K"
    Info (12134): Parameter "INIT_FILE" = "db/qc_ldpc_decoder_top.ram0_qc_cn_rom_1142da0c.hdl.mif"
Info (12021): Found 1 design units, including 1 entities, in source file db/altsyncram_9eg1.tdf
    Info (12023): Found entity 1: altsyncram_9eg1 File: C:/Users/moahs/Workspace/LDPC-FPGA-Decoder/fpga/quartus/db/altsyncram_9eg1.tdf Line: 28
Warning (14284): Synthesized away the following node(s):
    Warning (14285): Synthesized away the following RAM node(s):
        Warning (14320): Synthesized away node "qc_ldpc_decoder_top:decoder|qc_cn_rom:cn_rom_inst|altsyncram:mem_rtl_0|altsyncram_9eg1:auto_generated|ram_block1a3" File: C:/Users/moahs/Workspace/LDPC-FPGA-Decoder/fpga/quartus/db/altsyncram_9eg1.tdf Line: 98
        Warning (14320): Synthesized away node "qc_ldpc_decoder_top:decoder|qc_cn_rom:cn_rom_inst|altsyncram:mem_rtl_0|altsyncram_9eg1:auto_generated|ram_block1a4" File: C:/Users/moahs/Workspace/LDPC-FPGA-Decoder/fpga/quartus/db/altsyncram_9eg1.tdf Line: 119
        Warning (14320): Synthesized away node "qc_ldpc_decoder_top:decoder|qc_cn_rom:cn_rom_inst|altsyncram:mem_rtl_0|altsyncram_9eg1:auto_generated|ram_block1a5" File: C:/Users/moahs/Workspace/LDPC-FPGA-Decoder/fpga/quartus/db/altsyncram_9eg1.tdf Line: 140
        Warning (14320): Synthesized away node "qc_ldpc_decoder_top:decoder|qc_cn_rom:cn_rom_inst|altsyncram:mem_rtl_0|altsyncram_9eg1:auto_generated|ram_block1a6" File: C:/Users/moahs/Workspace/LDPC-FPGA-Decoder/fpga/quartus/db/altsyncram_9eg1.tdf Line: 161
        Warning (14320): Synthesized away node "qc_ldpc_decoder_top:decoder|qc_cn_rom:cn_rom_inst|altsyncram:mem_rtl_0|altsyncram_9eg1:auto_generated|ram_block1a7" File: C:/Users/moahs/Workspace/LDPC-FPGA-Decoder/fpga/quartus/db/altsyncram_9eg1.tdf Line: 182
        Warning (14320): Synthesized away node "qc_ldpc_decoder_top:decoder|qc_cn_rom:cn_rom_inst|altsyncram:mem_rtl_0|altsyncram_9eg1:auto_generated|ram_block1a8" File: C:/Users/moahs/Workspace/LDPC-FPGA-Decoder/fpga/quartus/db/altsyncram_9eg1.tdf Line: 203
Warning (13024): Output pins are stuck at VCC or GND
    Warning (13410): Pin "LEDR[5]" is stuck at GND File: C:/Users/moahs/Workspace/LDPC-FPGA-Decoder/fpga/rtl/de1_soc_ldpc_top.sv Line: 15
    Warning (13410): Pin "LEDR[6]" is stuck at GND File: C:/Users/moahs/Workspace/LDPC-FPGA-Decoder/fpga/rtl/de1_soc_ldpc_top.sv Line: 15
    Warning (13410): Pin "LEDR[7]" is stuck at GND File: C:/Users/moahs/Workspace/LDPC-FPGA-Decoder/fpga/rtl/de1_soc_ldpc_top.sv Line: 15
    Warning (13410): Pin "LEDR[8]" is stuck at GND File: C:/Users/moahs/Workspace/LDPC-FPGA-Decoder/fpga/rtl/de1_soc_ldpc_top.sv Line: 15
Info (286030): Timing-Driven Synthesis is running
Info (17049): 19 registers lost all their fanouts during netlist optimizations.
Info (144001): Generated suppressed messages file C:/Users/moahs/Workspace/LDPC-FPGA-Decoder/fpga/quartus/output_files/qc_ldpc_decoder_top.map.smsg
Info (16010): Generating hard_block partition "hard_block:auto_generated_inst"
    Info (16011): Adding 0 node(s), including 0 DDIO, 0 PLL, 0 transceiver and 0 LCELL
Warning (21074): Design contains 3 input pin(s) that do not drive logic
    Warning (15610): No output dependent on input pin "KEY[1]" File: C:/Users/moahs/Workspace/LDPC-FPGA-Decoder/fpga/rtl/de1_soc_ldpc_top.sv Line: 13
    Warning (15610): No output dependent on input pin "KEY[2]" File: C:/Users/moahs/Workspace/LDPC-FPGA-Decoder/fpga/rtl/de1_soc_ldpc_top.sv Line: 13
    Warning (15610): No output dependent on input pin "KEY[3]" File: C:/Users/moahs/Workspace/LDPC-FPGA-Decoder/fpga/rtl/de1_soc_ldpc_top.sv Line: 13
Info (21057): Implemented 39693 device resources after synthesis - the final resource count might be different
    Info (21058): Implemented 5 input pins
    Info (21059): Implemented 10 output pins
    Info (21061): Implemented 39664 logic cells
    Info (21064): Implemented 14 RAM segments
Info: Quartus Prime Analysis & Synthesis was successful. 0 errors, 36 warnings
    Info: Peak virtual memory: 5321 megabytes
    Info: Processing ended: Sun Aug 16 15:20:21 2026
    Info: Elapsed time: 00:01:36
    Info: Total CPU time (on all processors): 00:02:52


+------------------------------------------+
; Analysis & Synthesis Suppressed Messages ;
+------------------------------------------+
The suppressed messages can be found in C:/Users/moahs/Workspace/LDPC-FPGA-Decoder/fpga/quartus/output_files/qc_ldpc_decoder_top.map.smsg.


